DistName,RegnName,Year,ACT-Composite,ACT-Part_Rate,AP-11&12 Participating Students,AP-Total Exams,AP-Passed(%),AP-Exams Taken Per Student,Enrolled 4-Year,Total Graduated,Enrolled 4-Year (%),SAT-Total,SAT-Part_Rate,Wealth/ADA,Graduated 4-Year (%)
ALAMO HEIGHTS ISD,San Antonio,2011,24.2,51,336,739,66,2.2,73,379,19,1180,88,1098268,59
ALAMO HEIGHTS ISD,San Antonio,2012,23.9,52,355,836,66,2.4,101,374,27,1175,85,1061587,42
ALAMO HEIGHTS ISD,San Antonio,2013,24.7,65,328,753,69,2.3,102,355,29,1179,85,1056007,65
ALAMO HEIGHTS ISD,San Antonio,2014,24.7,59,292,668,74,2.3,104,353,29,1179,84,1081447,56
ALAMO HEIGHTS ISD,San Antonio,2015,24.5,60,295,668,72,2.3,75,369,20,1164,79,1137027,55.205
ALAMO HEIGHTS ISD,San Antonio,2016,24,65,320,755,77,2.4,95,380,25,1158,82,1179836,54.52
ALAMO HEIGHTS ISD,San Antonio,2017,24.5,63,314,740,75,2.4,118,411,29,1159,79,1296290,54.89
ALDINE ISD,Houston,2011,17.7,26,1399,2582,16,1.8,496,2991,17,959,52,227596,19
ALDINE ISD,Houston,2012,17.7,29,1359,2344,19,1.7,523,2980,18,956,49,210385,23
ALDINE ISD,Houston,2013,17.8,29,1240,2191,18,1.8,447,3052,15,938,52,211736,24
ALDINE ISD,Houston,2014,17.7,37,1545,2722,17,1.8,542,3080,18,948,53,215342,24
ALDINE ISD,Houston,2015,18.2,21,1736,3082.5,14,1.8,539,3370,16,873,88,231165,25.5
ALDINE ISD,Houston,2016,17.7,22,1615,3099,16,1.9,529,3556,15,846,94,253334,24.3
ALDINE ISD,Houston,2017,17.9,19,1501,2617,16,1.7,569,3665,16,876,93,293519,25.52
ALEDO ISD,Fort Worth,2011,24.9,49,243,520,63,2.1,97,372,26,1164,81,571536,47
ALEDO ISD,Fort Worth,2012,24.2,52,254,533,68,2.1,90,393,23,1154,70,578269,64
ALEDO ISD,Fort Worth,2013,23.9,52,270,563,61,2.1,82,349,23,1148,75,541482,50
ALEDO ISD,Fort Worth,2014,24.1,62,296,632,68,2.1,95,359,26,1147,75,520317,55
ALEDO ISD,Fort Worth,2015,24.2,60,310,728,61,2.3,103,420,25,1154,66,517205,55.245
ALEDO ISD,Fort Worth,2016,23.7,57,269,648,61,2.4,108,370,29,1140,67,507627,50.995
ALEDO ISD,Fort Worth,2017,24.3,56,288,669,56,2.3,101,402,25,1153,69,537553,55.355
ALIEF ISD,Houston,2011,18.2,19,1410,2791,22,2,492,2558,19,982,63,267266,23
ALIEF ISD,Houston,2012,18.2,21,1564,3182,19,2,455,2425,19,957,59,249968,20
ALIEF ISD,Houston,2013,18.1,23,1232,2164,28,1.8,461,2566,18,953,60,248959,27
ALIEF ISD,Houston,2014,18.2,25,1113,2132,33,1.9,504,2600,19,954,64,249467,27
ALIEF ISD,Houston,2015,18.8,20,1128,2122,28,1.9,503,2560,20,961,64,258678,27.99023766
ALIEF ISD,Houston,2016,18.4,15,1174,2425,29,2.1,453,2639,17,880,95,283387,28.02523766
ALIEF ISD,Houston,2017,19,13,1165,2444,29,2.1,516,2702,19,920,93,319295,27.53023766
ALLEN ISD,Richardson,2011,24.1,49,837,1796,60,2.1,221,1218,18,1155,76,390167,60
ALLEN ISD,Richardson,2012,24.1,45,864,2005,66,2.3,271,1215,22,1147,75,387115,49
ALLEN ISD,Richardson,2013,24.4,42,763,1783,72,2.3,257,1300,20,1166,70,388622,62
ALLEN ISD,Richardson,2014,24.1,46,850,2113,80,2.5,295,1407,21,1159,68,397446,60
ALLEN ISD,Richardson,2015,24.3,53,941,2317.5,82,2.5,357,1365,26,1177,68,415021,59.09
ALLEN ISD,Richardson,2016,24.4,49,1014,2407.5,79,2.4,351,1519,23,1153,68,445482,53.44
ALLEN ISD,Richardson,2017,25.3,46,1064,2985,78,2.8,390,1533,25,1130,94,497425,51.18
ALVIN ISD,Houston,2011,20.3,17,399,943,40,2.4,139,920,15,1024,54,216299,41
ALVIN ISD,Houston,2012,20.4,19,424,970,49,2.3,164,1021,16,1020,51,213786,31
ALVIN ISD,Houston,2013,20.6,18,398,848,48,2.1,188,1056,18,1043,46,213476,37
ALVIN ISD,Houston,2014,20.2,18,447,985,50,2.2,195,1022,19,1033,50,212809,39
ALVIN ISD,Houston,2015,20.8,19,578,1359,36,2.4,230,1194,19,1029,47,224168,39.45663586
ALVIN ISD,Houston,2016,20,18,577,1474,44,2.6,254,1317,19,1014,50,222517,36.975
ALVIN ISD,Houston,2017,20.6,14,656,1673,50,2.6,251,1330,19,978,76,229859,32.56244961
ANGLETON ISD,Houston,2011,21.3,9,101,198,39,2,88,463,19,1041,51,396881,47
ANGLETON ISD,Houston,2012,21.2,6,95,164,36,1.7,54,404,13,1028,40,359004,33
ANGLETON ISD,Houston,2013,19.9,12,116,218,34,1.9,65,473,14,1012,39,358284,37
ANGLETON ISD,Houston,2014,18.6,11,154,289,36,1.9,70,417,17,1035,43,360331,44
ANGLETON ISD,Houston,2015,20.3,12,190,341,14,1.8,70,412,17,1011,52,337541,33.52293329
ANGLETON ISD,Houston,2016,19.7,12,215,413,20,1.9,71,433,16,999,45,348473,31.49547532
ANGLETON ISD,Houston,2017,21.3,10,235,483,22,2.1,54,420,13,1048,38,378109,38.695
ARGYLE ISD,Fort Worth,2011,24.6,50,94,215,73,2.3,51,153,33,1157,84,598246,55
ARGYLE ISD,Fort Worth,2012,23.6,64,89,202,62,2.3,68,162,42,1138,80,599216,49
ARGYLE ISD,Fort Worth,2013,23.3,62,83,190,70,2.3,49,150,33,1144,71,607796,49
ARGYLE ISD,Fort Worth,2014,24.5,73,116,245,73,2.1,55,176,31,1158,81,574613,62
ARGYLE ISD,Fort Worth,2015,24.5,63,67,138,75,2.1,63,176,36,1178,73,553208,57.915
ARGYLE ISD,Fort Worth,2016,24,82,46,102,80,2.2,52,167,31,1158,64,544808,57.68
ARGYLE ISD,Fort Worth,2017,23.7,74,37,68,74,1.8,49,183,27,1162,64,567092,54.675
ARLINGTON ISD,Fort Worth,2011,21,25,1229,2662,43,2.2,807,3611,22,1065,65,338766,38
ARLINGTON ISD,Fort Worth,2012,20.9,23,1242,2584,43,2.1,749,3616,21,1065,61,314773,41
ARLINGTON ISD,Fort Worth,2013,20.8,23,1320,2812,44,2.1,790,3760,21,1051,58,316340,41
ARLINGTON ISD,Fort Worth,2014,20.7,29,1493,3126,46,2.1,790,3655,22,1044,61,325124,43
ARLINGTON ISD,Fort Worth,2015,20.1,27,1796,3773,37,2.1,800,3762,21,1021,64,341135,34.57
ARLINGTON ISD,Fort Worth,2016,20.7,28,2053,4623,35,2.3,829,3944,21,1012,62,351491,33.11721195
ARLINGTON ISD,Fort Worth,2017,20.8,26,2476,5773,34,2.3,895,4075,22,1026,61,368110,33.42221195
AUSTIN ISD,Austin,2011,21.3,33,3188,6933,49,2.2,855,4174,20,1091,73,793908,37
AUSTIN ISD,Austin,2012,21.4,34,2980,6346,54,2.1,873,4259,20,1093,65,751327,38
AUSTIN ISD,Austin,2013,21.5,35,3004,6244,53,2.1,858,4236,20,1104,64,768123,43
AUSTIN ISD,Austin,2014,21.9,36,2767.5,6749,55,2.4,898,4155,22,1103,68,805850,43
AUSTIN ISD,Austin,2015,22.2,38,3060,7699,57,2.5,889,4254,21,1102,66,867833,42.83450226
AUSTIN ISD,Austin,2016,22.5,38,3321,7676,59,2.3,922,4386,21,1093,68,969782,42.69950226
AUSTIN ISD,Austin,2017,22.5,36,3350,7909,61,2.4,866,4352,20,1098,65,1146668,40.1392534
AZLE ISD,Fort Worth,2011,22.3,21,73,129,47,1.8,55,342,16,1062,61,432477,36
AZLE ISD,Fort Worth,2012,21.7,23,82,132,40,1.6,46,346,13,1027,50,425292,37
AZLE ISD,Fort Worth,2013,21.4,28,94,164,34,1.7,69,388,18,1032,55,413243,25
AZLE ISD,Fort Worth,2014,22,29,118,211,36,1.8,64,385,17,1048,50,391884,38
AZLE ISD,Fort Worth,2015,21.3,24,131,228,34,1.7,55,403,14,1042,47,385407,38.185
AZLE ISD,Fort Worth,2016,20.5,25,122,221,38,1.8,54,453,12,1038,45,375480,41.18
AZLE ISD,Fort Worth,2017,20.8,21,108,194,32,1.8,45,416,11,1057,39,392810,39.27
BANDERA ISD,San Antonio,2011,23.1,51,124,263,19,2.1,41,192,21,1084,71,533528,39
BANDERA ISD,San Antonio,2012,20.8,40,54,87,37,1.6,36,172,21,1038,57,578911,28
BANDERA ISD,San Antonio,2013,20.9,52,47,85,34,1.8,29,168,17,1091,63,599874,52
BANDERA ISD,San Antonio,2014,22,45,30,52,50,1.7,40,162,25,1078,56,624854,28
BANDERA ISD,San Antonio,2015,22,47,44,70,57,1.6,28,149,19,1097,57,659994,50.53300905
BANDERA ISD,San Antonio,2016,22.1,42,39,65,42,1.7,38,176,22,1083,55,664723,40.94400453
BANDERA ISD,San Antonio,2017,21.2,39,28,71,58,2.5,29,149,19,1065,55,670540,48.62226245
BARBERS HILL ISD,Houston,2011,22.1,18,86,142,61,1.7,63,282,22,1101,60,751007,43
BARBERS HILL ISD,Houston,2012,21.8,23,70,103,51,1.5,57,270,21,1094,55,697273,44
BARBERS HILL ISD,Houston,2013,21.3,22,91,158,49,1.7,52,289,18,1063,61,789780,54
BARBERS HILL ISD,Houston,2014,21.7,26,156,269,55,1.7,65,332,20,1081,54,905494,46
BARBERS HILL ISD,Houston,2015,22.8,20,169,307,54,1.8,88,319,28,1109,53,883464,42.25450226
BARBERS HILL ISD,Houston,2016,22.5,20,191,382,62,2,56,315,18,1088,52,976033,45.16975113
BARBERS HILL ISD,Houston,2017,20.6,92,218,478,64,2.2,92,344,27,1094,40,1082616,47.87475113
BASTROP ISD,Austin,2011,19.4,15,247,506,34,2,112,525,21,1025,56,308882,26
BASTROP ISD,Austin,2012,20,15,112,221,59,2,89,515,17,1023,53,316748,30
BASTROP ISD,Austin,2013,20.1,12,126,263,51,2.1,94,617,15,1018,42,318564,28
BASTROP ISD,Austin,2014,20,18,135,270,44,2,97,569,17,1013,50,306454,39
BASTROP ISD,Austin,2015,19,17,272,617,22,2.3,92,578,16,1008,46,313113,30.52523766
BASTROP ISD,Austin,2016,18.7,25,347,758,27,2.2,129,721,18,1007,49,312909,31.205
BASTROP ISD,Austin,2017,19.3,21,353,818,32,2.3,132,679,19,1010,46,318106,30.53
BIRDVILLE ISD,Fort Worth,2011,22,30,909,2219,40,2.4,213,1446,15,1081,53,337577,38
BIRDVILLE ISD,Fort Worth,2012,21.8,31,944,2147,48,2.3,203,1353,15,1067,48,309498,44
BIRDVILLE ISD,Fort Worth,2013,21.4,34,940,2154,44,2.3,269,1471,18,1066,46,305372,49
BIRDVILLE ISD,Fort Worth,2014,21.4,35,971,2258,49,2.3,264,1480,18,1076,44,311982,46
BIRDVILLE ISD,Fort Worth,2015,21.5,35,1082,2730,45,2.5,262,1552,17,1060,45,317725,44.46
BIRDVILLE ISD,Fort Worth,2016,21.2,36,1054,2602,44,2.5,254,1518,17,1055,48,322629,42.385
BIRDVILLE ISD,Fort Worth,2017,21.4,36,1069,2583,44,2.4,253,1484,17,1073,52,338349,43.225
BOERNE ISD,San Antonio,2011,24.4,38,427,1183,61,2.8,181,506,36,1152,84,692549,45
BOERNE ISD,San Antonio,2012,24.4,49,445,1139,67,2.6,144,525,27,1151,73,689003,43
BOERNE ISD,San Antonio,2013,25,45,441,1203,68,2.7,175,569,31,1155,76,674863,57
BOERNE ISD,San Antonio,2014,24.3,46,453,1155,66,2.5,179,558,32,1155,74,687364,46
BOERNE ISD,San Antonio,2015,23.6,49,500,1323,57,2.6,155,557,28,1125,74,693152,45.96
BOERNE ISD,San Antonio,2016,23.9,53,557,1465,64,2.6,197,580,34,1132,78,683039,49.09
BOERNE ISD,San Antonio,2017,24,54,607,1579,62,2.6,206,654,31,1141,71,705406,50.545
BRAZOSPORT ISD,Houston,2011,22.1,17,240,508,58,2.1,129,874,15,1082,48,588257,48
BRAZOSPORT ISD,Houston,2012,22.2,21,211,434,66,2.1,121,785,15,1091,40,553129,56
BRAZOSPORT ISD,Houston,2013,21.7,24,191,356,65,1.9,126,759,17,1097,43,544943,48
BRAZOSPORT ISD,Houston,2014,22,19,186,382,69,2.1,130,736,18,1063,44,553287,55
BRAZOSPORT ISD,Houston,2015,22.5,17,301,603,40,2,119,793,15,1062,41,586183,45.09
BRAZOSPORT ISD,Houston,2016,19.6,57,308,616,43,2,126,802,16,1069,32,588141,44.805
BRAZOSPORT ISD,Houston,2017,19.9,58,302,693,43,2.3,91,807,11,1078,23,689681,46.38
BURLESON ISD,Fort Worth,2011,22.3,14,174,366,56,2.1,100,636,16,1068,53,379208,45
BURLESON ISD,Fort Worth,2012,21.2,22,281,579,48,2.1,93,607,15,1070,52,351767,48
BURLESON ISD,Fort Worth,2013,21.4,20,386,844,35,2.2,99,683,14,1050,55,338552,40
BURLESON ISD,Fort Worth,2014,21.7,23,491,1083,39,2.2,138,725,19,1048,57,330044,45
BURLESON ISD,Fort Worth,2015,22.1,20,535,1188,36,2.2,114,752,15,1056,54,314727,40.765
BURLESON ISD,Fort Worth,2016,21.1,26,496,1141,43,2.3,139,784,18,1044,61,317675,40.695
BURLESON ISD,Fort Worth,2017,21.5,25,456,1144,46,2.5,145,853,17,1066,55,322091,42.83
CARROLL ISD,Fort Worth,2011,25.7,82,491,1240,84,2.5,130,565,23,1219,93,732585,51
CARROLL ISD,Fort Worth,2012,26.1,77,526,1362,84,2.6,172,669,26,1234,84,714518,63
CARROLL ISD,Fort Worth,2013,26,79,524,1345,86,2.6,144,589,24,1239,78,724355,49
CARROLL ISD,Fort Worth,2014,26.6,81,633,1709,84,2.7,179,620,29,1244,82,725097,66
CARROLL ISD,Fort Worth,2015,26.6,85,685,1881,80,2.7,188,661,28,1257,74,747542,58.38
CARROLL ISD,Fort Worth,2016,26.8,84,694,2031,83,2.9,175,617,28,1256,76,776489,60.795
CARROLL ISD,Fort Worth,2017,27.1,85,771,2123,83,2.8,188,664,28,1261,70,803421,60.19
CARROLLTON-FARMERS BRANCH ISD,Richardson,2011,21.6,28,939,1871,53,2,318,1568,20,1083,63,555508,38
CARROLLTON-FARMERS BRANCH ISD,Richardson,2012,21.8,27,937,1988,53,2.1,281,1617,17,1082,60,524292,41
CARROLLTON-FARMERS BRANCH ISD,Richardson,2013,20.6,26,1026,2162,48,2.1,285,1671,17,1068,57,520350,37
CARROLLTON-FARMERS BRANCH ISD,Richardson,2014,21,25,995,2234,49,2.2,326,1641,20,1084,57,528929,48
CARROLLTON-FARMERS BRANCH ISD,Richardson,2015,21.1,24,967.5,2250,42,2.3,303,1650,18,1063,58,553416,38.615
CARROLLTON-FARMERS BRANCH ISD,Richardson,2016,20.4,26,1035,2047.5,42,2,276,1608,17,1048,56,587818,39.495
CARROLLTON-FARMERS BRANCH ISD,Richardson,2017,20.8,28,877.5,1957.5,49,2.2,321,1597,20,1058,57,651220,39.91
CASTLEBERRY ISD,Fort Worth,2011,19.6,15,94,184,16,2,35,172,20,983,61,144198,30.04753227
CASTLEBERRY ISD,Fort Worth,2012,19.8,9,86,154,12,1.8,23,164,14,1015,45,126550,43
CASTLEBERRY ISD,Fort Worth,2013,19.6,5,64,92,19,1.4,19,174,11,984,41,124494,32
CASTLEBERRY ISD,Fort Worth,2014,17.6,5,71,114,15,1.6,23,187,12,946,46,123049,26
CASTLEBERRY ISD,Fort Worth,2015,19,7,83,127,10,1.5,23,188,12,969,38,121183,36.85013689
CASTLEBERRY ISD,Fort Worth,2016,17.8,12,93,153,5,1.6,28,200,14,932,49,119204,29.12047532
CASTLEBERRY ISD,Fort Worth,2017,17.5,6,142,236,4,1.7,14,214,7,950,44,118337,29.77023766
CELINA ISD,Richardson,2011,22.6,97,85,152,32,1.8,28,115,24,1105,43,347996,50
CELINA ISD,Richardson,2012,22.8,86,82,138,59,1.7,24,145,17,1157,23,331019,50
CELINA ISD,Richardson,2013,22.2,75,74,128,55,1.7,36,148,24,1090,12,330339,53
CELINA ISD,Richardson,2014,21.9,69,77,107,47,1.4,25,134,19,1097,22,330842,72
CELINA ISD,Richardson,2015,21.7,70,88,112,38,1.3,25,152,16,1153,10,329084,59.9242534
CELINA ISD,Richardson,2016,22.2,70,92,118,50,1.3,31,173,18,1139,17,328523,61.83975113
CELINA ISD,Richardson,2017,22.7,70,109,146,59,1.3,42,163,26,1170,22,363462,55.11
CHANNELVIEW ISD,Houston,2011,17,11,159,278,41,1.7,53,491,11,983,42,286616,17
CHANNELVIEW ISD,Houston,2012,17.8,20,257,478,26,1.9,62,498,12,951,47,277548,24
CHANNELVIEW ISD,Houston,2013,17.7,20,288,616,22,2.1,59,481,12,977,42,271648,32
CHANNELVIEW ISD,Houston,2014,17.3,23,320,608,19,1.9,62,486,13,965,51,282106,27
CHANNELVIEW ISD,Houston,2015,17.7,24,276,539,23,2,86,498,17,983,51,303255,26.20047532
CHANNELVIEW ISD,Houston,2016,18.1,23,325,681,22,2.1,75,554,14,959,54,305450,26.49023766
CHANNELVIEW ISD,Houston,2017,18.6,19,295,574,21,1.9,69,609,11,977,51,304688,30.7
CLEAR CREEK ISD,Houston,2011,23.5,31,1504,3264,70,2.2,800,2671,30,1148,75,421864,44
CLEAR CREEK ISD,Houston,2012,23.5,32,1532,3264,71,2.1,737,2700,27,1146,71,412053,47
CLEAR CREEK ISD,Houston,2013,23.6,32,1634,3633,67,2.2,746,2797,27,1147,67,417074,48
CLEAR CREEK ISD,Houston,2014,24.1,36,1695,3831,72,2.3,875,2748,32,1149,68,417580,47
CLEAR CREEK ISD,Houston,2015,23.5,37,1665,3753,69,2.3,887,2981,30,1146,68,427252,47.08
CLEAR CREEK ISD,Houston,2016,23.4,39,1815,4188,66,2.3,823,2914,28,1140,63,443525,48.875
CLEAR CREEK ISD,Houston,2017,23.7,35,1767,4435,66,2.5,947,3018,31,1138,65,476015,48.7
CLEBURNE ISD,Fort Worth,2011,22.2,18,94,120,36,1.3,55,389,14,1063,41,529519,40
CLEBURNE ISD,Fort Worth,2012,22.3,14,113,166,32,1.5,76,418,18,1050,44,474731,32
CLEBURNE ISD,Fort Worth,2013,21,15,99,193,36,1.9,62,405,15,1025,44,472298,34
CLEBURNE ISD,Fort Worth,2014,21.7,15,165,340,34,2.1,71,394,18,1037,48,459469,39
CLEBURNE ISD,Fort Worth,2015,20.5,18,165,367,37,2.2,52,361,14,1024,45,435558,37.90721195
CLEBURNE ISD,Fort Worth,2016,19.6,11,169,351,34,2.1,63,437,14,1011,40,405497,34.405
CLEBURNE ISD,Fort Worth,2017,20.2,12,175,351,35,2,47,396,12,1009,43,412297,33.09047532
COMAL ISD,Austin,2011,22.1,29,583,1235,47,2.1,336,1159,29,1068,77,632631,35
COMAL ISD,Austin,2012,22,30,662,1399,42,2.1,295,1116,26,1073,67,601831,42
COMAL ISD,Austin,2013,22.3,34,696,1603,45,2.3,323,1232,26,1086,65,569987,45
COMAL ISD,Austin,2014,22.2,28,867,1965,44,2.3,379,1263,30,1082,64,565606,46
COMAL ISD,Austin,2015,22.4,29,891,2111,41,2.4,369,1380,27,1079,65,576218,41.43
COMAL ISD,Austin,2016,22.1,28,905,2091,49,2.3,369,1406,26,1077,63,607061,41.87
COMAL ISD,San Antonio,2017,22.6,36,946,2035,52,2.2,372,1490,25,1062,84,639769,37.95
COPPELL ISD,Richardson,2011,25.2,64,539,1062,71,2,249,727,34,1213,88,752664,49
COPPELL ISD,Richardson,2012,25.1,66,623,1326,73,2.1,208,778,27,1226,84,690284,60
COPPELL ISD,Richardson,2013,25.2,64,715,1686,69,2.4,252,781,32,1209,89,664460,52
COPPELL ISD,Richardson,2014,25.2,62,675,1737,65,2.6,297,827,36,1224,87,676785,59
COPPELL ISD,Richardson,2015,23.6,99,771,2037,78,2.6,299,853,35,1221,75,705142,53.445
COPPELL ISD,Richardson,2016,24.4,97,720,1987,82,2.8,262,896,29,1226,74,733972,59.595
COPPELL ISD,Richardson,2017,25.1,97,787.5,2183,80,2.8,312,895,35,1249,68,771171,58.715
CROSBY ISD,Houston,2011,18.6,32,104,206,41,2,54,321,17,1044,46,260603,37
CROSBY ISD,Houston,2012,19.4,29,101,184,38,1.8,45,315,14,1047,35,272000,47
CROSBY ISD,Houston,2013,19.4,25,84,170,44,2,50,335,15,1065,36,263186,34
CROSBY ISD,Houston,2014,18.8,25,65,126,49,1.9,46,307,15,1037,37,254001,24
CROSBY ISD,Houston,2015,18.6,24,95,182,28,1.9,53,321,17,1027,40,249983,32.59942391
CROSBY ISD,Houston,2016,20.1,20,95,186,38,2,61,399,15,1009,42,276356,33.905
CROSBY ISD,Houston,2017,20.1,14,107,190,48,1.8,69,356,19,958,89,289761,31.635
CROWLEY ISD,Fort Worth,2011,20.2,25,283,586,49,2.1,181,905,20,1010,70,356715,31
CROWLEY ISD,Fort Worth,2012,19.9,23,290,528,46,1.8,190,910,21,1011,66,332041,37
CROWLEY ISD,Fort Worth,2013,19,23,291,564,45,1.9,195,994,20,996,63,342343,31
CROWLEY ISD,Fort Worth,2014,18.6,28,524,1029,31,2,198,885,22,985,60,340057,30
CROWLEY ISD,Fort Worth,2015,19.3,26,499,1106,33,2.2,170,1003,17,975,56,347124,29.69023766
CROWLEY ISD,Fort Worth,2016,19,27,441,1139,34,2.6,207,1020,20,977,54,348992,30.295
CROWLEY ISD,Fort Worth,2017,18.3,26,427,947,27,2.2,156,1027,15,960,58,355396,26.26523766
CYPRESS-FAIRBANKS ISD,Houston,2011,21.5,28,2735,6181,60,2.3,1481,6310,23,1097,66,348189,40
CYPRESS-FAIRBANKS ISD,Houston,2012,21.6,28,2427,5342,66,2.2,1397,6419,22,1094,62,333118,44
CYPRESS-FAIRBANKS ISD,Houston,2013,21.9,28,2620,5896,64,2.3,1515,6982,22,1103,60,331245,44
CYPRESS-FAIRBANKS ISD,Houston,2014,21.9,31,2738,5907,64,2.2,1696,7161,24,1103,60,338826,50
CYPRESS-FAIRBANKS ISD,Houston,2015,22.1,35,3243,7100,61,2.2,1637,7479,22,1086,59,361435,44.71
CYPRESS-FAIRBANKS ISD,Houston,2016,19.2,95,3543,7869,61,2.2,1776,7804,23,1084,54,390500,44.57
CYPRESS-FAIRBANKS ISD,Houston,2017,19.5,93,3830,8451,61,2.2,1727,8072,21,1097,54,439280,45.825
DALLAS ISD,Richardson,2011,17.1,45,5619,13532,22,2.4,1118,7267,15,946,66,546939,18
DALLAS ISD,Richardson,2012,17.2,43,5569,12825,25,2.3,1247,7275,17,947,65,513227,22
DALLAS ISD,Richardson,2013,17.1,42,5515,13727,24,2.5,1214,7706,16,932,65,503354,28
DALLAS ISD,Richardson,2014,17.1,46,6030,17013,25,2.8,1222,7410,16,943,65,511155,26
DALLAS ISD,Richardson,2015,16.1,88,6648,17417,24,2.6,1253,7505,17,885,100,533092,24.075
DALLAS ISD,Richardson,2016,16.3,90,6097.5,16910,25,2.8,1264,7774,16,877,100,568872,24.29
DALLAS ISD,Richardson,2017,16.8,92,6933,17825,25,2.6,1446,7685,19,921,98,628461,23.915
DAYTON ISD,Houston,2011,19.7,13,64,122,30,1.9,38,300,13,1010,46,289938,21
DAYTON ISD,Houston,2012,18.7,8,38,66,41,1.7,38,348,11,1000,38,287850,42
DAYTON ISD,Houston,2013,19.5,8,41,81,35,2,36,336,11,1012,34,306917,42
DAYTON ISD,Houston,2014,18.3,9,47,75,25,1.6,37,314,12,1016,39,307752,41
DAYTON ISD,Houston,2015,18.7,13,64,106,22,1.7,40,319,13,998,35,298671,33.09
DAYTON ISD,Houston,2016,19.9,5,65,105,27,1.6,40,304,13,987,40,301054,33.33023766
DAYTON ISD,Houston,2017,19.6,12,77,139,37,1.8,47,364,13,1001,39,325055,33.875
DECATUR ISD,Fort Worth,2011,21.1,64,47,91,59,1.9,50,209,24,1071,42,770679,46
DECATUR ISD,Fort Worth,2012,21.1,62,37,87,72,2.4,33,205,16,1071,26,805956,55
DECATUR ISD,Fort Worth,2013,21.3,43,50,100,48,2,33,186,18,1079,34,774948,52
DECATUR ISD,Fort Worth,2014,21.8,49,67,124,43,1.9,32,203,16,1065,25,811515,47
DECATUR ISD,Fort Worth,2015,22.1,40,82,158,42,1.9,39,200,20,1058,26,791631,44.04475113
DECATUR ISD,Fort Worth,2016,20.7,55,110,219,28,2,47,188,25,1053,37,775684,42.88221195
DECATUR ISD,Fort Worth,2017,20.6,61,114,228,31,2,52,200,26,1036,39,748713,41.905
DEER PARK ISD,Houston,2011,21.8,16,240,445,46,1.9,136,864,16,1080,45,615668,60
DEER PARK ISD,Houston,2012,21.6,17,219,417,54,1.9,118,855,14,1078,47,566381,62
DEER PARK ISD,Houston,2013,22,13,328,516,43,1.6,129,855,15,1073,46,587969,43
DEER PARK ISD,Houston,2014,20.8,17,268,522,48,1.9,120,928,13,1069,47,557202,60
DEER PARK ISD,Houston,2015,20.9,12,400,895,34,2.2,111,904,12,1052,42,591623,40.99
DEER PARK ISD,Houston,2016,21.3,15,436,996,30,2.3,147,991,15,1049,50,618557,39.01
DEER PARK ISD,Houston,2017,21.8,14,392,829,40,2.1,145,927,16,1065,47,627933,43.79
DEL VALLE ISD,Austin,2011,18.7,32,334,602,24,1.8,81,612,13,953,49,324622,25
DEL VALLE ISD,Austin,2012,17.4,47,307,534,27,1.7,89,616,14,957,30,286558,13
DEL VALLE ISD,Austin,2013,17.8,41,348,600,19,1.7,74,611,12,951,36,280218,26
DEL VALLE ISD,Austin,2014,17.6,45,379,658,28,1.7,66,586,11,923,37,281184,18
DEL VALLE ISD,Austin,2015,18.2,39,383,824,23,2.2,89,627,14,956,43,310976,25.905
DEL VALLE ISD,Austin,2016,18.3,29,368,829,29,2.3,73,691,11,925,41,343664,28.105
DEL VALLE ISD,Austin,2017,18.2,20,430,933,19,2.2,89,632,14,868,85,399519,26.66047532
DENISON ISD,Richardson,2011,21.3,42,123,289,50,2.3,32,319,10,1110,30,290422,44
DENISON ISD,Richardson,2012,21.7,44,119,291,53,2.4,21,290,7,1077,28,320449,33
DENISON ISD,Richardson,2013,21.7,41,101,268,50,2.7,32,282,11,1078,37,317733,44
DENISON ISD,Richardson,2014,21.5,30,117,269,45,2.3,26,282,9,1091,21,320630,50
DENISON ISD,Richardson,2015,22.2,34,107,275,38,2.6,32,283,11,1112,27,316385,46.9
DENISON ISD,Richardson,2016,20.7,34,92,214,39,2.3,18,311,6,1057,15,304464,47.12325792
DENISON ISD,Richardson,2017,20.8,38,114,283,44,2.5,32,263,12,1074,28,332858,45.36450226
DENTON ISD,Fort Worth,2011,21.2,38,725,1557,40,2.1,260,1259,21,1075,58,419495,29
DENTON ISD,Fort Worth,2012,20.7,30,565,1269,48,2.2,280,1229,23,1073,55,399725,35
DENTON ISD,Fort Worth,2013,21,31,607,1272,48,2.1,292,1364,21,1073,53,398843,37
DENTON ISD,Fort Worth,2014,21.1,35,690,1493,47,2.2,320,1510,21,1072,56,405428,38
DENTON ISD,Fort Worth,2015,21.5,38,783,1462.5,41,1.9,290,1549,19,1072,51,418638,40.65
DENTON ISD,Fort Worth,2016,21.6,38,741,1327.5,49,1.8,296,1543,19,1066,55,446278,40.55
DENTON ISD,Fort Worth,2017,21.6,35,834,1773,48,2.1,270,1657,16,1078,55,473130,41.05
DESOTO ISD,Richardson,2011,17.1,47,241,426,10,1.8,148,524,28,932,74,253800,20
DESOTO ISD,Richardson,2012,18,44,200,357,13,1.8,168,603,28,950,57,247712,14
DESOTO ISD,Richardson,2013,17.2,35,115,189,12,1.6,131,563,23,933,57,245050,18
DESOTO ISD,Richardson,2014,17,35,101,175,20,1.7,156,711,22,921,56,229265,13
DESOTO ISD,Richardson,2015,16.6,39,142,238,18,1.7,152,678,22,899,59,227379,18.13
DESOTO ISD,Richardson,2016,17.1,44,224,344,14,1.5,167,657,25,892,58,224633,20.65
DESOTO ISD,Richardson,2017,17.8,34,249,460,8,1.8,198,733,27,885,92,244138,22.995
DICKINSON ISD,Houston,2011,19.2,11,70,142,29,2,65,509,13,1010,42,279136,32
DICKINSON ISD,Houston,2012,18.6,15,87,141,23,1.6,85,556,15,1005,40,271853,31
DICKINSON ISD,Houston,2013,20.4,10,123,238,22,1.9,81,557,15,1019,37,267707,33
DICKINSON ISD,Houston,2014,18.7,17,221,428,27,1.9,86,544,16,1004,47,268982,33
DICKINSON ISD,Houston,2015,20,25,161,346,34,2.1,95,568,17,1018,48,281883,34.23942391
DICKINSON ISD,Houston,2016,19.2,13,189,369,41,2,94,597,16,993,46,278014,30.86023766
DICKINSON ISD,Houston,2017,20.5,11,167,326,41,2,107,638,17,965,81,302411,31.85023766
DRIPPING SPRINGS ISD,Austin,2011,25.5,44,234,579,70,2.5,104,288,36,1208,85,597087,52
DRIPPING SPRINGS ISD,Austin,2012,24.6,44,265,618,74,2.3,99,279,35,1168,86,576515,43
DRIPPING SPRINGS ISD,Austin,2013,25.4,48,225,498,76,2.2,97,321,30,1197,78,573734,63
DRIPPING SPRINGS ISD,Austin,2014,24.3,46,208,466,78,2.2,109,334,33,1169,76,549429,54
DRIPPING SPRINGS ISD,Austin,2015,24.6,44,194,400,77,2.1,87,336,26,1165,72,540008,53.565
DRIPPING SPRINGS ISD,Austin,2016,24.7,64,235,525,72,2.2,111,370,30,1197,63,572585,55.335
DRIPPING SPRINGS ISD,Austin,2017,24.6,54,228,534,75,2.3,136,406,33,1179,63,616239,57.29
DUNCANVILLE ISD,Richardson,2011,19.3,42,116,235,57,2,150,733,20,1010,46,271364,26
DUNCANVILLE ISD,Richardson,2012,19,32,136,301,59,2.2,123,753,16,984,40,258673,32
DUNCANVILLE ISD,Richardson,2013,19.6,33,120,235,59,2,148,797,19,1003,39,254311,23
DUNCANVILLE ISD,Richardson,2014,18.6,26,111,187,54,1.7,159,823,19,965,46,262570,35
DUNCANVILLE ISD,Richardson,2015,18.3,27,197,398,36,2,197,851,23,960,57,271899,28.155
DUNCANVILLE ISD,Richardson,2016,18.4,23,175,302,30,1.7,185,872,21,940,61,276224,29.29
DUNCANVILLE ISD,Richardson,2017,18.2,22,194,365,33,1.9,235,945,25,943,64,294069,27.445
EAGLE MT-SAGINAW ISD,Fort Worth,2011,21.4,19,432,1052,42,2.4,131,893,15,1068,58,408471,39
EAGLE MT-SAGINAW ISD,Fort Worth,2012,21.2,23,531,1141,41,2.1,177,910,19,1063,53,371491,31
EAGLE MT-SAGINAW ISD,Fort Worth,2013,21.2,27,570,1190,40,2.1,194,999,19,1061,51,360252,42
EAGLE MT-SAGINAW ISD,Fort Worth,2014,20.5,39,603,1219,46,2,182,1113,16,1036,49,348061,46
EAGLE MT-SAGINAW ISD,Fort Worth,2015,21.2,31,806,1871,32,2.3,191,1194,16,1050,48,357494,40.255
EAGLE MT-SAGINAW ISD,Fort Worth,2016,20.4,31,835,1946,39,2.3,224,1297,17,1027,51,364945,36.965
EAGLE MT-SAGINAW ISD,Fort Worth,2017,20.8,30,871,1995,42,2.3,239,1356,18,1038,51,368660,41.05
EAGLE PASS ISD,San Antonio,2011,17.8,20,236,392,43,1.7,189,886,21,949,63,120275,28
EAGLE PASS ISD,San Antonio,2012,17.9,14,300,480,46,1.6,189,936,20,937,61,122595,36
EAGLE PASS ISD,San Antonio,2013,18.4,11,316,521,50,1.6,192,963,20,958,54,122048,40
EAGLE PASS ISD,San Antonio,2014,19.4,7,263,407,56,1.5,183,919,20,967,54,130623,36
EAGLE PASS ISD,San Antonio,2015,19.8,12,306,533,47,1.7,165,906,18,945,56,143020,34.01047532
EAGLE PASS ISD,San Antonio,2016,18.5,15,356,648,45,1.8,187,989,19,947,55,147975,33.12023766
EAGLE PASS ISD,San Antonio,2017,16.7,79,337,646,48,1.9,251,1079,23,965,60,156582,25.55
EANES ISD,Austin,2011,27,67,802,2600,77,3.2,222,617,36,1280,98,1293693,53
EANES ISD,Austin,2012,26.6,72,768,2485,77,3.2,195,629,31,1265,92,1214826,50
EANES ISD,Austin,2013,27.1,73,782,2527,80,3.2,190,597,32,1276,88,1227376,55
EANES ISD,Austin,2014,27.3,75,836,2699,79,3.2,222,647,34,1286,85,1257940,62
EANES ISD,Austin,2015,26.4,100,772,2597,74,3.4,173,592,29,1280,82,1332102,57.31
EANES ISD,Austin,2016,26.8,97,862,3002,72,3.5,182,605,30,1298,73,1421278,56.745
EANES ISD,Austin,2017,27.2,75,976,3213,70,3.3,204,651,31,1280,73,1573376,56.21
EAST CENTRAL ISD,San Antonio,2011,19.8,14,150,315,29,2.1,68,604,11,994,51,207495,24
EAST CENTRAL ISD,San Antonio,2012,19.5,28,202,334,31,1.7,84,589,14,992,57,211273,35
EAST CENTRAL ISD,San Antonio,2013,19.3,28,225,434,29,1.9,93,668,14,986,53,215008,27
EAST CENTRAL ISD,San Antonio,2014,18.9,30,321,619,22,1.9,80,627,13,985,50,228991,50
EAST CENTRAL ISD,San Antonio,2015,19.3,33,342,800,19,2.3,100,687,15,994,51,264341,31.625
EAST CENTRAL ISD,San Antonio,2016,18.8,21,290,671,19,2.3,102,703,15,977,46,269416,30.10792494
EAST CENTRAL ISD,San Antonio,2017,18.9,18,310,706,21,2.3,91,697,13,992,48,320400,31.41047532
EDGEWOOD ISD,San Antonio,2011,17.8,24,289,433,7,1.5,66,594,11,875,54,83223,21
EDGEWOOD ISD,San Antonio,2012,16.1,39,240,422,9,1.8,65,481,14,871,55,83316,26
EDGEWOOD ISD,San Antonio,2013,16.3,27,303,520,6,1.7,64,549,12,876,50,83962,8
EDGEWOOD ISD,San Antonio,2014,16.9,26,360,789,7,2.2,58,533,11,871,51,86952,19
EDGEWOOD ISD,San Antonio,2015,17,15,280,650,7,2.3,54,562,10,872,49,85637,22.31523766
EDGEWOOD ISD,San Antonio,2016,18.1,11,300,574,10,1.9,57,572,10,869,48,91808,26.255
EDGEWOOD ISD,San Antonio,2017,16,19,402,790,5,2,65,591,11,894,43,112973,20.965
ENNIS ISD,Richardson,2011,20.6,47,114,214,37,1.9,61,348,18,1091,26,313461,36
ENNIS ISD,Richardson,2012,19.1,49,139,229,38,1.6,54,328,16,1032,24,312229,35
ENNIS ISD,Richardson,2013,19.8,43,151,282,36,1.9,49,345,14,1067,23,321287,49
ENNIS ISD,Richardson,2014,19.5,46,142,272,37,1.9,50,341,15,1068,23,322444,48
ENNIS ISD,Richardson,2015,19.2,42,158,348,36,2.2,53,375,14,1028,22,327469,37.34
ENNIS ISD,Richardson,2016,19.1,44,139,307,35,2.2,25,351,7,1011,27,316447,34.80497759
ENNIS ISD,Richardson,2017,19.3,41,119,302,37,2.5,41,389,11,1061,18,333339,40.99475113
FLORESVILLE ISD,San Antonio,2011,19.6,33,114,155,14,1.4,34,267,13,1013,55,258912,59
FLORESVILLE ISD,San Antonio,2012,20.2,40,89,126,23,1.4,59,279,21,1017,59,267336,34
FLORESVILLE ISD,San Antonio,2013,19.8,46,108,149,26,1.4,62,321,19,1004,55,272347,39
FLORESVILLE ISD,San Antonio,2014,19.2,56,105,148,23,1.4,52,255,20,1018,64,276454,37
FLORESVILLE ISD,San Antonio,2015,20.2,49,134,188,18,1.4,61,280,22,1073,51,280635,36.45942391
FLORESVILLE ISD,San Antonio,2016,20.8,31,123,156,10,1.3,45,273,16,1020,44,292081,35.83375539
FLORESVILLE ISD,San Antonio,2017,20.4,26,163,318,22,2,44,280,16,1045,39,321343,36.01966157
FORNEY ISD,Richardson,2011,20.5,25,149,334,35,2.2,93,453,21,1052,63,292929,42
FORNEY ISD,Richardson,2012,20.1,26,179,336,48,1.9,93,478,19,1018,62,284379,43
FORNEY ISD,Richardson,2013,21.8,22,182,334,52,1.8,108,546,20,1038,54,280185,34
FORNEY ISD,Richardson,2014,20.8,25,190,352,52,1.9,99,553,18,1047,53,278211,57
FORNEY ISD,Richardson,2015,20.4,24,279,615,36,2.2,114,615,19,1024,58,273181,35.935
FORNEY ISD,Richardson,2016,20.8,27,275,607,44,2.2,133,620,21,1041,58,271368,43.515
FORNEY ISD,Richardson,2017,20.5,27,268,530,43,2,134,627,21,1050,56,281342,42.82
FORT BEND ISD,Houston,2011,22.5,35,2612,7116,70,2.7,1565,4836,32,1112,83,351127,37
FORT BEND ISD,Houston,2012,22.3,33,2607,6951,74,2.7,1579,5027,31,1100,79,351495,40
FORT BEND ISD,Houston,2013,22.3,30,2650,7254,72,2.7,1557,5077,31,1114,73,353175,43
FORT BEND ISD,Houston,2014,22.1,34,3042,7605,72,2.5,1713,5031,34,1113,75,355737,44
FORT BEND ISD,Houston,2015,22.3,36,3503,10247,65,2.9,1782,5437,33,1107,75,373235,43.175
FORT BEND ISD,Houston,2016,22.8,36,3546,10547,63,3,1692,5411,31,1105,74,392617,43.71
FORT BEND ISD,Houston,2017,23,35,3810,11285,65,3,1717,5487,31,1108,73,444265,45.025
FORT WORTH ISD,Fort Worth,2011,18.1,28,2052,4734,27,2.3,547,3863,14,994,59,343130,24
FORT WORTH ISD,Fort Worth,2012,18.2,30,1786,3935,34,2.2,539,3642,15,989,56,322648,26
FORT WORTH ISD,Fort Worth,2013,18.2,29,1928,3988,31,2.1,558,3646,15,976,59,328206,32
FORT WORTH ISD,Fort Worth,2014,17.9,27,2362.5,5757,28,2.4,584,3740,16,918,98,335477,25
FORT WORTH ISD,Fort Worth,2015,18.3,25,3525,7695,20,2.2,653,3891,17,902,99,339898,25.555
FORT WORTH ISD,Fort Worth,2016,18.9,21,3105,7447.5,19,2.4,614,4033,15,897,98,340822,25.87047532
FORT WORTH ISD,Fort Worth,2017,19.6,19,3375,8728,20,2.6,733,4306,17,916,96,348001,26.54547532
FREDERICKSBURG ISD,Austin,2011,21.5,41,121,252,59,2.1,62,242,26,1082,64,815998,42
FREDERICKSBURG ISD,Austin,2012,22,37,103,193,62,1.9,58,219,26,1102,64,817930,36
FREDERICKSBURG ISD,Austin,2013,22.1,37,103,223,59,2.2,70,246,28,1098,57,828348,34
FREDERICKSBURG ISD,Austin,2014,21.8,37,105,236,55,2.2,63,235,27,1089,60,857468,52
FREDERICKSBURG ISD,Austin,2015,20.7,32,118,246,45,2.1,67,227,30,1038,63,868240,41.01975113
FREDERICKSBURG ISD,Austin,2016,22.2,35,104,230,51,2.2,65,230,28,1063,60,865883,42.775
FREDERICKSBURG ISD,Austin,2017,20.6,34,108,238,37,2.2,48,228,21,1062,54,924409,40.53475113
FRIENDSWOOD ISD,Houston,2011,25,48,319,825,74,2.6,154,493,31,1181,88,354657,51
FRIENDSWOOD ISD,Houston,2012,24.7,40,321,744,82,2.3,145,485,30,1174,78,356827,64
FRIENDSWOOD ISD,Houston,2013,25,44,346,874,74,2.5,155,481,32,1179,77,364220,67
FRIENDSWOOD ISD,Houston,2014,25,41,311,843,81,2.7,153,491,31,1177,80,369076,75
FRIENDSWOOD ISD,Houston,2015,24.6,44,345,897,80,2.6,175,532,33,1169,78,380020,58.445
FRIENDSWOOD ISD,Houston,2016,25,51,368,1118,75,3,175,530,33,1165,78,382675,58.49
FRIENDSWOOD ISD,Houston,2017,24.6,63,340,937,76,2.8,205,540,38,1175,69,434057,58.295
FRISCO ISD,Richardson,2011,23.6,46,1252,2973,70,2.4,358,1740,21,1141,69,448014,50
FRISCO ISD,Richardson,2012,23.6,52,1440,3356,72,2.3,451,1962,23,1141,66,409845,54
FRISCO ISD,Richardson,2013,23.6,50,1659,4070,72,2.5,517,2234,23,1142,64,398568,54
FRISCO ISD,Richardson,2014,24.1,53,1907,4665,75,2.4,603,2388,25,1156,66,389497,58
FRISCO ISD,Richardson,2015,24.1,57,2306,6084,70,2.6,689,2707,25,1152,68,392958,55.08
FRISCO ISD,Richardson,2016,24.6,55,2776,7245,72,2.6,754,2986,25,1158,68,412264,56.84
FRISCO ISD,Richardson,2017,24.5,59,3311,8957,73,2.7,889,3452,26,1178,67,458760,58.25
GALENA PARK ISD,Houston,2011,18.1,37,267,537,55,2,208,1414,15,983,32,289183,12
GALENA PARK ISD,Houston,2012,18.1,37,305,554,59,1.8,241,1497,16,963,30,277597,20
GALENA PARK ISD,Houston,2013,18.7,34,327,648,58,2,230,1532,15,979,28,270212,23
GALENA PARK ISD,Houston,2014,17.9,34,349,657,49,1.9,190,1541,12,976,25,308002,22
GALENA PARK ISD,Houston,2015,17.8,39,386,700,55,1.8,203,1557,13,956,30,312646,21.56
GALENA PARK ISD,Houston,2016,18.6,41,383,722,51,1.9,204,1554,13,971,29,356031,27.96
GALENA PARK ISD,Houston,2017,18.3,41,395,751,48,1.9,209,1607,13,985,25,382169,27.93
GALVESTON ISD,Houston,2011,19.6,16,185,400,30,2.2,69,416,17,1019,52,724883,39
GALVESTON ISD,Houston,2012,19.4,25,215,468,34,2.2,72,392,18,984,56,785608,32
GALVESTON ISD,Houston,2013,20,29,200,390,35,2,85,459,19,1033,49,817696,36
GALVESTON ISD,Houston,2014,20.3,22,162,291,38,1.8,57,381,15,1002,48,861978,44
GALVESTON ISD,Houston,2015,20.2,20,187,351,27,1.9,87,441,20,998,45,883860,33.91523766
GALVESTON ISD,Houston,2016,20,29,179,371,29,2.1,77,449,17,987,46,899343,33.48
GALVESTON ISD,Houston,2017,20.3,26,172,423,34,2.5,79,413,19,1017,49,1017454,34.97
GARLAND ISD,Richardson,2011,20.6,26,1637,3448,42,2.1,659,3772,17,1047,53,249795,39
GARLAND ISD,Richardson,2012,20.9,25,1549,3196,40,2.1,696,3869,18,1046,51,242390,42
GARLAND ISD,Richardson,2013,20.6,24,1347,2746,45,2,661,3940,17,1044,45,240230,43
GARLAND ISD,Richardson,2014,20.7,27,1462.5,3308,41,2.3,699,3957,18,1054,50,240611,47
GARLAND ISD,Richardson,2015,20.3,29,2013,4552,35,2.3,677,3941,17,1023,51,242272,35.86
GARLAND ISD,Richardson,2016,20.2,26,3006,7915,27,2.6,742,4116,18,1025,52,243367,32.73384781
GARLAND ISD,Richardson,2017,21.5,19,3168,8082,27,2.6,747,3977,19,970,94,263202,30.88523766
GEORGETOWN ISD,Austin,2011,21.8,36,261,528,61,2,211,714,30,1120,67,529858,43
GEORGETOWN ISD,Austin,2012,23,33,237,503,65,2.1,206,685,30,1137,62,539763,44
GEORGETOWN ISD,Austin,2013,22.4,33,245,454,66,1.9,178,694,26,1123,63,548453,44
GEORGETOWN ISD,Austin,2014,22.7,34,292,534,64,1.8,198,792,25,1128,62,555072,51
GEORGETOWN ISD,Austin,2015,23,35,335,678,62,2,201,769,26,1111,60,565119,48.185
GEORGETOWN ISD,Austin,2016,22.5,31,437,948,54,2.2,192,816,24,1096,59,603338,44.74
GEORGETOWN ISD,Austin,2017,22.6,30,482,1078,49,2.2,221,838,26,1097,62,672245,41.78475113
GRANBURY ISD,Fort Worth,2011,22.9,35,203,358,49,1.8,92,411,22,1126,56,767593,32
GRANBURY ISD,Fort Worth,2012,21.7,40,226,410,50,1.8,117,462,25,1065,47,772115,38
GRANBURY ISD,Fort Worth,2013,22.2,43,238,463,45,1.9,118,397,30,1090,53,754804,46
GRANBURY ISD,Fort Worth,2014,21.9,46,188,378,44,2,105,395,27,1085,46,762202,37
GRANBURY ISD,Fort Worth,2015,21.9,40,161,306,38,1.9,95,444,21,1065,47,729940,41.04475113
GRANBURY ISD,Fort Worth,2016,22.4,43,160,280,36,1.8,107,475,23,1094,44,697751,42.44
GRANBURY ISD,Fort Worth,2017,21.5,42,150,266,37,1.8,105,461,23,1084,46,701862,42.33475113
GRAPEVINE-COLLEYVILLE ISD,Fort Worth,2011,24.5,52,1142,3338,66,2.9,264,1058,25,1167,82,791537,56
GRAPEVINE-COLLEYVILLE ISD,Fort Worth,2012,24.3,56,1080,3093,70,2.9,272,1045,26,1166,77,766565,60
GRAPEVINE-COLLEYVILLE ISD,Fort Worth,2013,24.5,51,1010,2976,71,2.9,268,1106,24,1169,74,792003,59
GRAPEVINE-COLLEYVILLE ISD,Fort Worth,2014,24.5,53,1081,3066,66,2.8,242,988,24,1165,71,785247,60
GRAPEVINE-COLLEYVILLE ISD,Fort Worth,2015,24.8,55,1244,4015,61,3.2,303,1109,27,1163,75,792073,55.305
GRAPEVINE-COLLEYVILLE ISD,Fort Worth,2016,25.1,54,1195,3933,61,3.3,310,1140,27,1164,70,805590,55.55
GRAPEVINE-COLLEYVILLE ISD,Fort Worth,2017,24.4,54,1140,3895,60,3.4,309,1128,27,1159,67,838566,54.975
HARLANDALE ISD,San Antonio,2011,18.7,24,311,425,13,1.4,93,826,11,945,47,90871,15
HARLANDALE ISD,San Antonio,2012,17.9,28,315,464,11,1.5,97,860,11,939,50,85263,26
HARLANDALE ISD,San Antonio,2013,17.4,27,275,421,14,1.5,102,842,12,875,92,83293,31
HARLANDALE ISD,San Antonio,2014,18.4,25,409,671,9,1.6,122,887,14,871,90,81759,31
HARLANDALE ISD,San Antonio,2015,17.4,15,351,622,13,1.8,80,915,9,847,95,83957,28.56023766
HARLANDALE ISD,San Antonio,2016,17.7,12,374,607,15,1.6,121,963,13,841,94,82554,31.00023766
HARLANDALE ISD,San Antonio,2017,17.6,16,509,835,8,1.6,130,986,13,855,91,96440,28.47523766
HOUSTON ISD,Houston,2011,19.6,30,6786,14971,34,2.2,2128,9955,21,1000,69,591624,19
HOUSTON ISD,Houston,2012,20.5,22,7600,16479,33,2.2,2231,9684,23,928,98,569432,21
HOUSTON ISD,Houston,2013,20.5,21,7560,16403,35,2.2,2015,9487,21,930,96,578069,23
HOUSTON ISD,Houston,2014,20.5,21,7428,16085,35,2.2,1980,9580,21,924,98,597768,26
HOUSTON ISD,Houston,2015,20.8,20,8052,18153,34,2.3,1924,9740,20,927,97,641849,27.755
HOUSTON ISD,Houston,2016,21.1,21,8289,19330,33,2.3,2072,10225,20,928,94,712393,27.64
HOUSTON ISD,Houston,2017,21.9,18,8602,20537,33,2.4,2094,10613,20,950,90,789002,29.07
HUFFMAN ISD,Houston,2011,21.8,21,104,183,36,1.8,35,202,17,1049,72,256255,40
HUFFMAN ISD,Houston,2012,19.9,19,74,138,41,1.9,46,228,20,1037,69,250183,41
HUFFMAN ISD,Houston,2013,22.2,13,48,84,50,1.8,35,186,19,1049,56,262155,54
HUFFMAN ISD,Houston,2014,22.3,15,69,108,44,1.6,40,202,20,1059,53,251819,40
HUFFMAN ISD,Houston,2015,21.8,16,84,151,54,1.8,40,222,18,1047,54,250853,46.475
HUFFMAN ISD,Houston,2016,21.9,22,67,143,43,2.1,49,230,21,1052,52,266173,41.875
HUFFMAN ISD,Houston,2017,21.5,10,91,183,52,2,48,229,21,1024,57,301519,39.21
HUMBLE ISD,Houston,2011,22.4,30,978,1989,58,2,580,2452,24,1084,69,293248,37
HUMBLE ISD,Houston,2012,22,33,1261,2494,56,2,571,2538,22,1077,66,286829,36
HUMBLE ISD,Houston,2013,22.3,28,1215,2566,56,2.1,595,2557,23,1077,63,283061,46
HUMBLE ISD,Houston,2014,22.8,31,1326,2520,59,1.9,634,2562,25,1081,60,279638,45
HUMBLE ISD,Houston,2015,22.5,32,1324,2911,57,2.2,628,2677,23,1069,59,285005,44.01
HUMBLE ISD,Houston,2016,22.9,35,1488,3294,59,2.2,723,2780,26,1068,59,302496,44.15
HUMBLE ISD,Houston,2017,22.5,34,1675,3758,54,2.2,690,2899,24,1074,58,330877,42.67
HURST-EULESS-BEDFORD ISD,Fort Worth,2011,22,32,619,1105,59,1.8,274,1457,19,1106,55,430237,36
HURST-EULESS-BEDFORD ISD,Fort Worth,2012,21.8,35,670,1095,54,1.6,275,1417,19,1088,57,408613,40
HURST-EULESS-BEDFORD ISD,Fort Worth,2013,21.1,33,646,1018,58,1.6,254,1422,18,1073,56,407853,39
HURST-EULESS-BEDFORD ISD,Fort Worth,2014,21.9,32,719,1211,53,1.7,235,1443,16,1092,54,410262,45
HURST-EULESS-BEDFORD ISD,Fort Worth,2015,22.2,31,681,1158,55,1.7,262,1469,18,1079,57,418485,42.29
HURST-EULESS-BEDFORD ISD,Fort Worth,2016,22.1,38,850,1468,55,1.7,297,1479,20,1068,61,427454,42.145
HURST-EULESS-BEDFORD ISD,Fort Worth,2017,21.8,32,894,1585,56,1.8,303,1549,20,1077,57,441116,40.61
HUTTO ISD,Austin,2011,20.9,28,163,332,34,2,57,275,21,1021,67,265353,19
HUTTO ISD,Austin,2012,19.5,22,123,242,46,2,73,319,23,1021,59,257525,40
HUTTO ISD,Austin,2013,20.2,26,103,200,42,1.9,71,335,21,1037,62,259548,45
HUTTO ISD,Austin,2014,20.4,34,122,261,30,2.1,62,317,20,1011,54,257165,35
HUTTO ISD,Austin,2015,19.3,35,167,365,31,2.2,95,383,25,1019,58,260512,33.30942391
HUTTO ISD,Austin,2016,20,38,155,356,44,2.3,93,383,24,1017,53,274616,37.305
HUTTO ISD,Austin,2017,20.4,27,169,388,58,2.3,91,412,22,1043,56,302918,42.24
IRVING ISD,Richardson,2011,18.7,15,957,1837,27,1.9,286,1949,15,935,78,286194,26
IRVING ISD,Richardson,2012,19.2,14,1037,2103,28,2,262,1922,14,942,79,267332,30
IRVING ISD,Richardson,2013,18.4,11,1059,2129,27,2,271,2010,13,922,84,264581,27
IRVING ISD,Richardson,2014,18.7,15,1239,2484,28,2,251,1998,13,927,87,262509,33
IRVING ISD,Richardson,2015,16.8,25,1475,3095,23,2.1,239,2137,11,923,82,268429,23.135
IRVING ISD,Richardson,2016,16.4,78,1599,3402,27,2.1,270,2143,13,911,83,277018,21.595
IRVING ISD,Richardson,2017,16.8,83,1705,3986,24,2.3,294,2280,13,922,87,300858,22.37
JUDSON ISD,San Antonio,2011,19.3,14,361,673,37,1.9,188,1256,15,1008,58,289992,24
JUDSON ISD,San Antonio,2012,18.9,16,308,541,40,1.8,197,1369,14,973,60,284328,23
JUDSON ISD,San Antonio,2013,19,16,247,467,41,1.9,275,1334,21,980,66,280166,24
JUDSON ISD,San Antonio,2014,18.6,15,240,382.5,39,1.6,229,1366,17,971,64,287277,35
JUDSON ISD,San Antonio,2015,19.4,10,202.5,394,27,1.9,235,1378,17,932,91,293780,29.68
JUDSON ISD,San Antonio,2016,19.9,11,298,590,23,2,229,1447,16,900,93,309210,29.145
JUDSON ISD,San Antonio,2017,20.2,7,337.5,676,21,2,224,1343,17,917,91,351253,28.91
KATY ISD,Houston,2011,23.7,35,2423,6522,78,2.7,993,4078,24,1141,75,330939,45
KATY ISD,Houston,2012,23.5,37,2625,6978,77,2.7,939,4090,23,1148,72,327631,46
KATY ISD,Houston,2013,23.6,36,2811,7635,74,2.7,954,4259,22,1149,70,331108,50
KATY ISD,Houston,2014,23.9,37,2781,7698,80,2.8,1077,4457,24,1141,70,338212,50
KATY ISD,Houston,2015,24.1,34,3122,8872,75,2.8,1123,4684,24,1147,70,353693,49.09
KATY ISD,Houston,2016,24.5,36,3351,9256,73,2.8,1113,4810,23,1146,70,392092,50.045
KATY ISD,Houston,2017,24.3,37,3692,10504,76,2.8,1174,5016,23,1145,71,448869,50.04
KELLER ISD,Fort Worth,2011,22.7,39,1074,2472,59,2.3,470,2004,23,1120,66,347047,44
KELLER ISD,Fort Worth,2012,23.1,37,1178,2734,63,2.3,499,2075,24,1123,64,340389,42
KELLER ISD,Fort Worth,2013,22.8,45,1410,3186,63,2.3,499,2172,23,1121,63,345629,49
KELLER ISD,Fort Worth,2014,23.1,47,1574,3717,63,2.4,559,2315,24,1124,61,348489,52
KELLER ISD,Fort Worth,2015,22.8,46,1570,3975,59,2.5,549,2397,23,1113,60,367730,48.26
KELLER ISD,Fort Worth,2016,22.9,49,1704,4358,62,2.6,561,2471,23,1109,61,379288,49.03
KELLER ISD,Fort Worth,2017,23,46,1837,4869,64,2.7,579,2619,22,1111,62,399061,49.85
KENNEDALE ISD,Fort Worth,2011,20.7,18,51,82,48,1.6,42,208,20,1024,67,331825,33
KENNEDALE ISD,Fort Worth,2012,20,18,38,51,63,1.3,54,220,25,1039,67,316270,48
KENNEDALE ISD,Fort Worth,2013,21.8,20,42,52,75,1.2,51,226,23,1056,51,325209,61
KENNEDALE ISD,Fort Worth,2014,21.3,24,43,63,60,1.5,38,211,18,1049,63,325660,53
KENNEDALE ISD,Fort Worth,2015,22.1,21,73,123,56,1.7,51,228,22,1023,65,335135,36.675
KENNEDALE ISD,Fort Worth,2016,21.2,23,73,126,52,1.7,65,240,27,1045,64,340139,41.98475113
KENNEDALE ISD,Fort Worth,2017,19.8,25,73,107,48,1.5,52,224,23,1034,64,358190,40.07
KERRVILLE ISD,San Antonio,2011,22.8,18,153,275,58,1.8,72,332,22,1078,64,476934,29
KERRVILLE ISD,San Antonio,2012,22.5,14,132,288,62,2.2,51,312,16,1093,55,489113,41
KERRVILLE ISD,San Antonio,2013,22.4,15,180,347,52,1.9,65,335,19,1104,53,494725,34
KERRVILLE ISD,San Antonio,2014,22.3,15,207,454,55,2.2,74,323,23,1091,62,486896,35
KERRVILLE ISD,San Antonio,2015,23.7,20,199,525,51,2.6,58,344,17,1092,59,484758,43.94975113
KERRVILLE ISD,San Antonio,2016,23,19,184,413,53,2.2,75,327,23,1084,52,488915,41.82
KERRVILLE ISD,San Antonio,2017,21.6,23,171,401,60,2.3,85,353,24,1070,58,513176,44.34
KLEIN ISD,Houston,2011,22.4,27,1119,2304,58,2.1,743,3065,24,1094,71,301357,40
KLEIN ISD,Houston,2012,22.9,28,1034,2138,59,2.1,717,3061,23,1097,65,285220,44
KLEIN ISD,Houston,2013,22.4,27,1055,2110,58,2,720,3106,23,1089,61,282795,45
KLEIN ISD,Houston,2014,22.4,28,1012.5,2211,59,2.2,733,3197,23,1101,58,282036,48
KLEIN ISD,Houston,2015,22.7,27,1241,2696,55,2.2,718,3406,21,1094,58,293054,44.59
KLEIN ISD,Houston,2016,21.7,40,1284,2781,57,2.2,768,3375,23,1076,57,314422,42.545
KLEIN ISD,Houston,2017,19.7,85,1462.5,3214,54,2.2,718,3437,21,1083,51,353021,45.58
LA GRANGE ISD,Austin,2011,20.8,16,39,57,74,1.5,30,146,21,1088,64,523995,77
LA GRANGE ISD,Austin,2012,20.7,21,58,83,64,1.4,16,111,14,1084,58,524082,69
LA GRANGE ISD,Austin,2013,21.6,14,74,103,61,1.4,30,154,19,1073,59,508932,73
LA GRANGE ISD,Austin,2014,21.4,12,60,98,60,1.6,25,155,16,1056,50,557146,80
LA GRANGE ISD,Austin,2015,23,24,66,125,46,1.9,32,133,24,1082,61,574724,46.02450226
LA GRANGE ISD,Austin,2016,21.8,22,63,121,48,1.9,30,156,19,1056,60,530845,51.56850679
LA GRANGE ISD,Austin,2017,24,18,55,126,46,2.3,19,116,16,1039,58,549956,50.32900453
LA PORTE ISD,Houston,2011,20.1,17,186,345,37,1.9,60,525,11,1035,48,849915,47
LA PORTE ISD,Houston,2012,20,21,151,293,41,1.9,82,484,17,1044,50,823231,39
LA PORTE ISD,Houston,2013,19.5,11,151,312,44,2.1,59,544,11,1038,40,845785,54
LA PORTE ISD,Houston,2014,18.9,13,210,443,30,2.1,66,524,13,1023,45,898184,33
LA PORTE ISD,Houston,2015,19.2,10,199,447,31,2.2,67,450,15,1029,50,942798,36.58
LA PORTE ISD,Houston,2016,19,14,292,613,22,2.1,69,510,14,1021,45,982447,34.075
LA PORTE ISD,Houston,2017,21.5,14,240,553,19,2.3,79,556,14,1043,45,1158898,36.99221195
LA VERNIA ISD,San Antonio,2011,21.9,27,52,72,64,1.4,44,210,21,1073,69,230871,30
LA VERNIA ISD,San Antonio,2012,22.2,25,56,69,55,1.2,42,205,20,1071,62,243224,52
LA VERNIA ISD,San Antonio,2013,21.2,28,48,58,47,1.2,37,200,19,1051,54,260077,46
LA VERNIA ISD,San Antonio,2014,20.6,26,81,95,45,1.2,52,216,24,1048,62,268247,50
LA VERNIA ISD,San Antonio,2015,22,25,84,130,35,1.5,67,240,28,1055,69,269039,38.115
LA VERNIA ISD,San Antonio,2016,20.6,23,121,143,31,1.2,47,242,19,1020,60,269154,35.05793329
LA VERNIA ISD,San Antonio,2017,21.5,24,156,272,32,1.7,75,250,30,1043,68,301389,38.09
LAGO VISTA ISD,Austin,2011,21.1,36,55,104,53,1.9,21,92,23,1100,66,1217369,43.95022635
LAGO VISTA ISD,Austin,2012,21.2,45,55,122,61,2.2,34,76,45,1101,78,1122652,24
LAGO VISTA ISD,Austin,2013,23.3,47,61,123,65,2,24,97,25,1109,63,1091340,50
LAGO VISTA ISD,Austin,2014,23,51,54,130,57,2.4,24,92,26,1085,58,1020808,46
LAGO VISTA ISD,Austin,2015,23.4,36,62,90,59,1.5,29,103,28,1120,71,992965,50.2152715
LAGO VISTA ISD,Austin,2016,21.8,58,59,122,49,2.1,41,113,36,1085,74,949342,48.3092534
LAGO VISTA ISD,Austin,2017,22,66,38,81,53,2.1,35,103,34,1116,55,1002393,50.70475113
LAKE DALLAS ISD,Fort Worth,2011,21.8,23,75,116,49,1.5,47,251,19,1069,63,324484,47
LAKE DALLAS ISD,Fort Worth,2012,22,23,72,106,53,1.5,40,260,15,1078,59,313195,55
LAKE DALLAS ISD,Fort Worth,2013,22.3,37,75,111,43,1.5,60,282,21,1089,60,320677,50
LAKE DALLAS ISD,Fort Worth,2014,22.5,30,67,87,54,1.3,61,274,22,1062,58,327185,48
LAKE DALLAS ISD,Fort Worth,2015,22.5,35,95,148,51,1.6,80,281,28,1081,61,331317,43.66950226
LAKE DALLAS ISD,Fort Worth,2016,21.4,38,97,169,56,1.7,61,303,20,1029,58,347364,40.305
LAKE DALLAS ISD,Fort Worth,2017,22.2,29,94,195,54,2.1,71,295,24,1079,59,378632,42.66975113
LAKE TRAVIS ISD,Austin,2011,24.3,48,348,714,73,2.1,153,424,36,1187,91,1066698,44
LAKE TRAVIS ISD,Austin,2012,25.2,45,360,752,79,2.1,152,513,30,1188,80,965921,49
LAKE TRAVIS ISD,Austin,2013,24.7,55,438,988,72,2.3,186,494,38,1205,87,939378,42
LAKE TRAVIS ISD,Austin,2014,25.1,57,487,1036,72,2.1,177,533,33,1199,82,915434,58
LAKE TRAVIS ISD,Austin,2015,24.9,57,533,1340,65,2.5,158,555,28,1173,83,919348,55.66
LAKE TRAVIS ISD,Austin,2016,24.6,73,559,1398,70,2.5,174,588,30,1178,77,959682,57.775
LAKE TRAVIS ISD,Austin,2017,25.1,66,639,1735,72,2.7,191,635,30,1190,76,1035076,56.54
LANCASTER ISD,Richardson,2011,15.4,62,138,200,5,1.4,82,329,25,882,58,262718,9
LANCASTER ISD,Richardson,2012,16.1,31,127,213,4,1.7,86,334,26,900,57,261013,17
LANCASTER ISD,Richardson,2013,16,42,196,316,4,1.6,79,348,23,864,60,252102,8
LANCASTER ISD,Richardson,2014,16.4,43,186,347,4,1.9,85,365,23,882,52,232472,28
LANCASTER ISD,Richardson,2015,16.8,57,165,336,2,2,97,364,27,869,53,211138,21.84
LANCASTER ISD,Richardson,2016,17,56,226,405,4,1.8,102,399,26,857,50,233074,20.38
LANCASTER ISD,Richardson,2017,15.7,78,225,450,4,2,117,421,28,892,44,245946,19.665
LEANDER ISD,Austin,2011,23.7,40,1284,2802,59,2.2,456,1723,26,1146,78,429373,44
LEANDER ISD,Austin,2012,23.2,39,1434,2953,62,2.1,540,1903,28,1131,69,401483,44
LEANDER ISD,Austin,2013,23.8,39,1664,3643,64,2.2,567,2076,27,1141,68,397625,53
LEANDER ISD,Austin,2014,23.6,40,1597.5,3960,67,2.5,599,2037,29,1140,71,400260,50
LEANDER ISD,Austin,2015,23.9,43,1732.5,4363,70,2.5,692,2244,31,1151,74,418946,47.69
LEANDER ISD,Austin,2016,23.3,58,1890,4974,72,2.6,685,2412,28,1152,68,450380,51.24
LEANDER ISD,Austin,2017,23.5,69,2025,5130,71,2.5,759,2590,29,1169,68,498877,52.29
LEWISVILLE ISD,Fort Worth,2011,23.8,44,1951,4325,72,2.2,756,3487,22,1154,70,471674,47
LEWISVILLE ISD,Fort Worth,2012,23.7,41,2014,4392,72,2.2,767,3439,22,1159,68,457115,48
LEWISVILLE ISD,Fort Worth,2013,24,41,2136,4763,71,2.2,820,3577,23,1163,68,465378,51
LEWISVILLE ISD,Fort Worth,2014,23.7,41,2126,4832,75,2.3,872,3642,24,1162,66,471430,57
LEWISVILLE ISD,Fort Worth,2015,23.9,39,2316,5739,73,2.5,882,3777,23,1156,66,491262,51.1
LEWISVILLE ISD,Fort Worth,2016,24,41,2455,5824,75,2.4,927,3982,23,1152,66,524879,52.235
LEWISVILLE ISD,Fort Worth,2017,24.4,45,2596,6206,73,2.4,974,4099,24,1159,65,582780,51.955
LIBERTY HILL ISD,Austin,2011,23.6,36,86,117,66,1.4,42,179,23,1132,62,397559,43
LIBERTY HILL ISD,Austin,2012,22.5,34,75,110,64,1.5,50,170,29,1104,65,387378,38
LIBERTY HILL ISD,Austin,2013,23.4,31,88,130,65,1.5,37,167,22,1101,58,378196,43
LIBERTY HILL ISD,Austin,2014,24,38,101,140,64,1.4,46,202,23,1106,62,362894,48
LIBERTY HILL ISD,Austin,2015,22.8,35,106,185,63,1.7,62,240,26,1113,63,350784,45.35
LIBERTY HILL ISD,Austin,2016,22.7,46,139,222,59,1.6,80,251,32,1105,68,359270,43.01
LIBERTY HILL ISD,Austin,2017,22.4,31,136,218,66,1.6,63,263,24,1104,64,405633,44.12
LITTLE ELM ISD,Fort Worth,2011,20.4,30,182,428,29,2.4,60,301,20,1038,63,284871,15
LITTLE ELM ISD,Fort Worth,2012,19.2,35,165,390,28,2.4,64,339,19,1003,54,273718,25
LITTLE ELM ISD,Fort Worth,2013,19.9,28,177,410,39,2.3,51,341,15,1019,51,296573,27
LITTLE ELM ISD,Fort Worth,2014,20.3,36,140,322,45,2.3,73,365,20,1040,52,292988,37
LITTLE ELM ISD,Fort Worth,2015,20.2,34,113,236,42,2.1,52,326,16,1011,53,310952,35.485
LITTLE ELM ISD,Fort Worth,2016,19.7,28,174,394,54,2.3,62,392,16,1015,49,338944,36.745
LITTLE ELM ISD,Fort Worth,2017,20.8,32,237,609,52,2.6,76,462,16,1051,48,384251,44.76475113
LOCKHART ISD,Austin,2011,18.8,34,70,107,43,1.5,61,320,19,988,48,194200,25
LOCKHART ISD,Austin,2012,18.4,31,111,183,39,1.6,60,331,18,1021,47,200928,32
LOCKHART ISD,Austin,2013,19.8,21,89,188,40,2.1,64,320,20,1012,49,213087,33
LOCKHART ISD,Austin,2014,19.2,24,155,294,27,1.9,66,298,22,994,52,207941,24
LOCKHART ISD,Austin,2015,19.3,21,146,307,26,2.1,48,322,15,935,72,209001,28.37832726
LOCKHART ISD,Austin,2016,19.1,15,206,423,25,2.1,57,334,17,912,91,203227,29.85285194
LOCKHART ISD,Austin,2017,18.6,13,192,399,21,2.1,67,350,19,912,84,199486,30.06690129
LOVEJOY ISD,Richardson,2011,24,62,303,706,52,2.3,52,229,23,1162,93,447132,73
LOVEJOY ISD,Richardson,2012,24.3,69,345,921,61,2.7,62,242,26,1187,83,434606,48
LOVEJOY ISD,Richardson,2013,25.4,64,395,1134,60,2.9,78,274,28,1186,83,434201,69
LOVEJOY ISD,Richardson,2014,25.6,67,341,935,73,2.7,75,275,27,1207,82,435809,53
LOVEJOY ISD,Richardson,2015,25.3,76,362,1033,66,2.9,70,258,27,1193,85,453799,57.595
LOVEJOY ISD,Richardson,2016,25.6,79,424,1205,67,2.8,62,293,21,1196,78,472414,57.33
LOVEJOY ISD,Richardson,2017,25.7,72,425,1124,79,2.6,92,323,28,1206,71,499969,56.75
MABANK ISD,Richardson,2011,20.9,19,81,94,32,1.2,21,227,9,1029,39,333112,62
MABANK ISD,Richardson,2012,20.7,38,105,156,25,1.5,25,241,10,1017,34,323884,28
MABANK ISD,Richardson,2013,21.6,43,104,164,26,1.6,40,236,17,1097,32,330707,38
MABANK ISD,Richardson,2014,21.8,31,84,120,43,1.4,24,211,11,1087,26,328954,63
MABANK ISD,Richardson,2015,21.4,36,100,205,29,2.1,25,222,11,1052,29,332924,43.11621648
MABANK ISD,Richardson,2016,21.7,23,78,176,46,2.3,35,226,15,1040,34,327840,44.78
MABANK ISD,Richardson,2017,21.8,24,108,208,41,1.9,33,244,14,1063,37,328253,45.105
MANOR ISD,Austin,2011,16.6,32,191,313,4,1.6,64,336,19,925,63,441022,27
MANOR ISD,Austin,2012,16.9,53,118,162,12,1.4,67,284,24,928,67,374184,18
MANOR ISD,Austin,2013,16.8,44,174,283,10,1.6,75,373,20,918,63,327997,19
MANOR ISD,Austin,2014,17.5,45,251,368,6,1.5,98,392,25,929,68,301301,28
MANOR ISD,Austin,2015,16.5,35,229,320,4,1.4,78,477,16,913,55,309969,20.945
MANOR ISD,Austin,2016,17.8,37,233,345,8,1.5,79,467,17,915,56,464422,23.91
MANOR ISD,Austin,2017,17.2,33,236,362,6,1.5,85,435,20,930,58,394857,23.935
MANSFIELD ISD,Fort Worth,2011,20.9,26,1312,2445,26,1.9,463,1961,24,1053,68,304326,38
MANSFIELD ISD,Fort Worth,2012,20.9,26,1437,2571,30,1.8,522,2039,26,1053,68,293078,41
MANSFIELD ISD,Fort Worth,2013,20.8,32,1452,2902,31,2,519,2159,24,1057,66,298968,47
MANSFIELD ISD,Fort Worth,2014,21.3,32,1355,2667,35,2,543,2154,25,1059,66,298201,50
MANSFIELD ISD,Fort Worth,2015,21.1,37,1488,3327,36,2.2,619,2273,27,1056,68,299533,41.35
MANSFIELD ISD,Fort Worth,2016,21,38,1559,3420,35,2.2,635,2412,26,1044,67,304304,40.31
MANSFIELD ISD,Fort Worth,2017,21.2,36,1653,3812,39,2.3,685,2436,28,1063,68,322050,39.705
MARBLE FALLS ISD,Austin,2011,22.3,39,101,195,35,1.9,75,267,28,1055,58,751177,44
MARBLE FALLS ISD,Austin,2012,21.1,38,87,164,38,1.9,62,232,27,1059,38,754097,37
MARBLE FALLS ISD,Austin,2013,20.6,36,108,202,35,1.9,66,266,25,1059,43,760294,32
MARBLE FALLS ISD,Austin,2014,21.2,38,78,136,50,1.7,63,272,23,1045,49,771953,44
MARBLE FALLS ISD,Austin,2015,21.5,43,79,177,60,2.2,68,262,26,1060,45,777127,44.425
MARBLE FALLS ISD,Austin,2016,21.6,37,107,250,44,2.3,50,281,18,1062,39,758024,43.14475113
MARBLE FALLS ISD,Austin,2017,22.6,26,130,304,43,2.3,47,263,18,1090,43,799350,44.73
MCKINNEY ISD,Richardson,2011,23,47,1298,3154,61,2.4,296,1429,21,1127,75,383840,47
MCKINNEY ISD,Richardson,2012,23.7,47,1478,3832,63,2.6,285,1467,19,1147,67,379570,58
MCKINNEY ISD,Richardson,2013,23.9,46,1498,3807,64,2.5,315,1562,20,1157,63,386689,50
MCKINNEY ISD,Richardson,2014,23.3,42,1588,4026,60,2.5,329,1578,21,1145,62,387547,51
MCKINNEY ISD,Richardson,2015,23.4,48,1829,4966,56,2.7,341,1660,21,1140,64,406248,50.935
MCKINNEY ISD,Richardson,2016,23.4,49,1884,5044,58,2.7,323,1748,18,1137,63,434453,50.32
MCKINNEY ISD,Richardson,2017,23.7,49,1875,5127,56,2.7,372,1758,21,1139,64,477580,51.415
MESQUITE ISD,Richardson,2011,19.2,27,645,1253,35,1.9,439,2429,18,1014,58,173861,36
MESQUITE ISD,Richardson,2012,19.1,24,746,1399,39,1.9,426,2348,18,996,50,164305,30
MESQUITE ISD,Richardson,2013,18.2,24,822,1601,40,1.9,394,2490,16,995,48,159323,33
MESQUITE ISD,Richardson,2014,18.9,23,1041,1962,41,1.9,433,2543,17,995,52,152759,34
MESQUITE ISD,Richardson,2015,18.7,25,1254,2937,32,2.3,429,2566,17,984,51,152165,33.29047532
MESQUITE ISD,Richardson,2016,18.5,31,1301,2927,30,2.2,457,2575,18,966,52,150316,32.04571298
MESQUITE ISD,Richardson,2017,18.5,31,1257,2730,35,2.2,463,2565,18,981,53,158391,32.59071298
MIDLOTHIAN ISD,Richardson,2011,21.5,56,222,454,37,2,115,529,22,1108,50,377098,52
MIDLOTHIAN ISD,Richardson,2012,22,53,216,420,44,1.9,118,496,24,1103,44,373084,52
MIDLOTHIAN ISD,Richardson,2013,22.2,53,200,456,48,2.3,114,521,22,1074,49,364426,54
MIDLOTHIAN ISD,Richardson,2014,22.3,52,206,438,58,2.1,125,527,24,1096,46,353849,56
MIDLOTHIAN ISD,Richardson,2015,22.3,55,259,546,48,2.1,127,517,25,1110,49,361219,52.425
MIDLOTHIAN ISD,Richardson,2016,21.8,54,270,577,56,2.1,130,507,26,1092,47,365655,52.455
MIDLOTHIAN ISD,Richardson,2017,22,46,261,683,53,2.6,125,605,21,1111,46,391337,48.175
NEW BRAUNFELS ISD,Austin,2011,21.9,22,250,745,62,3,144,556,26,1077,64,390190,32
NEW BRAUNFELS ISD,Austin,2012,21.9,22,285,792,55,2.8,128,555,23,1082,60,385312,41
NEW BRAUNFELS ISD,Austin,2013,21.9,18,274,751,57,2.7,133,555,24,1101,59,389897,38
NEW BRAUNFELS ISD,Austin,2014,22.3,22,284,775,46,2.7,98,545,18,1096,57,394429,47
NEW BRAUNFELS ISD,Austin,2015,22.5,25,281,738,52,2.6,167,630,27,1093,57,411556,43.87
NEW BRAUNFELS ISD,Austin,2016,22.7,21,263,627,54,2.4,116,587,20,1096,53,435311,43.01
NEW BRAUNFELS ISD,Austin,2017,22.8,23,268,583,54,2.2,141,582,24,1094,58,481152,42.395
NORTH EAST ISD,San Antonio,2011,22.3,25,2969,7517,47,2.5,1074,4285,25,1097,72,435807,36
NORTH EAST ISD,San Antonio,2012,21.9,27,3106,7875,48,2.5,1040,4425,24,1100,69,424008,37
NORTH EAST ISD,San Antonio,2013,21.6,27,3257,8352,49,2.6,1096,4634,24,1084,69,422025,43
NORTH EAST ISD,San Antonio,2014,22.4,27,3362,8781,51,2.6,1151,4676,25,1091,69,425971,46
NORTH EAST ISD,San Antonio,2015,22.3,29,3707,10081,47,2.7,1164,4723,25,1091,68,445203,42.395
NORTH EAST ISD,San Antonio,2016,22.2,31,3551,9539,51,2.7,1199,4864,25,1069,70,473823,41.295
NORTH EAST ISD,San Antonio,2017,22.8,28,3806,10479,52,2.8,1271,4981,26,1089,68,525985,43.305
NORTHSIDE ISD,San Antonio,2011,21.4,24,3967,8705,35,2.2,1077,5678,19,1049,68,355682,33
NORTHSIDE ISD,San Antonio,2012,21.2,22,3958,8592,36,2.2,1134,6020,19,1034,63,347261,39
NORTHSIDE ISD,San Antonio,2013,21.6,20,4078,8932,39,2.2,1185,6038,20,1045,63,346026,41
NORTHSIDE ISD,San Antonio,2014,21.2,22,4402,9964,39,2.3,1412,6444,22,1055,60,349563,41
NORTHSIDE ISD,San Antonio,2015,21.1,21,4655,11369,36,2.4,1330,6555,20,1052,60,363517,39.955
NORTHSIDE ISD,San Antonio,2016,21.3,17,4878,11682,37,2.4,1451,6861,21,969,93,385379,32.265
NORTHSIDE ISD,San Antonio,2017,22.1,15,4790,11360,40,2.4,1552,6856,23,981,95,432999,32.565
NORTHWEST ISD,Fort Worth,2011,22.7,27,434,974,53,2.2,150,771,19,1079,72,728886,34
NORTHWEST ISD,Fort Worth,2012,22.8,33,617,1444,44,2.3,185,889,21,1080,68,649557,30
NORTHWEST ISD,Fort Worth,2013,22.5,36,725,1783,47,2.5,222,964,23,1088,64,622609,43
NORTHWEST ISD,Fort Worth,2014,22.6,38,796,1940,44,2.4,273,1083,25,1090,63,578270,47
NORTHWEST ISD,Fort Worth,2015,20.5,94,854,2237,54,2.6,277,1154,24,1109,58,544034,49.73975113
NORTHWEST ISD,Fort Worth,2016,20.1,100,1079,3034,51,2.8,268,1193,22,1102,49,565840,48.51975113
NORTHWEST ISD,Fort Worth,2017,23.1,35,1208,3404,51,2.8,335,1351,25,1048,96,575909,39.92
PASADENA ISD,Houston,2011,18.9,10,1356,2811,30,2.1,323,2874,11,1007,44,211175,27
PASADENA ISD,Houston,2012,19.2,15,1304,2816,31,2.2,392,2961,13,987,47,197326,27
PASADENA ISD,Houston,2013,19.8,13,1289,2990,33,2.3,343,2997,11,988,47,193179,34
PASADENA ISD,Houston,2014,19.8,16,1501,3649,32,2.4,436,2997,15,983,51,194446,34
PASADENA ISD,Houston,2015,19.2,17,1635,4482,31,2.7,390,3216,12,979,52,203115,30.94595065
PASADENA ISD,Houston,2016,18.9,15,1780,4443,28,2.5,420,3396,12,962,52,209501,30.01118831
PASADENA ISD,Houston,2017,19.3,12,1888,4820,30,2.6,481,3472,14,991,53,228115,29.87047532
PEARLAND ISD,Houston,2011,22.1,20,637,1572,56,2.5,288,1185,24,1098,68,313079,39
PEARLAND ISD,Houston,2012,21.4,21,689,1701,59,2.5,292,1252,23,1086,63,301850,44
PEARLAND ISD,Houston,2013,21.4,22,849,2338,56,2.8,282,1327,21,1079,54,296335,50
PEARLAND ISD,Houston,2014,22.5,21,925,2663,59,2.9,336,1332,25,1119,59,292463,53
PEARLAND ISD,Houston,2015,22.8,25,1019,3117,53,3.1,344,1388,25,1134,59,291053,47.235
PEARLAND ISD,Houston,2016,22.8,29,1160,3795,54,3.3,394,1457,27,1114,64,287382,45.175
PEARLAND ISD,Houston,2017,23.1,27,1284,3915,60,3,452,1556,29,1119,63,307573,46.58
PFLUGERVILLE ISD,Austin,2011,20.6,26,813,1927,50,2.4,397,1389,29,1062,76,346234,31
PFLUGERVILLE ISD,Austin,2012,20.3,28,902,2026,47,2.2,358,1418,25,1043,69,327131,31
PFLUGERVILLE ISD,Austin,2013,20.7,34,913,2063,45,2.3,388,1471,26,1040,66,322940,37
PFLUGERVILLE ISD,Austin,2014,20.1,32,917,2137,43,2.3,413,1520,27,1032,68,325796,35
PFLUGERVILLE ISD,Austin,2015,19.9,30,1024,2654,38,2.6,389,1599,24,1026,64,339927,35.835
PFLUGERVILLE ISD,Austin,2016,18.2,94,1084,2861,41,2.6,415,1564,27,1046,56,370464,40.875
PFLUGERVILLE ISD,Austin,2017,18.8,95,1104,3010,45,2.7,411,1588,26,1070,53,416776,43.985
PLANO ISD,Richardson,2011,25.7,50,3200,8471,76,2.6,865,3577,24,1210,78,632444,59
PLANO ISD,Richardson,2012,25.6,49,3157,8627,80,2.7,796,3634,22,1196,74,627117,57
PLANO ISD,Richardson,2013,25.9,52,3303,9556,80,2.9,916,3802,24,1213,71,628109,58
PLANO ISD,Richardson,2014,25.8,53,3574,9939,80,2.8,967,3796,25,1215,70,644625,61
PLANO ISD,Richardson,2015,25.8,58,3673,10464,79,2.8,988,3862,26,1216,69,676205,58.9
PLANO ISD,Richardson,2016,25.6,55,3443,9857,82,2.9,932,3948,24,1206,68,711533,59.27
PLANO ISD,Richardson,2017,25.4,52,3677,10701,78,2.9,999,3967,25,1216,69,787703,57.885
PLEASANTON ISD,San Antonio,2011,20.6,22,118,187,14,1.6,37,218,17,1017,46,203341,37.44239061
PLEASANTON ISD,San Antonio,2012,20.4,25,58,89,20,1.5,31,196,16,1011,31,214467,32
PLEASANTON ISD,San Antonio,2013,20.5,22,66,98,28,1.5,25,218,11,1015,34,233095,36
PLEASANTON ISD,San Antonio,2014,20.1,21,91,143,13,1.6,38,213,18,1009,45,332902,32
PLEASANTON ISD,San Antonio,2015,19.9,18,80,135,18,1.7,39,233,17,993,37,535610,33.05840026
PLEASANTON ISD,San Antonio,2016,19.2,18,74,121,24,1.6,42,254,17,986,41,665175,32.87571298
PLEASANTON ISD,San Antonio,2017,20,20,81,135,18,1.7,44,195,23,967,59,624156,30.85030155
PROSPER ISD,Richardson,2011,22.7,54,213,412,55,1.9,45,200,23,1126,65,412745,67
PROSPER ISD,Richardson,2012,23.4,65,264,547,64,2.1,56,265,21,1130,68,382713,46
PROSPER ISD,Richardson,2013,23.5,61,281,584,62,2.1,56,278,20,1144,64,356936,34
PROSPER ISD,Richardson,2014,23.2,61,292,595,64,2,92,343,27,1133,67,341003,52
PROSPER ISD,Richardson,2015,24,63,330,740,61,2.2,98,407,24,1138,57,352736,50.36
PROSPER ISD,Richardson,2016,23.3,75,335,680,65,2,89,436,20,1140,46,367080,49.42
PROSPER ISD,Richardson,2017,23.4,73,418,836,62,2,127,512,25,1145,50,389151,48.29
RED OAK ISD,Richardson,2011,21.6,33,99,209,42,2.1,71,407,17,1071,59,223496,44
RED OAK ISD,Richardson,2012,20.4,45,110,198,47,1.8,92,416,22,1038,48,219873,42
RED OAK ISD,Richardson,2013,20.5,37,107,208,51,1.9,99,465,21,1026,46,214929,55
RED OAK ISD,Richardson,2014,21,41,101,219,56,2.2,104,451,23,1054,48,216626,35
RED OAK ISD,Richardson,2015,20,41,124,243,54,2,92,384,24,1018,49,224709,39.05
RED OAK ISD,Richardson,2016,20.3,36,124,260,57,2.1,78,439,18,1000,49,237344,34.44
RED OAK ISD,Richardson,2017,19.4,40,99,192,68,1.9,85,428,20,1020,52,259896,36.82
RICHARDSON ISD,Richardson,2011,22.2,46,1634,3871,56,2.4,467,2019,23,1116,74,494286,43
RICHARDSON ISD,Richardson,2012,22.4,43,1588,3773,61,2.4,445,2058,22,1105,67,461633,45
RICHARDSON ISD,Richardson,2013,22.2,46,1607,3824,62,2.4,457,2025,23,1120,65,450786,51
RICHARDSON ISD,Richardson,2014,20.2,92,1715,4075,61,2.4,469,2082,23,1122,59,451178,52
RICHARDSON ISD,Richardson,2015,20.1,96,1696,4057,57,2.4,468,2114,22,1115,56,460677,49.315
RICHARDSON ISD,Richardson,2016,19.5,94,1816,4471,55,2.5,462,2111,22,1111,55,468071,46.915
RICHARDSON ISD,Richardson,2017,20.3,91,1823,4659,53,2.6,465,2124,22,1118,52,499468,49.44475113
ROCKWALL ISD,Richardson,2011,23.2,47,781,1691,54,2.2,212,882,24,1133,72,428552,50
ROCKWALL ISD,Richardson,2012,23.3,40,733,1567,58,2.1,237,1010,23,1144,66,419117,50
ROCKWALL ISD,Richardson,2013,23.4,44,700,1521,63,2.2,244,955,26,1134,64,417638,52
ROCKWALL ISD,Richardson,2014,22.9,46,723,1668,65,2.3,286,1007,28,1128,65,417692,53
ROCKWALL ISD,Richardson,2015,23,44,742.5,1814,61,2.4,281,1065,26,1122,63,424947,48.615
ROCKWALL ISD,Richardson,2016,23.6,48,814,1707,57,2.1,252,1051,24,1122,62,444706,49
ROCKWALL ISD,Richardson,2017,23.5,44,810,1974,58,2.4,271,1102,25,1138,61,466484,49.575
ROUND ROCK ISD,Austin,2011,24,44,2019,4843,70,2.4,772,2627,29,1157,77,490691,47
ROUND ROCK ISD,Austin,2012,24,42,2003,4977,73,2.5,788,2734,29,1158,74,466287,46
ROUND ROCK ISD,Austin,2013,23.7,40,2014,5054,76,2.5,802,2921,27,1158,68,465921,51
ROUND ROCK ISD,Austin,2014,23.9,42,2091,5301,78,2.5,860,3054,28,1159,69,471419,52
ROUND ROCK ISD,Austin,2015,24.2,48,2377,6306,75,2.7,928,3066,30,1155,71,490234,54.285
ROUND ROCK ISD,Austin,2016,24.4,45,2580,6811,75,2.6,896,3247,28,1094,99,540549,48.045
ROUND ROCK ISD,Austin,2017,25.2,41,2710,7464,76,2.8,933,3290,28,1104,97,593255,49.835
ROYSE CITY ISD,Richardson,2011,20,30,143,280,33,2,44,276,16,1033,53,242484,30
ROYSE CITY ISD,Richardson,2012,21,25,127,271,29,2.1,37,267,14,1023,49,236626,49
ROYSE CITY ISD,Richardson,2013,21.4,20,98,166,37,1.7,39,298,13,1017,52,229081,46
ROYSE CITY ISD,Richardson,2014,21.6,24,99,173,40,1.7,55,271,20,1042,58,226520,55
ROYSE CITY ISD,Richardson,2015,20.7,22,105,201,36,1.9,62,306,20,1028,56,227406,39.07605977
ROYSE CITY ISD,Richardson,2016,21.3,23,111,222,40,2,67,345,19,1041,43,228599,42.42663586
ROYSE CITY ISD,Richardson,2017,22.4,18,102,206,37,2,66,343,19,1066,47,246203,41.28721195
SAN ANTONIO ISD,San Antonio,2011,16.7,27,1501,2816,7,1.9,254,2777,9,907,57,245848,13
SAN ANTONIO ISD,San Antonio,2012,17,39,1478,2726,10,1.8,338,2696,13,907,57,237062,13
SAN ANTONIO ISD,San Antonio,2013,16.7,39,1331,2483,10,1.9,345,2693,13,903,58,237214,18
SAN ANTONIO ISD,San Antonio,2014,16.7,42,1371,2295,10,1.7,373,2519,15,894,61,244098,24
SAN ANTONIO ISD,San Antonio,2015,16.3,41,1372.5,3189,12,2.3,332,2613,13,876,63,250468,20.565
SAN ANTONIO ISD,San Antonio,2016,16.9,39,1575,3622,9,2.3,395,2534,16,889,65,262291,20.45
SAN ANTONIO ISD,San Antonio,2017,18.1,21,1642.5,3987,8,2.4,445,2672,17,857,100,309244,25.19
SANTA FE ISD,Houston,2011,20.3,9,84,125,22,1.5,35,317,11,1038,39,217418,31
SANTA FE ISD,Houston,2012,20,7,79,106,37,1.3,39,331,12,1033,41,232757,64
SANTA FE ISD,Houston,2013,21.7,10,38,59,46,1.6,42,304,14,1066,38,234103,40
SANTA FE ISD,Houston,2014,21,10,36,57,39,1.6,42,287,15,1012,32,239933,43
SANTA FE ISD,Houston,2015,21.6,12,66,111,30,1.7,51,322,16,1020,36,243265,35.43048367
SANTA FE ISD,Houston,2016,20.9,9,82,117,31,1.4,54,312,17,1024,46,237235,38.23827172
SANTA FE ISD,Houston,2017,20.2,8,95,200,24,2.1,42,327,13,1030,40,262302,35.93908547
SCHERTZ-CIBOLO-U CITY ISD,Austin,2011,22.8,20,483,953,40,2,203,882,23,1064,72,279591,28
SCHERTZ-CIBOLO-U CITY ISD,San Antonio,2012,22,24,578,1154,38,2,244,1012,24,1069,65,276266,37
SCHERTZ-CIBOLO-U CITY ISD,San Antonio,2013,22.2,20,631,1465,41,2.3,213,1020,21,1086,57,273136,40
SCHERTZ-CIBOLO-U CITY ISD,San Antonio,2014,21.8,22,677,1365,40,2,229,1015,23,1068,64,281571,39
SCHERTZ-CIBOLO-U CITY ISD,San Antonio,2015,22.2,23,562.5,1326,37,2.4,261,1129,23,1083,63,280992,40.29
SCHERTZ-CIBOLO-U CITY ISD,San Antonio,2016,21.7,25,585,1269,41,2.2,271,1114,24,1070,64,289602,40.36
SCHERTZ-CIBOLO-U CITY ISD,San Antonio,2017,22.5,21,652.5,1370,45,2.1,295,1247,24,1023,92,313889,35.43
SEGUIN ISD,Austin,2011,19.3,24,139,181,21,1.3,86,486,18,1017,54,359068,20
SEGUIN ISD,Austin,2012,20.2,23,176,218,19,1.2,73,473,15,1009,48,371170,25
SEGUIN ISD,Austin,2013,19.5,20,228,375,15,1.6,82,472,17,999,52,395782,34
SEGUIN ISD,Austin,2014,20.1,18,186,313,26,1.7,67,413,16,1016,47,401752,34
SEGUIN ISD,Austin,2015,19.3,20,152,267,20,1.8,61,441,14,1022,37,398107,32.6
SEGUIN ISD,Austin,2016,19.2,19,159,299,21,1.9,72,446,16,1008,45,410739,31.49523766
SEGUIN ISD,Austin,2017,19.4,23,147,272,27,1.9,63,462,14,994,39,435573,32.10721195
SHELDON ISD,Houston,2011,17.4,16,82,145,22,1.8,53,353,15,931,54,720051,19
SHELDON ISD,Houston,2012,17.6,30,84,120,14,1.4,55,343,16,926,53,616900,25
SHELDON ISD,Houston,2013,17.2,28,72,118,11,1.6,44,378,12,905,55,582031,25
SHELDON ISD,Houston,2014,18.1,30,81,138,20,1.7,57,383,15,928,57,610754,32
SHELDON ISD,Houston,2015,17.4,20,160,288,9,1.8,63,430,15,913,57,653775,24.4
SHELDON ISD,Houston,2016,18.5,18,117,222,19,1.9,63,445,14,921,55,639057,28.22
SHELDON ISD,Houston,2017,18.1,12,139,227,12,1.6,59,480,12,866,91,671870,28.99023766
SHERMAN ISD,Richardson,2011,20.8,30,159,347,48,2.2,45,376,12,1123,35,361049,40
SHERMAN ISD,Richardson,2012,21.6,26,167,363,52,2.2,35,385,9,1154,26,354452,63
SHERMAN ISD,Richardson,2013,20.6,32,156,368,58,2.4,49,340,14,1114,34,355057,47
SHERMAN ISD,Richardson,2014,21.3,28,171,444,62,2.6,44,377,12,1116,35,353566,50
SHERMAN ISD,Richardson,2015,20.5,33,219,575,44,2.6,43,402,11,1115,34,353316,44.995
SHERMAN ISD,Richardson,2016,22,32,237,592,58,2.5,43,396,11,1120,32,383595,47.705
SHERMAN ISD,Richardson,2017,21.4,38,219,600,53,2.7,53,403,13,1105,33,408276,46.01975113
SOUTH SAN ANTONIO ISD,San Antonio,2011,17.9,21,74,119,25,1.6,49,422,12,944,54,137309,37
SOUTH SAN ANTONIO ISD,San Antonio,2012,17.7,13,71,113,16,1.6,55,448,12,936,54,132601,24
SOUTH SAN ANTONIO ISD,San Antonio,2013,17.2,21,68,99,8,1.5,44,431,10,929,58,133804,30
SOUTH SAN ANTONIO ISD,San Antonio,2014,17.9,17,143,230,17,1.6,48,500,10,935,39,141665,35
SOUTH SAN ANTONIO ISD,San Antonio,2015,18.2,23,158,276,22,1.7,51,514,10,917,47,142508,27.55244961
SOUTH SAN ANTONIO ISD,San Antonio,2016,17.9,15,132,265,22,2,78,493,16,844,87,147447,30.62190129
SOUTH SAN ANTONIO ISD,San Antonio,2017,18.8,13,166,273,14,1.6,55,533,10,858,83,168538,31.71203818
SOUTHSIDE ISD,San Antonio,2011,19.1,29,131,187,19,1.4,27,298,9,903,69,98207,19
SOUTHSIDE ISD,San Antonio,2012,18,28,111,193,25,1.7,33,295,11,942,51,99783,24
SOUTHSIDE ISD,San Antonio,2013,19.3,17,132,192,29,1.5,31,287,11,966,54,103674,42
SOUTHSIDE ISD,San Antonio,2014,19,23,90,144,28,1.6,42,268,16,925,94,119556,36
SOUTHSIDE ISD,San Antonio,2015,17.9,11,120,152,28,1.3,41,274,15,858,96,159869,34.88047532
SOUTHSIDE ISD,San Antonio,2016,18,17,125,164,15,1.3,47,344,14,845,100,217848,31.445
SOUTHSIDE ISD,San Antonio,2017,17.9,6,75,145,12,1.9,45,325,14,857,100,277041,29.07095065
SOUTHWEST ISD,San Antonio,2011,17.1,5,95,100,12,1.1,50,627,8,926,43,140399,34
SOUTHWEST ISD,San Antonio,2012,18.3,11,83,83,12,1,45,655,7,986,31,128207,36
SOUTHWEST ISD,San Antonio,2013,18,15,112,157,27,1.4,45,719,6,950,37,122476,47
SOUTHWEST ISD,San Antonio,2014,17.8,8,233,348,20,1.5,54,701,8,845,95,123555,37
SOUTHWEST ISD,San Antonio,2015,18.3,6,278,451,18,1.6,71,812,9,842,100,138509,31.65595065
SOUTHWEST ISD,San Antonio,2016,18.5,6,253,477,16,1.9,78,830,9,832,98,157338,31.42213895
SOUTHWEST ISD,San Antonio,2017,17.5,32,313,534,18,1.7,87,855,10,837,87,229647,25.73
SPRING BRANCH ISD,Houston,2011,23.6,49,1275,3315,66,2.6,435,1867,23,1130,79,638169,42
SPRING BRANCH ISD,Houston,2012,23.7,48,1444,3718,64,2.6,447,1835,24,1136,74,611345,49
SPRING BRANCH ISD,Houston,2013,23.4,47,1559,4145,59,2.7,479,2011,24,1113,73,610700,52
SPRING BRANCH ISD,Houston,2014,23.8,48,1538,4098,58,2.7,442,2048,22,1124,72,631879,46
SPRING BRANCH ISD,Houston,2015,23,53,1694,3712.5,57,2.2,433,1998,22,1085,78,684766,46.56
SPRING BRANCH ISD,Houston,2016,23.2,52,1785,4752,53,2.7,512,2143,24,1015,99,755873,41.06
SPRING BRANCH ISD,Houston,2017,23.9,43,1812,4723,55,2.6,478,2199,22,1038,96,888938,42.19
SPRING ISD,Houston,2011,17.8,26,613,1232,24,2,412,1891,22,972,61,229818,19
SPRING ISD,Houston,2012,17.7,28,590,1160,26,2,404,1943,21,942,59,214581,25
SPRING ISD,Houston,2013,17.4,25,583,1084,27,1.9,389,2019,19,942,55,213853,25
SPRING ISD,Houston,2014,18.2,19,671,1318,19,2,366,1977,19,872,97,211387,25
SPRING ISD,Houston,2015,18,16,726,1249,13,1.7,432,2058,21,869,96,221489,26.04244961
SPRING ISD,Houston,2016,18,16,785,1378,13,1.8,418,2016,21,849,96,261311,25.46523766
SPRING ISD,Houston,2017,18.7,12,971,1771,10,1.8,374,2058,18,883,90,317172,28.23721195
TEXAS CITY ISD,Houston,2011,20.8,9,60,85,22,1.4,48,385,12,1008,41,767048,42
TEXAS CITY ISD,Houston,2012,17.8,9,33,59,25,1.8,51,350,15,999,44,689634,24
TEXAS CITY ISD,Houston,2013,18.4,16,57,73,29,1.3,36,364,10,996,39,675672,36
TEXAS CITY ISD,Houston,2014,19.1,11,83,101,19,1.2,52,364,14,979,48,732008,27
TEXAS CITY ISD,Houston,2015,17.7,10,159,268,14,1.7,68,427,16,976,43,654615,28.64
TEXAS CITY ISD,Houston,2016,18.1,14,129,218,21,1.7,57,428,13,960,41,680015,29.025
TEXAS CITY ISD,Houston,2017,18.1,13,188,416,13,2.2,73,588,12,948,39,682310,28.59523766
TOMBALL ISD,Houston,2011,22.1,31,372,736,61,2,166,700,24,1109,66,491002,54
TOMBALL ISD,Houston,2012,22.7,28,376,704,58,1.9,149,701,21,1109,61,485434,56
TOMBALL ISD,Houston,2013,23,23,425,906,57,2.1,165,694,24,1115,59,491841,62
TOMBALL ISD,Houston,2014,23,30,510,1170,56,2.3,201,752,27,1111,66,507914,57
TOMBALL ISD,Houston,2015,22.3,36,514,1147,65,2.2,180,801,22,1107,59,525374,47.08
TOMBALL ISD,Houston,2016,23.3,36,587,1288,70,2.2,178,800,22,1124,62,558608,47.495
TOMBALL ISD,Houston,2017,23.5,34,641,1498,68,2.3,243,903,27,1122,66,628659,46.23
WALLER ISD,Houston,2011,19.4,50,140,276,17,2,57,340,17,1064,25,305105,26
WALLER ISD,Houston,2012,19.1,46,102,231,25,2.3,56,368,15,1037,33,333304,36
WALLER ISD,Houston,2013,20.3,43,76,132,37,1.7,52,349,15,1035,31,324502,38
WALLER ISD,Houston,2014,19.6,47,70,123,32,1.8,53,351,15,1017,37,299353,42
WALLER ISD,Houston,2015,19.2,56,101,143,31,1.4,67,334,20,1010,33,319519,34.55
WALLER ISD,Houston,2016,18,70,118,175,30,1.5,80,384,21,1008,41,303535,30.515
WALLER ISD,Houston,2017,17.9,76,148,258,35,1.7,76,422,18,1014,34,334082,32.42
WAXAHACHIE ISD,Richardson,2011,21.3,29,116,191,49,1.6,81,499,16,1055,49,396353,30
WAXAHACHIE ISD,Richardson,2012,20.6,30,99,175,40,1.8,95,517,18,1065,45,385162,44
WAXAHACHIE ISD,Richardson,2013,21,27,161,278,31,1.7,104,505,21,1056,49,378685,40
WAXAHACHIE ISD,Richardson,2014,21.3,24,173,336,32,1.9,112,557,20,1067,50,372530,39
WAXAHACHIE ISD,Richardson,2015,22.6,26,124,250,40,2,98,545,18,1074,46,368652,42.71
WAXAHACHIE ISD,Richardson,2016,21.4,29,106,234,51,2.2,106,538,20,1050,53,369706,42.67
WAXAHACHIE ISD,Richardson,2017,22,30,104,195,41,1.9,134,586,23,1067,54,384990,40.66
WEATHERFORD ISD,Fort Worth,2011,21.8,22,297,560,51,1.9,86,494,17,1123,52,469325,56
WEATHERFORD ISD,Fort Worth,2012,22,24,217,441,49,2,85,508,17,1086,47,470315,53
WEATHERFORD ISD,Fort Worth,2013,22.2,27,167,335,60,2,84,507,17,1093,45,462058,45
WEATHERFORD ISD,Fort Worth,2014,20.9,29,194,399,62,2.1,77,493,16,1061,47,460732,53
WEATHERFORD ISD,Fort Worth,2015,21.3,23,170,403,56,2.4,77,520,15,1076,46,469749,45.09
WEATHERFORD ISD,Fort Worth,2016,20.9,23,256,555,48,2.2,84,514,16,1051,47,467703,45.12
WEATHERFORD ISD,Fort Worth,2017,21.3,32,184,388,54,2.1,89,590,15,1050,41,495369,45.375
WHITE SETTLEMENT ISD,Fort Worth,2011,19.5,22,75,128,39,1.7,34,383,9,1033,40,267932,24
WHITE SETTLEMENT ISD,Fort Worth,2012,19.8,21,120,206,29,1.7,46,446,10,1010,46,246907,22
WHITE SETTLEMENT ISD,Fort Worth,2013,20.3,26,144,257,32,1.8,59,402,15,1014,43,252344,25
WHITE SETTLEMENT ISD,Fort Worth,2014,20.3,32,136,262,42,1.9,65,412,16,1015,49,275583,42
WHITE SETTLEMENT ISD,Fort Worth,2015,20.1,29,155,305,31,2,62,397,16,999,49,245106,31.39268728
WHITE SETTLEMENT ISD,Fort Worth,2016,20,31,188,368,23,2,65,420,15,1008,54,254187,32.57489923
WHITE SETTLEMENT ISD,Fort Worth,2017,20,32,100,192,42,1.9,74,418,18,1001,55,251597,35.81
WIMBERLEY ISD,Austin,2011,23.3,51,89,173,58,1.9,52,155,34,1152,87,727482,29
WIMBERLEY ISD,Austin,2012,22.3,51,85,130,52,1.5,54,179,30,1122,75,730476,43
WIMBERLEY ISD,Austin,2013,23.4,44,78,113,70,1.4,52,149,35,1148,68,735402,38
WIMBERLEY ISD,Austin,2014,23.8,43,107,175,68,1.6,47,162,29,1164,70,738706,43
WIMBERLEY ISD,Austin,2015,23.5,60,100,167,72,1.7,51,170,30,1159,69,748028,48.1
WIMBERLEY ISD,Austin,2016,23.5,53,82,136,74,1.7,38,141,27,1158,53,727220,50.895
WIMBERLEY ISD,Austin,2017,22.7,52,105,190,76,1.8,47,152,31,1119,72,772555,49.44975113
WYLIE ISD,Richardson,2011,23.1,28,278,527,56,1.9,121,721,17,1076,56,260926,31
WYLIE ISD,Richardson,2012,22.2,38,312,619,58,2,119,707,17,1079,60,255453,44
WYLIE ISD,Richardson,2013,22.3,32,336,656,59,2,152,802,19,1099,48,252732,45
WYLIE ISD,Richardson,2014,21.8,38,405,779,52,1.9,139,794,18,1071,51,249380,49
WYLIE ISD,Richardson,2015,21.9,42,422,824,54,2,154,858,18,1078,52,260321,44.59
WYLIE ISD,Richardson,2016,22,46,500,1035,56,2.1,199,949,21,1067,53,264703,43.45
WYLIE ISD,Richardson,2017,22.1,40,655,1439,56,2.2,187,993,19,1103,57,292170,45.095
