DistName,RegnName,ACT-Composite,ACT-Part_Rate,Year,AP-11&12 Participating Students,AP-Total Exams,AP-Passed(%),AP-Exams Taken Per Student,Enrolled 4-Year,Total Graduated,Enrolled 4-Year (%),SAT-Total,SAT-Part_Rate,Wealth/ADA,Graduated 4-Year,Graduated 4-Year (%)
ALAMO HEIGHTS ISD,San Antonio,24.2,50.9,2011,336,739,66.4,2.199404762,73,379,19.26121372,1107,87.5,1098268,43,58.90410959
ALAMO HEIGHTS ISD,San Antonio,23.9,52.1,2012,355,836,66.3,2.354929577,101,374,27.00534759,1109,85,1061587,42,41.58415842
ALAMO HEIGHTS ISD,San Antonio,24.7,64.5,2013,328,753,69.2,2.295731707,102,355,28.73239437,1105,84.5,1056007,66,64.70588235
ALAMO HEIGHTS ISD,San Antonio,24.7,58.9,2014,292,668,74,2.287671233,104,353,29.46175637,1117,83.9,1081447,58,55.76923077
ALDINE ISD,Houston,17.7,26.1,2011,1399,2582,15.9,1.845604003,496,2991,16.58308258,881,51.7,227596,95,19.15322581
ALDINE ISD,Houston,17.7,28.9,2012,1359,2344,18.8,1.724797645,523,2980,17.55033557,869,48.9,210385,121,23.13575526
ALDINE ISD,Houston,17.8,28.9,2013,1240,2191,17.9,1.766935484,447,3052,14.64613368,861,51.7,211736,107,23.93736018
ALDINE ISD,Houston,17.7,36.5,2014,1545,2722,16.9,1.761812298,542,3080,17.5974026,860,53.2,215342,129,23.80073801
ALEDO ISD,Fort Worth,24.9,49.4,2011,243,520,62.9,2.139917695,97,372,26.07526882,1108,80.9,571536,46,47.42268041
ALEDO ISD,Fort Worth,24.2,52.4,2012,254,533,67.7,2.098425197,90,393,22.90076336,1093,69.7,578269,58,64.44444444
ALEDO ISD,Fort Worth,23.9,52.4,2013,270,563,60.6,2.085185185,82,349,23.49570201,1084,74.5,541482,41,50
ALEDO ISD,Fort Worth,24.1,61.8,2014,296,632,67.9,2.135135135,95,359,26.46239554,1091,75.2,520317,52,54.73684211
ALIEF ISD,Houston,18.2,18.7,2011,1410,2791,21.8,1.979432624,492,2558,19.23377639,893,62.8,267266,111,22.56097561
ALIEF ISD,Houston,18.2,20.7,2012,1564,3182,18.8,2.034526854,455,2425,18.7628866,880,58.8,249968,92,20.21978022
ALIEF ISD,Houston,18.1,22.6,2013,1232,2164,28.1,1.756493506,461,2566,17.96570538,873,60.3,248959,125,27.11496746
ALIEF ISD,Houston,18.2,25.4,2014,1113,2132,33.3,1.915543576,504,2600,19.38461538,877,64.4,249467,138,27.38095238
ALLEN ISD,Richardson,24.1,48.8,2011,837,1796,60.1,2.145758662,221,1218,18.14449918,1096,76.2,390167,132,59.72850679
ALLEN ISD,Richardson,24.1,45.1,2012,864,2005,65.9,2.320601852,271,1215,22.30452675,1084,74.7,387115,134,49.44649446
ALLEN ISD,Richardson,24.4,42.2,2013,763,1783,72.4,2.336828309,257,1300,19.76923077,1104,70.3,388622,159,61.86770428
ALLEN ISD,Richardson,24.1,45.8,2014,850,2113,79.6,2.485882353,295,1407,20.96659559,1092,67.6,397446,178,60.33898305
ALVIN ISD,Houston,20.3,17.2,2011,399,943,40.1,2.363408521,139,920,15.10869565,953,53.7,216299,57,41.00719424
ALVIN ISD,Houston,20.4,18.8,2012,424,970,48.9,2.287735849,164,1021,16.06268364,951,50.5,213786,51,31.09756098
ALVIN ISD,Houston,20.6,17.8,2013,398,848,48.1,2.130653266,188,1056,17.8030303,971,46,213476,69,36.70212766
ALVIN ISD,Houston,20.2,18,2014,447,985,49.8,2.203579418,195,1022,19.08023483,962,49.7,212809,77,39.48717949
ANAHUAC ISD,Houston,20.4,46.9,2013,48,72,9.7,1.5,18,81,22.22222222,895,55.6,278893,6,33.33333333
ANAHUAC ISD,Houston,19,46.2,2014,67.5,90,3.1,1.333333333,21,65,32.30769231,905,63.1,332679,7,33.33333333
ANGLETON ISD,Houston,21.3,8.7,2011,101,198,39.4,1.96039604,88,463,19.00647948,967,50.5,396881,41,46.59090909
ANGLETON ISD,Houston,21.2,6.2,2012,95,164,36,1.726315789,54,404,13.36633663,957,40.3,359004,18,33.33333333
ANGLETON ISD,Houston,19.9,12.3,2013,116,218,34.4,1.879310345,65,473,13.74207188,945,38.9,358284,24,36.92307692
ANGLETON ISD,Houston,18.6,11.3,2014,154,289,36.3,1.876623377,70,417,16.78657074,965,43.2,360331,31,44.28571429
ARGYLE ISD,Fort Worth,24.6,50.3,2011,94,215,72.6,2.287234043,51,153,33.33333333,1097,83.7,598246,28,54.90196078
ARGYLE ISD,Fort Worth,23.6,64.2,2012,89,202,62.4,2.269662921,68,162,41.97530864,1079,80.2,599216,33,48.52941176
ARGYLE ISD,Fort Worth,23.3,62,2013,83,190,69.5,2.289156627,49,150,32.66666667,1069,71.3,607796,24,48.97959184
ARGYLE ISD,Fort Worth,24.5,73.3,2014,116,245,72.7,2.112068966,55,176,31.25,1082,81.3,574613,34,61.81818182
ARLINGTON ISD,Fort Worth,21,25.2,2011,1229,2662,43.3,2.165988609,807,3611,22.34837995,985,65.2,338766,306,37.91821561
ARLINGTON ISD,Fort Worth,20.9,23.1,2012,1242,2584,43.4,2.080515298,749,3616,20.71349558,984,60.8,314773,308,41.12149533
ARLINGTON ISD,Fort Worth,20.8,23.2,2013,1320,2812,43.8,2.13030303,790,3760,21.0106383,977,58.3,316340,325,41.13924051
ARLINGTON ISD,Fort Worth,20.7,28.6,2014,1493,3126,46.3,2.093770931,790,3655,21.61422709,973,60.7,325124,341,43.16455696
AUSTIN ISD,Austin,21.3,32.6,2011,3188,6933,49.1,2.174717691,855,4174,20.48394825,1015,72.8,793908,313,36.60818713
AUSTIN ISD,Austin,21.4,33.6,2012,2980,6346,53.9,2.129530201,873,4259,20.49776943,1020,65.1,751327,335,38.37342497
AUSTIN ISD,Austin,21.5,35.3,2013,3004,6244,53.1,2.078561917,858,4236,20.25495751,1025,63.7,768123,372,43.35664336
AUSTIN ISD,Austin,21.9,36.1,2014,2767.5,6749,54.6,2.438663053,898,4155,21.61251504,1026,67.5,805850,384,42.76169265
AZLE ISD,Fort Worth,22.3,21.3,2011,73,129,46.5,1.767123288,55,342,16.08187135,987,60.9,432477,20,36.36363636
AZLE ISD,Fort Worth,21.7,23.1,2012,82,132,40.2,1.609756098,46,346,13.29479769,964,50,425292,17,36.95652174
AZLE ISD,Fort Worth,21.4,28.1,2013,94,164,34.1,1.744680851,69,388,17.78350515,962,54.6,413243,17,24.63768116
AZLE ISD,Fort Worth,22,29.1,2014,118,211,36,1.788135593,64,385,16.62337662,982,50.4,391884,24,37.5
BANDERA ISD,San Antonio,23.1,50.9,2011,124,263,19,2.120967742,41,192,21.35416667,1013,70.6,533528,16,39.02439024
BANDERA ISD,San Antonio,20.8,40.1,2012,54,87,36.8,1.611111111,36,172,20.93023256,965,57,578911,10,27.77777778
BANDERA ISD,San Antonio,20.9,52.4,2013,47,85,34.1,1.808510638,29,168,17.26190476,1013,63.1,599874,15,51.72413793
BANDERA ISD,San Antonio,22,45.1,2014,30,52,50,1.733333333,40,162,24.69135802,1010,56.2,624854,11,27.5
BARBERS HILL ISD,Houston,22.1,17.9,2011,86,142,60.6,1.651162791,63,282,22.34042553,1029,60.4,751007,27,42.85714286
BARBERS HILL ISD,Houston,21.8,23.3,2012,70,103,50.5,1.471428571,57,270,21.11111111,1015,54.8,697273,25,43.85964912
BARBERS HILL ISD,Houston,21.3,21.5,2013,91,158,48.7,1.736263736,52,289,17.99307958,998,61.2,789780,28,53.84615385
BARBERS HILL ISD,Houston,21.7,25.9,2014,156,269,55.4,1.724358974,65,332,19.57831325,1013,53.9,905494,30,46.15384615
BASTROP ISD,Austin,19.4,15.4,2011,247,506,33.6,2.048582996,112,525,21.33333333,942,56.1,308882,29,25.89285714
BASTROP ISD,Austin,20,15,2012,112,221,59.3,1.973214286,89,515,17.2815534,952,52.8,316748,27,30.33707865
BASTROP ISD,Austin,20.1,12.2,2013,126,263,51,2.087301587,94,617,15.2350081,938,41.8,318564,26,27.65957447
BASTROP ISD,Austin,20,17.6,2014,135,270,43.7,2,97,569,17.04745167,946,50.3,306454,38,39.17525773
BIRDVILLE ISD,Fort Worth,22,29.7,2011,909,2219,39.8,2.441144114,213,1446,14.73029046,1002,53.2,337577,81,38.02816901
BIRDVILLE ISD,Fort Worth,21.8,30.9,2012,944,2147,47.6,2.274364407,203,1353,15.00369549,993,47.8,309498,90,44.33497537
BIRDVILLE ISD,Fort Worth,21.4,34.1,2013,940,2154,43.8,2.291489362,269,1471,18.28687967,991,46.1,305372,133,49.44237918
BIRDVILLE ISD,Fort Worth,21.4,34.7,2014,971,2258,49,2.325437693,264,1480,17.83783784,995,43.9,311982,122,46.21212121
BLANCO ISD,Austin,19.6,70.1,2012,33,55,47.3,1.666666667,21,67,31.34328358,958,41.8,715930,5,23.80952381
BLANCO ISD,Austin,21.6,73,2013,37,68,57.4,1.837837838,25,74,33.78378378,1025,32.4,727452,8,32
BLANCO ISD,Austin,20.9,66.7,2014,29,51,56.9,1.75862069,19,63,30.15873016,1001,41.3,721038,6,31.57894737
BOERNE ISD,San Antonio,24.4,38.2,2011,427,1183,60.6,2.770491803,181,506,35.77075099,1070,83.5,692549,81,44.75138122
BOERNE ISD,San Antonio,24.4,49.3,2012,445,1139,66.9,2.559550562,144,525,27.42857143,1084,72.6,689003,62,43.05555556
BOERNE ISD,San Antonio,25,44.8,2013,441,1203,68.1,2.727891156,175,569,30.75571178,1094,76.3,674863,100,57.14285714
BOERNE ISD,San Antonio,24.3,46.2,2014,453,1155,66.4,2.549668874,179,558,32.07885305,1080,74,687364,83,46.36871508
BRAZOSPORT ISD,Houston,22.1,17,2011,240,508,58.1,2.116666667,129,874,14.7597254,1001,48.2,588257,62,48.0620155
BRAZOSPORT ISD,Houston,22.2,21.4,2012,211,434,66.4,2.056872038,121,785,15.41401274,1015,40.3,553129,68,56.19834711
BRAZOSPORT ISD,Houston,21.7,23.6,2013,191,356,65.2,1.863874346,126,759,16.60079051,1026,43.2,544943,61,48.41269841
BRAZOSPORT ISD,Houston,22,18.9,2014,186,382,68.8,2.053763441,130,736,17.66304348,994,43.6,553287,72,55.38461538
BRIDGEPORT ISD,Fort Worth,20.2,33.3,2011,37,67,34.3,1.810810811,27,150,18,964,46.2,580285,11,40.74074074
BRIDGEPORT ISD,Fort Worth,21.1,18.7,2012,30,61,54.1,2.033333333,15,150,10,967,36,571326,,
BRIDGEPORT ISD,Fort Worth,21.6,26.4,2013,35,65,41.5,1.857142857,21,129,16.27906977,1005,39.5,631212,6,28.57142857
BRIDGEPORT ISD,Fort Worth,20,35.1,2014,44,71,38,1.613636364,22,134,16.41791045,979,52.2,666860,9,40.90909091
BURLESON ISD,Fort Worth,22.3,13.5,2011,174,366,55.7,2.103448276,100,636,15.72327044,997,52.9,379208,45,45
BURLESON ISD,Fort Worth,21.2,21.6,2012,281,579,48,2.060498221,93,607,15.32125206,1001,51.6,351767,45,48.38709677
BURLESON ISD,Fort Worth,21.4,20.2,2013,386,844,35,2.186528497,99,683,14.49487555,985,54.8,338552,40,40.4040404
BURLESON ISD,Fort Worth,21.7,23.3,2014,491,1083,39.1,2.205702648,138,725,19.03448276,978,56.8,330044,62,44.92753623
CANTON ISD,Richardson,21.5,31.6,2011,65,104,42.3,1.6,21,129,16.27906977,1030,43.6,312980,9,42.85714286
CANTON ISD,Richardson,21.9,31.8,2012,52,78,55.1,1.5,25,132,18.93939394,1015,39.4,311875,11,44
CANTON ISD,Richardson,21.9,34,2013,55,74,41.9,1.345454545,41,141,29.07801418,1013,43.3,305249,15,36.58536585
CANTON ISD,Richardson,23.8,27.3,2014,53,72,47.2,1.358490566,33,139,23.74100719,1047,48.9,300187,17,51.51515152
CARROLL ISD,Fort Worth,25.7,81.6,2011,491,1240,83.9,2.525458248,130,565,23.00884956,1155,93.4,732585,66,50.76923077
CARROLL ISD,Fort Worth,26.1,77.3,2012,526,1362,84.1,2.589353612,172,669,25.71001495,1165,84,714518,108,62.79069767
CARROLL ISD,Fort Worth,26,78.6,2013,524,1345,86.3,2.566793893,144,589,24.44821732,1167,78.3,724355,70,48.61111111
CARROLL ISD,Fort Worth,26.6,81,2014,633,1709,83.7,2.699842022,179,620,28.87096774,1180,81.9,725097,119,66.48044693
CARROLLTON-FARMERS BRANCH ISD,Richardson,21.6,27.5,2011,939,1871,53.3,1.992545261,318,1568,20.28061224,998,63.3,555508,120,37.73584906
CARROLLTON-FARMERS BRANCH ISD,Richardson,21.8,27.4,2012,937,1988,52.6,2.121664888,281,1617,17.37786024,999,59.6,524292,116,41.28113879
CARROLLTON-FARMERS BRANCH ISD,Richardson,20.6,25.7,2013,1026,2162,47.9,2.107212476,285,1671,17.0556553,990,56.5,520350,105,36.84210526
CARROLLTON-FARMERS BRANCH ISD,Richardson,21,25.4,2014,995,2234,49,2.245226131,326,1641,19.86593541,1000,56.6,528929,155,47.54601227
CASTLEBERRY ISD,Fort Worth,19.6,14.8,2011,94,184,16.3,1.957446809,35,172,20.34883721,904,60.5,144198,,
CASTLEBERRY ISD,Fort Worth,19.8,9.1,2012,86,154,12.3,1.790697674,23,164,14.02439024,943,44.5,126550,10,43.47826087
CASTLEBERRY ISD,Fort Worth,19.6,4.6,2013,64,92,18.5,1.4375,19,174,10.91954023,901,41.4,124494,6,31.57894737
CASTLEBERRY ISD,Fort Worth,17.6,4.8,2014,71,114,14.9,1.605633803,23,187,12.29946524,873,45.5,123049,6,26.08695652
CEDAR HILL ISD,Richardson,18.3,60.1,2011,64,122,26.2,1.90625,120,534,22.47191011,872,55.4,349962,26,21.66666667
CEDAR HILL ISD,Richardson,19.1,63.4,2012,63,109,20.2,1.73015873,175,528,33.14393939,906,52.3,336580,38,21.71428571
CEDAR HILL ISD,Richardson,19.2,53.6,2014,38,61,21.3,1.605263158,156,541,28.83548983,911,48.4,335684,40,25.64102564
CELINA ISD,Richardson,22.6,97,2011,85,152,31.6,1.788235294,28,115,24.34782609,1030,42.6,347996,14,50
CELINA ISD,Richardson,22.8,85.5,2012,82,138,59.4,1.682926829,24,145,16.55172414,1104,23.4,331019,12,50
CELINA ISD,Richardson,22.2,75,2013,74,128,54.7,1.72972973,36,148,24.32432432,1018,11.5,330339,19,52.77777778
CELINA ISD,Richardson,21.9,68.7,2014,77,107,46.7,1.38961039,25,134,18.65671642,1021,22.4,330842,18,72
CHANNELVIEW ISD,Houston,17,11.4,2011,159,278,41.4,1.748427673,53,491,10.79429735,898,42.1,286616,9,16.98113208
CHANNELVIEW ISD,Houston,17.8,19.5,2012,257,478,25.9,1.859922179,62,498,12.4497992,872,47.4,277548,15,24.19354839
CHANNELVIEW ISD,Houston,17.7,19.5,2013,288,616,21.6,2.138888889,59,481,12.26611227,897,41.8,271648,19,32.20338983
CHANNELVIEW ISD,Houston,17.3,23,2014,320,608,19.2,1.9,62,486,12.75720165,882,51.4,282106,17,27.41935484
CLEAR CREEK ISD,Houston,23.5,31.2,2011,1504,3264,70.3,2.170212766,800,2671,29.95132909,1069,75.4,421864,349,43.625
CLEAR CREEK ISD,Houston,23.5,32.4,2012,1532,3264,70.9,2.130548303,737,2700,27.2962963,1066,70.7,412053,349,47.3541384
CLEAR CREEK ISD,Houston,23.6,31.8,2013,1634,3633,67.4,2.223378213,746,2797,26.67143368,1069,66.5,417074,359,48.1233244
CLEAR CREEK ISD,Houston,24.1,36.4,2014,1695,3831,72.3,2.260176991,875,2748,31.84133916,1079,68.3,417580,412,47.08571429
CLEBURNE ISD,Fort Worth,22.2,17.7,2011,94,120,35.8,1.276595745,55,389,14.13881748,990,41.4,529519,22,40
CLEBURNE ISD,Fort Worth,22.3,13.9,2012,113,166,31.9,1.469026549,76,418,18.18181818,984,44.3,474731,24,31.57894737
CLEBURNE ISD,Fort Worth,21,14.8,2013,99,193,35.8,1.949494949,62,405,15.30864198,959,44.4,472298,21,33.87096774
CLEBURNE ISD,Fort Worth,21.7,14.5,2014,165,340,34.1,2.060606061,71,394,18.02030457,955,48.2,459469,28,39.43661972
CLEVELAND ISD,Houston,19.1,26.3,2011,32,53,15.1,1.65625,20,160,12.5,908,49.6,196567,5,25
COMAL ISD,Austin,22.1,29.4,2011,583,1235,47.1,2.118353345,336,1159,28.99050906,995,77.4,632631,116,34.52380952
COMAL ISD,Austin,22,30.4,2012,662,1399,41.9,2.113293051,295,1116,26.43369176,1002,66.8,601831,123,41.69491525
COMAL ISD,Austin,22.3,34.2,2013,696,1603,44.6,2.30316092,323,1232,26.21753247,1014,65.3,569987,146,45.20123839
COMAL ISD,Austin,22.2,28.1,2014,867,1965,43.6,2.266435986,379,1263,30.00791766,1013,63.9,565606,173,45.64643799
COMMUNITY ISD,Richardson,20.1,22.3,2014,35,61,14.8,1.742857143,14,103,13.59223301,947,52.4,291190,6,42.85714286
COPPELL ISD,Richardson,25.2,63.9,2011,539,1062,71.1,1.970315399,249,727,34.25034388,1140,87.9,752664,123,49.39759036
COPPELL ISD,Richardson,25.1,65.7,2012,623,1326,73.2,2.128410915,208,778,26.73521851,1150,83.7,690284,125,60.09615385
COPPELL ISD,Richardson,25.2,63.5,2013,715,1686,69.4,2.358041958,252,781,32.26632522,1142,88.7,664460,131,51.98412698
COPPELL ISD,Richardson,25.2,61.9,2014,675,1737,64.5,2.573333333,297,827,35.91293833,1153,86.7,676785,176,59.25925926
CRANDALL ISD,Richardson,20.5,49.1,2011,66,96,7.3,1.454545455,39,176,22.15909091,970,38.5,190696,17,43.58974359
CRANDALL ISD,Richardson,21.1,43.5,2012,74,144,10.4,1.945945946,35,191,18.32460733,1002,42.4,192849,15,42.85714286
CRANDALL ISD,Richardson,20.2,38.1,2014,81,124,27.4,1.530864198,38,226,16.81415929,997,35.4,179088,26,68.42105263
CROSBY ISD,Houston,18.6,32.4,2011,104,206,40.8,1.980769231,54,321,16.82242991,972,46.2,260603,20,37.03703704
CROSBY ISD,Houston,19.4,29.2,2012,101,184,37.5,1.821782178,45,315,14.28571429,981,34.9,272000,21,46.66666667
CROSBY ISD,Houston,19.4,25.4,2013,84,170,43.5,2.023809524,50,335,14.92537313,984,35.5,263186,17,34
CROSBY ISD,Houston,18.8,25.4,2014,65,126,49.2,1.938461538,46,307,14.98371336,963,36.5,254001,11,23.91304348
CROWLEY ISD,Fort Worth,20.2,25.1,2011,283,586,48.8,2.070671378,181,905,20,941,70.3,356715,56,30.93922652
CROWLEY ISD,Fort Worth,19.9,22.9,2012,290,528,46.2,1.820689655,190,910,20.87912088,928,66.2,332041,71,37.36842105
CROWLEY ISD,Fort Worth,19,22.9,2013,291,564,44.7,1.93814433,195,994,19.61770624,917,62.8,342343,61,31.28205128
CROWLEY ISD,Fort Worth,18.6,27.5,2014,524,1029,30.5,1.963740458,198,885,22.37288136,909,59.9,340057,60,30.3030303
CYPRESS-FAIRBANKS ISD,Houston,21.5,28.3,2011,2735,6181,60.4,2.259963437,1481,6310,23.47068146,1025,65.7,348189,597,40.31060095
CYPRESS-FAIRBANKS ISD,Houston,21.6,28.2,2012,2427,5342,65.9,2.201071281,1397,6419,21.76351457,1020,61.6,333118,615,44.02290623
CYPRESS-FAIRBANKS ISD,Houston,21.9,28.2,2013,2620,5896,64.2,2.250381679,1515,6982,21.69865368,1024,60,331245,667,44.02640264
CYPRESS-FAIRBANKS ISD,Houston,21.9,31,2014,2738,5907,64,2.157414171,1696,7161,23.68384304,1023,59.7,338826,849,50.05896226
DALLAS ISD,Richardson,17.1,44.5,2011,5619,13532,21.5,2.408257697,1118,7267,15.38461538,863,66,546939,203,18.15742397
DALLAS ISD,Richardson,17.2,42.8,2012,5569,12825,24.6,2.302926917,1247,7275,17.14089347,863,64.8,513227,280,22.45388933
DALLAS ISD,Richardson,17.1,42.3,2013,5515,13727,24.3,2.489029918,1214,7706,15.75395795,856,64.6,503354,336,27.67710049
DALLAS ISD,Richardson,17.1,45.7,2014,6030,17013,25,2.821393035,1222,7410,16.49122807,865,65.4,511155,322,26.3502455
DAYTON ISD,Houston,19.7,13.4,2011,64,122,29.5,1.90625,38,300,12.66666667,930,46.1,289938,8,21.05263158
DAYTON ISD,Houston,18.7,8,2012,38,66,40.9,1.736842105,38,348,10.91954023,927,37.9,287850,16,42.10526316
DAYTON ISD,Houston,19.5,8.3,2013,41,81,34.6,1.975609756,36,336,10.71428571,938,33.9,306917,15,41.66666667
DAYTON ISD,Houston,18.3,8.9,2014,47,75,25.3,1.595744681,37,314,11.78343949,938,38.5,307752,15,40.54054054
DECATUR ISD,Fort Worth,21.1,63.9,2011,47,91,59.3,1.936170213,50,209,23.92344498,996,42.4,770679,23,46
DECATUR ISD,Fort Worth,21.1,61.5,2012,37,87,72.4,2.351351351,33,205,16.09756098,994,25.9,805956,18,54.54545455
DECATUR ISD,Fort Worth,21.3,43,2013,50,100,48,2,33,186,17.74193548,1005,33.9,774948,17,51.51515152
DECATUR ISD,Fort Worth,21.8,49.3,2014,67,124,42.7,1.850746269,32,203,15.7635468,989,24.6,811515,15,46.875
DEER PARK ISD,Houston,21.8,16.3,2011,240,445,45.6,1.854166667,136,864,15.74074074,1002,44.8,615668,81,59.55882353
DEER PARK ISD,Houston,21.6,16.8,2012,219,417,53.7,1.904109589,118,855,13.80116959,1001,46.9,566381,73,61.86440678
DEER PARK ISD,Houston,22,13,2013,328,516,42.8,1.573170732,129,855,15.0877193,993,45.8,587969,55,42.63565891
DEER PARK ISD,Houston,20.8,17,2014,268,522,47.9,1.947761194,120,928,12.93103448,986,47.3,557202,72,60
DEL VALLE ISD,Austin,18.7,31.7,2011,334,602,24.4,1.80239521,81,612,13.23529412,876,49.4,324622,20,24.69135802
DEL VALLE ISD,Austin,17.4,46.8,2012,307,534,27,1.739413681,89,616,14.44805195,868,29.5,286558,12,13.48314607
DEL VALLE ISD,Austin,17.8,41.2,2013,348,600,18.5,1.724137931,74,611,12.11129296,866,36.3,280218,19,25.67567568
DEL VALLE ISD,Austin,17.6,44.7,2014,379,658,28.3,1.736147757,66,586,11.26279863,847,36.9,281184,12,18.18181818
DENISON ISD,Richardson,21.3,41.7,2011,123,289,49.5,2.349593496,32,319,10.03134796,1036,29.5,290422,14,43.75
DENISON ISD,Richardson,21.7,44.1,2012,119,291,53.3,2.445378151,21,290,7.24137931,1010,28.3,320449,7,33.33333333
DENISON ISD,Richardson,21.7,40.8,2013,101,268,50,2.653465347,32,282,11.34751773,1009,36.5,317733,14,43.75
DENISON ISD,Richardson,21.5,29.8,2014,117,269,44.6,2.299145299,26,282,9.219858156,1024,20.9,320630,13,50
DENTON ISD,Fort Worth,21.2,38,2011,725,1557,39.8,2.147586207,260,1259,20.65131056,1000,57.5,419495,75,28.84615385
DENTON ISD,Fort Worth,20.7,29.7,2012,565,1269,48,2.246017699,280,1229,22.7827502,999,55.2,399725,99,35.35714286
DENTON ISD,Fort Worth,21,30.5,2013,607,1272,48,2.095551895,292,1364,21.40762463,1001,53.4,398843,109,37.32876712
DENTON ISD,Fort Worth,21.1,34.6,2014,690,1493,47.2,2.163768116,320,1510,21.19205298,1003,56.2,405428,122,38.125
DESOTO ISD,Richardson,17.1,46.6,2011,241,426,9.6,1.767634855,148,524,28.24427481,855,74.2,253800,29,19.59459459
DESOTO ISD,Richardson,18,44.1,2012,200,357,13.4,1.785,168,603,27.86069652,868,56.6,247712,23,13.69047619
DESOTO ISD,Richardson,17.2,35.3,2013,115,189,12.2,1.643478261,131,563,23.26820604,851,56.7,245050,23,17.55725191
DESOTO ISD,Richardson,17,34.6,2014,101,175,20,1.732673267,156,711,21.94092827,846,56.4,229265,21,13.46153846
DICKINSON ISD,Houston,19.2,10.5,2011,70,142,28.9,2.028571429,65,509,12.77013752,934,42.1,279136,21,32.30769231
DICKINSON ISD,Houston,18.6,14.6,2012,87,141,22.7,1.620689655,85,556,15.28776978,940,39.6,271853,26,30.58823529
DICKINSON ISD,Houston,20.4,9.5,2013,123,238,21.8,1.93495935,81,557,14.54219031,941,37,267707,27,33.33333333
DICKINSON ISD,Houston,18.7,17.3,2014,221,428,27.1,1.936651584,86,544,15.80882353,928,46.5,268982,28,32.55813953
DRIPPING SPRINGS ISD,Austin,25.5,44,2011,234,579,69.9,2.474358974,104,288,36.11111111,1142,85,597087,54,51.92307692
DRIPPING SPRINGS ISD,Austin,24.6,43.7,2012,265,618,73.6,2.332075472,99,279,35.48387097,1109,85.7,576515,43,43.43434343
DRIPPING SPRINGS ISD,Austin,25.4,48.3,2013,225,498,76.1,2.213333333,97,321,30.21806854,1132,78.2,573734,61,62.88659794
DRIPPING SPRINGS ISD,Austin,24.3,46.1,2014,208,466,78.3,2.240384615,109,334,32.63473054,1098,76.3,549429,59,54.12844037
DUNCANVILLE ISD,Richardson,19.3,41.9,2011,116,235,57,2.025862069,150,733,20.4638472,935,45.6,271364,39,26
DUNCANVILLE ISD,Richardson,19,32,2012,136,301,58.8,2.213235294,123,753,16.33466135,902,40.1,258673,39,31.70731707
DUNCANVILLE ISD,Richardson,19.6,32.9,2013,120,235,58.7,1.958333333,148,797,18.56963614,925,38.9,254311,34,22.97297297
DUNCANVILLE ISD,Richardson,18.6,25.6,2014,111,187,54,1.684684685,159,823,19.31956258,883,46.2,262570,55,34.59119497
EAGLE MT-SAGINAW ISD,Fort Worth,21.4,18.5,2011,432,1052,42,2.435185185,131,893,14.66965286,993,58.1,408471,51,38.93129771
EAGLE MT-SAGINAW ISD,Fort Worth,21.2,22.6,2012,531,1141,41.4,2.148775895,177,910,19.45054945,993,52.5,371491,55,31.07344633
EAGLE MT-SAGINAW ISD,Fort Worth,21.2,26.9,2013,570,1190,39.6,2.087719298,194,999,19.41941942,987,50.8,360252,81,41.75257732
EAGLE MT-SAGINAW ISD,Fort Worth,20.5,39.4,2014,603,1219,46.2,2.021558872,182,1113,16.35220126,964,48.7,348061,84,46.15384615
EAGLE PASS ISD,San Antonio,17.8,19.9,2011,236,392,42.6,1.661016949,189,886,21.33182844,865,62.5,120275,53,28.04232804
EAGLE PASS ISD,San Antonio,17.9,14,2012,300,480,45.8,1.6,189,936,20.19230769,853,60.7,122595,68,35.97883598
EAGLE PASS ISD,San Antonio,18.4,11.3,2013,316,521,50.3,1.648734177,192,963,19.9376947,880,53.5,122048,76,39.58333333
EAGLE PASS ISD,San Antonio,19.4,7.4,2014,263,407,56.3,1.547528517,183,919,19.91294886,884,54.3,130623,65,35.51912568
EANES ISD,Austin,27,66.6,2011,802,2600,76.5,3.241895262,222,617,35.98055105,1214,97.7,1293693,117,52.7027027
EANES ISD,Austin,26.6,72.2,2012,768,2485,77.1,3.235677083,195,629,31.00158983,1193,92.1,1214826,98,50.25641026
EANES ISD,Austin,27.1,73.2,2013,782,2527,79.9,3.231457801,190,597,31.82579564,1212,87.9,1227376,105,55.26315789
EANES ISD,Austin,27.3,75,2014,836,2699,78.5,3.2284689,222,647,34.3122102,1221,84.7,1257940,137,61.71171171
EAST CENTRAL ISD,San Antonio,19.8,14.3,2011,150,315,28.6,2.1,68,604,11.25827815,909,50.8,207495,16,23.52941176
EAST CENTRAL ISD,San Antonio,19.5,27.8,2012,202,334,30.8,1.653465347,84,589,14.2614601,909,56.9,211273,29,34.52380952
EAST CENTRAL ISD,San Antonio,19.3,28.3,2013,225,434,29,1.928888889,93,668,13.92215569,903,53,215008,25,26.88172043
EAST CENTRAL ISD,San Antonio,18.9,29.7,2014,321,619,21.8,1.92834891,80,627,12.75917065,906,49.8,228991,40,50
EDGEWOOD ISD,San Antonio,17.8,23.9,2011,289,433,6.5,1.498269896,66,594,11.11111111,802,53.9,83223,14,21.21212121
EDGEWOOD ISD,San Antonio,16.1,38.9,2012,240,422,8.8,1.758333333,65,481,13.51351351,794,54.7,83316,17,26.15384615
EDGEWOOD ISD,San Antonio,16.3,27.3,2013,303,520,6.3,1.716171617,64,549,11.6575592,799,49.9,83962,5,7.8125
EDGEWOOD ISD,San Antonio,16.9,25.7,2014,360,789,7,2.191666667,58,533,10.88180113,796,51.2,86952,11,18.96551724
ELGIN ISD,Austin,19,20.7,2011,45,74,54.1,1.644444444,47,212,22.16981132,941,46.8,238009,12,25.53191489
ELGIN ISD,Austin,20,19.7,2013,130,233,24,1.792307692,37,239,15.48117155,903,45.6,225322,8,21.62162162
ELGIN ISD,Austin,20.1,14.1,2014,159,317,20.5,1.993710692,46,249,18.47389558,951,51.8,222659,20,43.47826087
ENNIS ISD,Richardson,20.6,47.4,2011,114,214,37.4,1.877192982,61,348,17.52873563,1022,25.5,313461,22,36.06557377
ENNIS ISD,Richardson,19.1,49.1,2012,139,229,37.6,1.647482014,54,328,16.46341463,953,24.4,312229,19,35.18518519
ENNIS ISD,Richardson,19.8,42.6,2013,151,282,36.2,1.867549669,49,345,14.20289855,985,23.2,321287,24,48.97959184
ENNIS ISD,Richardson,19.5,46.3,2014,142,272,37.1,1.915492958,50,341,14.6627566,993,22.9,322444,24,48
EVERMAN ISD,Fort Worth,17,43.9,2011,126,192,6.3,1.523809524,37,216,17.12962963,853,61.7,239027,6,16.21621622
EVERMAN ISD,Fort Worth,16.1,31.3,2013,145,199,11.1,1.372413793,50,275,18.18181818,826,45.5,213330,9,18
EVERMAN ISD,Fort Worth,16.4,18.7,2014,176,277,11.9,1.573863636,44,273,16.11721612,834,58.6,213709,22,50
FLORESVILLE ISD,San Antonio,19.6,33.2,2011,114,155,13.5,1.359649123,34,267,12.7340824,924,54.9,258912,20,58.82352941
FLORESVILLE ISD,San Antonio,20.2,40.1,2012,89,126,23,1.415730337,59,279,21.14695341,941,59.1,267336,20,33.89830508
FLORESVILLE ISD,San Antonio,19.8,45.5,2013,108,149,25.5,1.37962963,62,321,19.31464174,931,54.8,272347,24,38.70967742
FLORESVILLE ISD,San Antonio,19.2,56.1,2014,105,148,23,1.40952381,52,255,20.39215686,933,64.3,276454,19,36.53846154
FORNEY ISD,Richardson,20.5,24.8,2011,149,334,34.7,2.241610738,93,453,20.52980132,980,63.1,292929,39,41.93548387
FORNEY ISD,Richardson,20.1,25.5,2012,179,336,47.9,1.877094972,93,478,19.45606695,950,61.5,284379,40,43.01075269
FORNEY ISD,Richardson,21.8,21.6,2013,182,334,52.4,1.835164835,108,546,19.78021978,972,53.5,280185,37,34.25925926
FORNEY ISD,Richardson,20.8,24.6,2014,190,352,52.3,1.852631579,99,553,17.90235081,979,53.3,278211,56,56.56565657
FORT BEND ISD,Houston,22.5,34.5,2011,2612,7116,69.5,2.724349158,1565,4836,32.36145575,1027,83,351127,577,36.86900958
FORT BEND ISD,Houston,22.3,33.3,2012,2607,6951,73.9,2.666283084,1579,5027,31.41038393,1021,79.4,351495,625,39.58201393
FORT BEND ISD,Houston,22.3,30.3,2013,2650,7254,71.9,2.737358491,1557,5077,30.66771716,1033,73.4,353175,664,42.64611432
FORT BEND ISD,Houston,22.1,33.9,2014,3042,7605,72.4,2.5,1713,5031,34.04889684,1034,74.5,355737,748,43.6660829
FORT WORTH ISD,Fort Worth,18.1,27.5,2011,2052,4734,27.1,2.307017544,547,3863,14.15997929,905,58.6,343130,131,23.9488117
FORT WORTH ISD,Fort Worth,18.2,29.6,2012,1786,3935,33.9,2.20324748,539,3642,14.79956068,897,56.4,322648,140,25.97402597
FORT WORTH ISD,Fort Worth,18.2,29.2,2013,1928,3988,30.7,2.06846473,558,3646,15.30444323,892,59.4,328206,178,31.89964158
FORT WORTH ISD,Fort Worth,17.9,26.6,2014,2362.5,5757,28.2,2.436825397,584,3740,15.61497326,832,97.9,335477,147,25.17123288
FREDERICKSBURG ISD,Austin,21.5,41.4,2011,121,252,58.7,2.082644628,62,242,25.61983471,1003,63.9,815998,26,41.93548387
FREDERICKSBURG ISD,Austin,22,37.4,2012,103,193,61.7,1.873786408,58,219,26.48401826,1025,63.5,817930,21,36.20689655
FREDERICKSBURG ISD,Austin,22.1,36.6,2013,103,223,59.2,2.165048544,70,246,28.45528455,1025,56.5,828348,24,34.28571429
FREDERICKSBURG ISD,Austin,21.8,36.6,2014,105,236,54.7,2.247619048,63,235,26.80851064,1013,60.4,857468,33,52.38095238
FRIENDSWOOD ISD,Houston,25,47.9,2011,319,825,73.7,2.586206897,154,493,31.23732252,1116,88,354657,79,51.2987013
FRIENDSWOOD ISD,Houston,24.7,39.6,2012,321,744,81.7,2.317757009,145,485,29.89690722,1102,77.7,356827,93,64.13793103
FRIENDSWOOD ISD,Houston,25,43.7,2013,346,874,73.9,2.526011561,155,481,32.22453222,1111,77.3,364220,104,67.09677419
FRIENDSWOOD ISD,Houston,25,40.5,2014,311,843,81.1,2.710610932,153,491,31.16089613,1113,79.8,369076,115,75.16339869
FRISCO ISD,Richardson,23.6,46.2,2011,1252,2973,70.3,2.374600639,358,1740,20.57471264,1062,68.7,448014,178,49.72067039
FRISCO ISD,Richardson,23.6,51.6,2012,1440,3356,71.6,2.330555556,451,1962,22.98674822,1075,65.8,409845,245,54.32372506
FRISCO ISD,Richardson,23.6,49.7,2013,1659,4070,71.9,2.453285112,517,2234,23.14234557,1078,64.3,398568,280,54.15860735
FRISCO ISD,Richardson,24.1,52.8,2014,1907,4665,74.5,2.446250655,603,2388,25.25125628,1092,65.8,389497,350,58.04311774
GALENA PARK ISD,Houston,18.1,37.4,2011,267,537,55.1,2.011235955,208,1414,14.71004243,893,31.8,289183,24,11.53846154
GALENA PARK ISD,Houston,18.1,36.8,2012,305,554,59,1.816393443,241,1497,16.0988644,875,29.9,277597,47,19.50207469
GALENA PARK ISD,Houston,18.7,33.6,2013,327,648,57.9,1.981651376,230,1532,15.01305483,890,28,270212,52,22.60869565
GALENA PARK ISD,Houston,17.9,33.6,2014,349,657,48.7,1.88252149,190,1541,12.32965607,890,25,308002,41,21.57894737
GALVESTON ISD,Houston,19.6,16.4,2011,185,400,29.8,2.162162162,69,416,16.58653846,936,52,724883,27,39.13043478
GALVESTON ISD,Houston,19.4,24.7,2012,215,468,33.5,2.176744186,72,392,18.36734694,902,55.9,785608,23,31.94444444
GALVESTON ISD,Houston,20,28.5,2013,200,390,35.1,1.95,85,459,18.51851852,963,48.6,817696,31,36.47058824
GALVESTON ISD,Houston,20.3,22.3,2014,162,291,38.1,1.796296296,57,381,14.96062992,918,48,861978,25,43.85964912
GARLAND ISD,Richardson,20.6,25.9,2011,1637,3448,41.6,2.106291998,659,3772,17.47083775,973,52.6,249795,257,38.99848255
GARLAND ISD,Richardson,20.9,24.6,2012,1549,3196,40.2,2.063266624,696,3869,17.98914448,972,51,242390,291,41.81034483
GARLAND ISD,Richardson,20.6,23.6,2013,1347,2746,44.6,2.038604306,661,3940,16.77664975,970,44.5,240230,284,42.96520424
GARLAND ISD,Richardson,20.7,26.8,2014,1462.5,3308,41.1,2.261880342,699,3957,17.66489765,974,49.8,240611,329,47.06723891
GEORGETOWN ISD,Austin,21.8,35.9,2011,261,528,61.2,2.022988506,211,714,29.55182073,1043,66.6,529858,90,42.65402844
GEORGETOWN ISD,Austin,23,33.3,2012,237,503,64.6,2.122362869,206,685,30.0729927,1062,61.5,539763,90,43.68932039
GEORGETOWN ISD,Austin,22.4,32.7,2013,245,454,65.6,1.853061224,178,694,25.64841499,1046,63.3,548453,78,43.82022472
GEORGETOWN ISD,Austin,22.7,34.3,2014,292,534,64,1.828767123,198,792,25,1056,62.4,555072,100,50.50505051
GIDDINGS ISD,Austin,19.8,25.8,2011,36,60,38.3,1.666666667,28,140,20,967,53.1,408700,16,57.14285714
GIDDINGS ISD,Austin,19.3,218.2,2012,50,76,27.6,1.52,,11,,928,772.7,431860,,#DIV/0!
GIDDINGS ISD,Austin,19.8,20.8,2013,47,64,29.7,1.361702128,35,149,23.48993289,949,51,408946,18,51.42857143
GIDDINGS ISD,Austin,18.4,11.2,2014,47,60,30,1.276595745,24,143,16.78321678,933,54.5,421893,18,75
GONZALES ISD,Austin,19.4,46.2,2011,34,51,9.8,1.5,17,134,12.68656716,943,36.1,242721,6,35.29411765
GONZALES ISD,Austin,21.2,28.2,2013,42,63,23.8,1.5,34,163,20.85889571,962,36.2,249437,18,52.94117647
GRANBURY ISD,Fort Worth,22.9,35.1,2011,203,358,49.4,1.763546798,92,411,22.38442822,1051,55.6,767593,29,31.52173913
GRANBURY ISD,Fort Worth,21.7,40,2012,226,410,50.2,1.814159292,117,462,25.32467532,998,46.5,772115,45,38.46153846
GRANBURY ISD,Fort Worth,22.2,42.6,2013,238,463,45.4,1.945378151,118,397,29.72292191,1013,53.4,754804,54,45.76271186
GRANBURY ISD,Fort Worth,21.9,45.8,2014,188,378,43.7,2.010638298,105,395,26.58227848,1016,45.6,762202,39,37.14285714
GRAND PRAIRIE ISD,Richardson,19.2,25.9,2012,707,1345,27.3,1.902404526,247,1569,15.74251115,936,41.9,185641,71,28.74493927
GRAND PRAIRIE ISD,Richardson,18.7,21.8,2013,852,1528,24.1,1.79342723,254,1640,15.48780488,917,49.1,182429,69,27.16535433
GRAND PRAIRIE ISD,Richardson,18.9,25.1,2014,936,1793,22.3,1.915598291,287,1742,16.47531573,910,47.4,173211,96,33.44947735
GRAPEVINE-COLLEYVILLE ISD,Fort Worth,24.5,52.1,2011,1142,3338,65.6,2.922942207,264,1058,24.95274102,1099,82.4,791537,148,56.06060606
GRAPEVINE-COLLEYVILLE ISD,Fort Worth,24.3,55.8,2012,1080,3093,69.7,2.863888889,272,1045,26.02870813,1096,76.8,766565,162,59.55882353
GRAPEVINE-COLLEYVILLE ISD,Fort Worth,24.5,50.8,2013,1010,2976,71.4,2.946534653,268,1106,24.23146474,1100,74.1,792003,159,59.32835821
GRAPEVINE-COLLEYVILLE ISD,Fort Worth,24.5,52.7,2014,1081,3066,65.9,2.83626272,242,988,24.49392713,1098,70.5,785247,145,59.91735537
GREENVILLE ISD,Richardson,18.3,19.5,2011,109,193,12.4,1.770642202,45,267,16.85393258,967,39.8,330209,15,33.33333333
GREENVILLE ISD,Richardson,19.9,19.8,2012,45,60,30,1.333333333,46,268,17.1641791,989,38.8,353126,17,36.95652174
HARLANDALE ISD,San Antonio,18.7,23.9,2011,311,425,13.2,1.366559486,93,826,11.2590799,865,46.8,90871,14,15.05376344
HARLANDALE ISD,San Antonio,17.9,28,2012,315,464,11.4,1.473015873,97,860,11.27906977,857,49.7,85263,25,25.77319588
HARLANDALE ISD,San Antonio,17.4,27.4,2013,275,421,13.5,1.530909091,102,842,12.11401425,798,92.3,83293,32,31.37254902
HARLANDALE ISD,San Antonio,18.4,24.9,2014,409,671,9.2,1.640586797,122,887,13.75422773,791,89.9,81759,38,31.14754098
HIGHLAND PARK ISD,Richardson,26.8,81.2,2011,772,2387,68.1,3.091968912,151,508,29.72440945,1215,94.4,1920412,98,64.90066225
HIGHLAND PARK ISD,Richardson,26.6,80.5,2012,764,2368,66.3,3.09947644,121,483,25.05175983,1213,85.7,1821457,87,71.90082645
HIGHLAND PARK ISD,Richardson,27.2,84.9,2014,817,2504,72.8,3.064871481,120,502,23.90438247,1217,69.5,1748197,91,75.83333333
HONDO ISD,San Antonio,20.3,60,2014,32,59,40.7,1.84375,36,145,24.82758621,958,20,250578,,
HOUSTON ISD,Houston,19.6,29.7,2011,6786,14971,33.6,2.206159741,2128,9955,21.37619287,915,68.5,591624,401,18.84398496
HOUSTON ISD,Houston,20.5,21.9,2012,7600,16479,32.6,2.168289474,2231,9684,23.03800083,848,97.6,569432,463,20.75302555
HOUSTON ISD,Houston,20.5,21.2,2013,7560,16403,34.9,2.169708995,2015,9487,21.23959102,850,96.1,578069,472,23.42431762
HOUSTON ISD,Houston,20.5,20.6,2014,7428,16085,34.9,2.165455035,1980,9580,20.66805846,839,98,597768,506,25.55555556
HUFFMAN ISD,Houston,21.8,20.5,2011,104,183,35.5,1.759615385,35,202,17.32673267,978,71.6,256255,14,40
HUFFMAN ISD,Houston,19.9,18.9,2012,74,138,40.6,1.864864865,46,228,20.1754386,975,69.3,250183,19,41.30434783
HUFFMAN ISD,Houston,22.2,13.4,2013,48,84,50,1.75,35,186,18.8172043,975,55.9,262155,19,54.28571429
HUFFMAN ISD,Houston,22.3,14.9,2014,69,108,43.5,1.565217391,40,202,19.8019802,988,53,251819,16,40
HUMBLE ISD,Houston,22.4,30.3,2011,978,1989,58.1,2.033742331,580,2452,23.65415987,1011,69.2,293248,215,37.06896552
HUMBLE ISD,Houston,22,32.7,2012,1261,2494,55.7,1.9777954,571,2538,22.49802994,1001,65.6,286829,207,36.25218914
HUMBLE ISD,Houston,22.3,28.2,2013,1215,2566,56.2,2.111934156,595,2557,23.26945639,1000,63.3,283061,271,45.54621849
HUMBLE ISD,Houston,22.8,31.3,2014,1326,2520,59.2,1.900452489,634,2562,24.74629196,1012,60.4,279638,288,45.42586751
HURST-EULESS-BEDFORD ISD,Fort Worth,22,31.6,2011,619,1105,58.8,1.785137318,274,1457,18.80576527,1028,55,430237,98,35.76642336
HURST-EULESS-BEDFORD ISD,Fort Worth,21.8,35.4,2012,670,1095,54.1,1.634328358,275,1417,19.40719831,1011,57,408613,109,39.63636364
HURST-EULESS-BEDFORD ISD,Fort Worth,21.1,32.7,2013,646,1018,58,1.575851393,254,1422,17.86216596,1000,55.8,407853,99,38.97637795
HURST-EULESS-BEDFORD ISD,Fort Worth,21.9,32.4,2014,719,1211,52.9,1.684283727,235,1443,16.28551629,1022,54,410262,105,44.68085106
HUTTO ISD,Austin,20.9,28.3,2011,163,332,34.3,2.036809816,57,275,20.72727273,954,66.9,265353,11,19.29824561
HUTTO ISD,Austin,19.5,21.9,2012,123,242,45.9,1.967479675,73,319,22.88401254,958,59.2,257525,29,39.7260274
HUTTO ISD,Austin,20.2,26,2013,103,200,41.5,1.941747573,71,335,21.19402985,966,61.5,259548,32,45.07042254
HUTTO ISD,Austin,20.4,33.8,2014,122,261,29.5,2.139344262,62,317,19.55835962,934,54.3,257165,22,35.48387097
INGRAM ISD,San Antonio,21.3,37.5,2011,43,61,37.7,1.418604651,13,82,15.85365854,964,67.5,433730,6,46.15384615
IRVING ISD,Richardson,18.7,15.2,2011,957,1837,27.3,1.91954023,286,1949,14.67419189,847,78.4,286194,73,25.52447552
IRVING ISD,Richardson,19.2,13.7,2012,1037,2103,28.1,2.027965284,262,1922,13.63163371,861,78.6,267332,78,29.77099237
IRVING ISD,Richardson,18.4,11.1,2013,1059,2129,27.4,2.010387158,271,2010,13.48258706,834,83.5,264581,74,27.30627306
IRVING ISD,Richardson,18.7,15.2,2014,1239,2484,27.5,2.004842615,251,1998,12.56256256,837,87.1,262509,83,33.06772908
JOSHUA ISD,Fort Worth,20.6,17.8,2011,56,97,66,1.732142857,52,288,18.05555556,992,51.7,359225,18,34.61538462
JOSHUA ISD,Fort Worth,21.6,13.5,2012,42,73,63,1.738095238,47,289,16.26297578,986,53.3,334284,13,27.65957447
JOSHUA ISD,Fort Worth,22.2,14.8,2013,36,56,64.3,1.555555556,61,305,20,1011,49.5,332789,30,49.18032787
JUDSON ISD,San Antonio,19.3,13.6,2011,361,673,37.3,1.864265928,188,1256,14.96815287,924,57.9,289992,46,24.46808511
JUDSON ISD,San Antonio,18.9,15.9,2012,308,541,39.7,1.756493506,197,1369,14.39006574,897,60.2,284328,45,22.84263959
JUDSON ISD,San Antonio,19,16.4,2013,247,467,41.3,1.890688259,275,1334,20.61469265,903,65.7,280166,67,24.36363636
JUDSON ISD,San Antonio,18.6,14.6,2014,240,382.5,38.5,1.59375,229,1366,16.76427526,893,63.5,287277,81,35.37117904
KATY ISD,Houston,23.7,34.8,2011,2423,6522,78,2.691704499,993,4078,24.35017165,1071,75.4,330939,450,45.31722054
KATY ISD,Houston,23.5,37.3,2012,2625,6978,76.9,2.658285714,939,4090,22.95843521,1068,71.7,327631,436,46.43237487
KATY ISD,Houston,23.6,36,2013,2811,7635,74.3,2.716115261,954,4259,22.39962432,1071,70.4,331108,480,50.31446541
KATY ISD,Houston,23.9,37.1,2014,2781,7698,79.5,2.76806904,1077,4457,24.16423603,1074,70,338212,537,49.86072423
KAUFMAN ISD,Richardson,17.9,9.6,2011,66,125,27.2,1.893939394,33,216,15.27777778,943,48,179593,15,45.45454545
KELLER ISD,Fort Worth,22.7,39,2011,1074,2472,59.4,2.301675978,470,2004,23.45309381,1044,66.4,347047,205,43.61702128
KELLER ISD,Fort Worth,23.1,37,2012,1178,2734,63.1,2.320882852,499,2075,24.04819277,1050,64,340389,212,42.48496994
KELLER ISD,Fort Worth,22.8,44.5,2013,1410,3186,63,2.259574468,499,2172,22.97421731,1049,63.1,345629,247,49.498998
KELLER ISD,Fort Worth,23.1,47.2,2014,1574,3717,62.8,2.361499365,559,2315,24.14686825,1053,60.8,348489,289,51.69946333
KENNEDALE ISD,Fort Worth,20.7,18.1,2011,51,82,47.6,1.607843137,42,208,20.19230769,950,66.8,331825,14,33.33333333
KENNEDALE ISD,Fort Worth,20,18.2,2012,38,51,62.7,1.342105263,54,220,24.54545455,966,67.3,316270,26,48.14814815
KENNEDALE ISD,Fort Worth,21.8,19.5,2013,42,52,75,1.238095238,51,226,22.56637168,979,51.3,325209,31,60.78431373
KENNEDALE ISD,Fort Worth,21.3,23.7,2014,43,63,60.3,1.465116279,38,211,18.00947867,980,63,325660,20,52.63157895
KERRVILLE ISD,San Antonio,22.8,18,2011,153,275,57.8,1.797385621,72,332,21.68674699,1004,63.7,476934,21,29.16666667
KERRVILLE ISD,San Antonio,22.5,13.5,2012,132,288,62.2,2.181818182,51,312,16.34615385,1022,55.4,489113,21,41.17647059
KERRVILLE ISD,San Antonio,22.4,14.6,2013,180,347,51.6,1.927777778,65,335,19.40298507,1030,53.4,494725,22,33.84615385
KERRVILLE ISD,San Antonio,22.3,15.2,2014,207,454,55.3,2.193236715,74,323,22.91021672,1023,61.6,486896,26,35.13513514
KLEIN ISD,Houston,22.4,27.4,2011,1119,2304,57.9,2.058981233,743,3065,24.24143556,1021,70.6,301357,294,39.56931359
KLEIN ISD,Houston,22.9,28,2012,1034,2138,59.4,2.067698259,717,3061,23.42371774,1024,65.2,285220,312,43.51464435
KLEIN ISD,Houston,22.4,26.5,2013,1055,2110,57.7,2,720,3106,23.18094012,1018,61,282795,325,45.13888889
KLEIN ISD,Houston,22.4,28.3,2014,1012.5,2211,58.6,2.183703704,733,3197,22.92774476,1024,58.4,282036,355,48.43110505
KRUM ISD,Fort Worth,21.8,18.1,2011,33,66,48.5,2,13,99,13.13131313,978,55.4,446225,,
KRUM ISD,Fort Worth,21.3,35.1,2013,39,56,46.4,1.435897436,24,111,21.62162162,945,48.6,388088,13,54.16666667
KRUM ISD,Fort Worth,20.7,39.4,2014,37,59,39,1.594594595,22,99,22.22222222,981,55.6,344256,11,50
LA GRANGE ISD,Austin,20.8,15.9,2011,39,57,73.7,1.461538462,30,146,20.54794521,1011,63.6,523995,23,76.66666667
LA GRANGE ISD,Austin,20.7,20.7,2012,58,83,63.9,1.431034483,16,111,14.41441441,998,57.7,524082,11,68.75
LA GRANGE ISD,Austin,21.6,13.6,2013,74,103,61.2,1.391891892,30,154,19.48051948,1005,59.1,508932,22,73.33333333
LA GRANGE ISD,Austin,21.4,11.6,2014,60,98,60.2,1.633333333,25,155,16.12903226,977,50.3,557146,20,80
LA PORTE ISD,Houston,20.1,16.7,2011,186,345,36.5,1.85483871,60,525,11.42857143,968,48.3,849915,28,46.66666667
LA PORTE ISD,Houston,20,20.5,2012,151,293,41,1.940397351,82,484,16.94214876,970,50,823231,32,39.02439024
LA PORTE ISD,Houston,19.5,11.2,2013,151,312,43.6,2.066225166,59,544,10.84558824,969,40.1,845785,32,54.23728814
LA PORTE ISD,Houston,18.9,13,2014,210,443,29.6,2.10952381,66,524,12.59541985,953,44.8,898184,22,33.33333333
LA VERNIA ISD,San Antonio,21.9,27.2,2011,52,72,63.9,1.384615385,44,210,20.95238095,1001,68.5,230871,13,29.54545455
LA VERNIA ISD,San Antonio,22.2,25.4,2012,56,69,55.1,1.232142857,42,205,20.48780488,996,62.4,243224,22,52.38095238
LA VERNIA ISD,San Antonio,21.2,28,2013,48,58,46.6,1.208333333,37,200,18.5,972,53.5,260077,17,45.94594595
LA VERNIA ISD,San Antonio,20.6,25.5,2014,81,95,45.3,1.172839506,52,216,24.07407407,974,62,268247,26,50
LAGO VISTA ISD,Austin,21.1,36.4,2011,55,104,52.9,1.890909091,21,92,22.82608696,1026,65.9,1217369,,
LAGO VISTA ISD,Austin,21.2,44.7,2012,55,122,60.7,2.218181818,34,76,44.73684211,1025,77.6,1122652,8,23.52941176
LAGO VISTA ISD,Austin,23.3,47.4,2013,61,123,65,2.016393443,24,97,24.74226804,1030,62.9,1091340,12,50
LAGO VISTA ISD,Austin,23,51.1,2014,54,130,56.9,2.407407407,24,92,26.08695652,1014,57.6,1020808,11,45.83333333
LAKE DALLAS ISD,Fort Worth,21.8,23,2011,75,116,49.1,1.546666667,47,251,18.7250996,994,63,324484,22,46.80851064
LAKE DALLAS ISD,Fort Worth,22,22.7,2012,72,106,52.8,1.472222222,40,260,15.38461538,1000,59.2,313195,22,55
LAKE DALLAS ISD,Fort Worth,22.3,36.5,2013,75,111,43.2,1.48,60,282,21.27659574,1021,59.6,320677,30,50
LAKE DALLAS ISD,Fort Worth,22.5,29.9,2014,67,87,54,1.298507463,61,274,22.26277372,998,58,327185,29,47.54098361
LAKE TRAVIS ISD,Austin,24.3,47.7,2011,348,714,73,2.051724138,153,424,36.08490566,1117,90.8,1066698,68,44.44444444
LAKE TRAVIS ISD,Austin,25.2,45.4,2012,360,752,78.5,2.088888889,152,513,29.62962963,1122,79.7,965921,75,49.34210526
LAKE TRAVIS ISD,Austin,24.7,54.5,2013,438,988,72.3,2.255707763,186,494,37.65182186,1138,86.8,939378,79,42.47311828
LAKE TRAVIS ISD,Austin,25.1,56.5,2014,487,1036,71.9,2.127310062,177,533,33.20825516,1136,81.6,915434,103,58.1920904
LAKE WORTH ISD,Fort Worth,17.4,25,2011,50,99,21.2,1.98,12,135,8.888888889,905,46,249057,,
LAKE WORTH ISD,Fort Worth,20.1,17.8,2012,53,79,22.8,1.490566038,19,135,14.07407407,858,58.5,236361,5,26.31578947
LAKE WORTH ISD,Fort Worth,17.4,37.4,2014,45,83,14.5,1.844444444,20,163,12.26993865,872,49.7,235722,,
LANCASTER ISD,Richardson,15.4,62.3,2011,138,200,4.5,1.449275362,82,329,24.92401216,802,58.1,262718,7,8.536585366
LANCASTER ISD,Richardson,16.1,30.8,2012,127,213,4.2,1.677165354,86,334,25.74850299,818,56.6,261013,15,17.44186047
LANCASTER ISD,Richardson,16,42,2013,196,316,4.4,1.612244898,79,348,22.70114943,788,60.3,252102,6,7.594936709
LANCASTER ISD,Richardson,16.4,43,2014,186,347,3.5,1.865591398,85,365,23.28767123,802,52.1,232472,24,28.23529412
LEANDER ISD,Austin,23.7,40.4,2011,1284,2802,59.4,2.182242991,456,1723,26.46546721,1070,77.8,429373,199,43.64035088
LEANDER ISD,Austin,23.2,39.3,2012,1434,2953,62.1,2.059274756,540,1903,28.37624803,1056,69.3,401483,236,43.7037037
LEANDER ISD,Austin,23.8,39.2,2013,1664,3643,64.4,2.189302885,567,2076,27.31213873,1075,68.3,397625,300,52.91005291
LEANDER ISD,Austin,23.6,39.5,2014,1597.5,3960,66.8,2.478873239,599,2037,29.4059892,1081,71.3,400260,301,50.25041736
LEWISVILLE ISD,Fort Worth,23.8,44.4,2011,1951,4325,72.1,2.216811891,756,3487,21.68052767,1079,70.3,471674,352,46.56084656
LEWISVILLE ISD,Fort Worth,23.7,41,2012,2014,4392,72.4,2.180734856,767,3439,22.30299506,1088,68.3,457115,371,48.37027379
LEWISVILLE ISD,Fort Worth,24,40.5,2013,2136,4763,71.4,2.229868914,820,3577,22.92423819,1094,67.7,465378,417,50.85365854
LEWISVILLE ISD,Fort Worth,23.7,40.7,2014,2126,4832,75.4,2.272812794,872,3642,23.94288852,1091,65.6,471430,501,57.45412844
LIBERTY HILL ISD,Austin,23.6,35.8,2011,86,117,65.8,1.360465116,42,179,23.46368715,1058,62.3,397559,18,42.85714286
LIBERTY HILL ISD,Austin,22.5,33.5,2012,75,110,63.6,1.466666667,50,170,29.41176471,1031,65.3,387378,19,38
LIBERTY HILL ISD,Austin,23.4,30.5,2013,88,130,65.4,1.477272727,37,167,22.15568862,1040,57.5,378196,16,43.24324324
LIBERTY HILL ISD,Austin,24,38.1,2014,101,140,63.6,1.386138614,46,202,22.77227723,1039,61.9,362894,22,47.82608696
LIBERTY ISD,Houston,19.1,24.6,2011,29,71,28.2,2.448275862,20,121,16.52892562,915,54.2,378162,6,30
LIBERTY ISD,Houston,19.1,28.9,2012,36,60,31.7,1.666666667,25,121,20.66115702,970,66.1,359996,12,48
LINDSAY ISD,Fort Worth,24.7,50,2011,37,51,35.3,1.378378378,16,43,37.20930233,1064,80,373435,10,62.5
LITTLE ELM ISD,Fort Worth,20.4,29.7,2011,182,428,28.7,2.351648352,60,301,19.93355482,963,62.9,284871,9,15
LITTLE ELM ISD,Fort Worth,19.2,34.5,2012,165,390,28.2,2.363636364,64,339,18.87905605,918,54,273718,16,25
LITTLE ELM ISD,Fort Worth,19.9,27.9,2013,177,410,38.5,2.316384181,51,341,14.95601173,941,51,296573,14,27.45098039
LITTLE ELM ISD,Fort Worth,20.3,36.2,2014,140,322,44.7,2.3,73,365,20,964,52.3,292988,27,36.98630137
LLANO ISD,Austin,23.3,20,2014,95,171,8.8,1.8,35,115,30.43478261,972,60.9,1744509,14,40
LOCKHART ISD,Austin,18.8,33.9,2011,70,107,43,1.528571429,61,320,19.0625,909,47.5,194200,15,24.59016393
LOCKHART ISD,Austin,18.4,31.4,2012,111,183,39.3,1.648648649,60,331,18.12688822,947,46.5,200928,19,31.66666667
LOCKHART ISD,Austin,19.8,20.9,2013,89,188,40.4,2.112359551,64,320,20,932,48.8,213087,21,32.8125
LOCKHART ISD,Austin,19.2,24.2,2014,155,294,26.9,1.896774194,66,298,22.14765101,917,51.7,207941,16,24.24242424
LOVEJOY ISD,Richardson,24,61.8,2011,303,706,51.6,2.330033003,52,229,22.70742358,1096,93.2,447132,38,73.07692308
LOVEJOY ISD,Richardson,24.3,68.6,2012,345,921,60.9,2.669565217,62,242,25.61983471,1124,82.6,434606,30,48.38709677
LOVEJOY ISD,Richardson,25.4,63.5,2013,395,1134,60,2.870886076,78,274,28.46715328,1127,83.2,434201,54,69.23076923
LOVEJOY ISD,Richardson,25.6,67.3,2014,341,935,72.5,2.741935484,75,275,27.27272727,1144,82.2,435809,40,53.33333333
LYTLE ISD,San Antonio,18.5,61.6,2011,44,54,13,1.227272727,25,136,18.38235294,942,37.6,132264,6,24
LYTLE ISD,San Antonio,17.8,47.5,2014,41,54,29.6,1.317073171,8,122,6.557377049,900,25.4,143012,5,62.5
MABANK ISD,Richardson,20.9,18.9,2011,81,94,31.9,1.160493827,21,227,9.251101322,954,38.7,333112,13,61.9047619
MABANK ISD,Richardson,20.7,37.8,2012,105,156,25,1.485714286,25,241,10.37344398,952,34,323884,7,28
MABANK ISD,Richardson,21.6,42.8,2013,104,164,25.6,1.576923077,40,236,16.94915254,1026,32.2,330707,15,37.5
MABANK ISD,Richardson,21.8,30.8,2014,84,120,42.5,1.428571429,24,211,11.37440758,1016,25.6,328954,15,62.5
MANOR ISD,Austin,16.6,31.9,2011,191,313,4.2,1.638743455,64,336,19.04761905,849,63.2,441022,17,26.5625
MANOR ISD,Austin,16.9,52.5,2012,118,162,11.7,1.372881356,67,284,23.5915493,854,66.5,374184,12,17.91044776
MANOR ISD,Austin,16.8,44,2013,174,283,9.5,1.626436782,75,373,20.10723861,835,62.5,327997,14,18.66666667
MANOR ISD,Austin,17.5,45.2,2014,251,368,5.7,1.466135458,98,392,25,852,68.4,301301,27,27.55102041
MANSFIELD ISD,Fort Worth,20.9,25.7,2011,1312,2445,25.9,1.863567073,463,1961,23.61040286,977,67.9,304326,175,37.79697624
MANSFIELD ISD,Fort Worth,20.9,25.8,2012,1437,2571,30.1,1.78914405,522,2039,25.6007847,975,68.4,293078,212,40.61302682
MANSFIELD ISD,Fort Worth,20.8,32.1,2013,1452,2902,31.4,1.99862259,519,2159,24.0389069,978,66.1,298968,243,46.82080925
MANSFIELD ISD,Fort Worth,21.3,31.6,2014,1355,2667,34.8,1.968265683,543,2154,25.20891365,987,65.9,298201,270,49.72375691
MARBLE FALLS ISD,Austin,22.3,38.9,2011,101,195,34.9,1.930693069,75,267,28.08988764,980,57.7,751177,33,44
MARBLE FALLS ISD,Austin,21.1,37.5,2012,87,164,37.8,1.885057471,62,232,26.72413793,989,37.9,754097,23,37.09677419
MARBLE FALLS ISD,Austin,20.6,36.1,2013,108,202,34.7,1.87037037,66,266,24.81203008,985,43.2,760294,21,31.81818182
MARBLE FALLS ISD,Austin,21.2,37.9,2014,78,136,50,1.743589744,63,272,23.16176471,981,48.9,771953,28,44.44444444
MCKINNEY ISD,Richardson,23,47.2,2011,1298,3154,60.9,2.429892142,296,1429,20.71378586,1051,74.9,383840,138,46.62162162
MCKINNEY ISD,Richardson,23.7,46.5,2012,1478,3832,62.8,2.592692828,285,1467,19.42740286,1073,66.6,379570,165,57.89473684
MCKINNEY ISD,Richardson,23.9,46.4,2013,1498,3807,64.4,2.541388518,315,1562,20.16645327,1079,62.7,386689,156,49.52380952
MCKINNEY ISD,Richardson,23.3,42,2014,1588,4026,60.3,2.535264484,329,1578,20.84917617,1072,61.5,387547,169,51.36778116
MELISSA ISD,Richardson,21.7,60,2014,58,62,25.8,1.068965517,26,130,20,1006,45.4,241211,16,61.53846154
MESQUITE ISD,Richardson,19.2,26.5,2011,645,1253,35.1,1.942635659,439,2429,18.07328119,930,57.7,173861,156,35.53530752
MESQUITE ISD,Richardson,19.1,24.1,2012,746,1399,39.1,1.875335121,426,2348,18.14310051,916,50.4,164305,127,29.81220657
MESQUITE ISD,Richardson,18.2,23.5,2013,822,1601,39.7,1.947688564,394,2490,15.82329317,908,47.9,159323,131,33.24873096
MESQUITE ISD,Richardson,18.9,22.8,2014,1041,1962,40.8,1.884726225,433,2543,17.02713331,905,51.6,152759,149,34.41108545
MIDLOTHIAN ISD,Richardson,21.5,56,2011,222,454,37.2,2.045045045,115,529,21.73913043,1029,49.8,377098,60,52.17391304
MIDLOTHIAN ISD,Richardson,22,53.4,2012,216,420,44,1.944444444,118,496,23.79032258,1034,43.8,373084,61,51.69491525
MIDLOTHIAN ISD,Richardson,22.2,53.2,2013,200,456,48,2.28,114,521,21.88099808,1008,48.6,364426,61,53.50877193
MIDLOTHIAN ISD,Richardson,22.3,51.6,2014,206,438,58.2,2.126213592,125,527,23.71916509,1024,45.7,353849,70,56
MINERAL WELLS ISD,Fort Worth,21.7,17.4,2012,30,52,51.9,1.733333333,31,235,13.19148936,953,39.1,227247,13,41.93548387
MINERAL WELLS ISD,Fort Worth,21,15,2013,47,66,25.8,1.404255319,19,233,8.154506438,953,31.8,233945,11,57.89473684
MINERAL WELLS ISD,Fort Worth,20.8,17.2,2014,33,51,49,1.545454545,21,198,10.60606061,922,28.3,243419,5,23.80952381
NAVARRO ISD,Austin,21.4,30.4,2011,40,60,43.3,1.5,28,98,28.57142857,999,71.7,352092,5,17.85714286
NAVARRO ISD,Austin,20.9,47.7,2012,44,66,50,1.5,39,109,35.77981651,983,74.3,338292,19,48.71794872
NEW BRAUNFELS ISD,Austin,21.9,21.9,2011,250,745,62.3,2.98,144,556,25.89928058,999,64.2,390190,46,31.94444444
NEW BRAUNFELS ISD,Austin,21.9,22,2012,285,792,54.8,2.778947368,128,555,23.06306306,1005,59.8,385312,53,41.40625
NEW BRAUNFELS ISD,Austin,21.9,17.5,2013,274,751,57.4,2.740875912,133,555,23.96396396,1027,59.3,389897,51,38.34586466
NEW BRAUNFELS ISD,Austin,22.3,21.7,2014,284,775,45.9,2.728873239,98,545,17.98165138,1024,56.5,394429,46,46.93877551
NORTH EAST ISD,San Antonio,22.3,25.4,2011,2969,7517,46.5,2.531828899,1074,4285,25.06417736,1022,72.1,435807,391,36.40595903
NORTH EAST ISD,San Antonio,21.9,27.1,2012,3106,7875,47.5,2.535415325,1040,4425,23.50282486,1024,68.5,424008,385,37.01923077
NORTH EAST ISD,San Antonio,21.6,27.4,2013,3257,8352,48.8,2.564322997,1096,4634,23.6512732,1013,68.8,422025,469,42.7919708
NORTH EAST ISD,San Antonio,22.4,27.3,2014,3362,8781,50.6,2.611838192,1151,4676,24.6150556,1013,69.2,425971,528,45.87315378
NORTHSIDE ISD,San Antonio,21.4,24.4,2011,3967,8705,34.9,2.194353416,1077,5678,18.96794646,978,67.9,355682,352,32.68337976
NORTHSIDE ISD,San Antonio,21.2,21.9,2012,3958,8592,36.4,2.17079333,1134,6020,18.8372093,967,62.8,347261,439,38.71252205
NORTHSIDE ISD,San Antonio,21.6,20.1,2013,4078,8932,38.7,2.190289358,1185,6038,19.62570388,971,63.1,346026,486,41.01265823
NORTHSIDE ISD,San Antonio,21.2,22,2014,4402,9964,39.4,2.263516583,1412,6444,21.91185599,976,60.1,349563,576,40.79320113
NORTHWEST ISD,Fort Worth,22.7,26.7,2011,434,974,53,2.244239631,150,771,19.45525292,1000,71.5,728886,51,34
NORTHWEST ISD,Fort Worth,22.8,33,2012,617,1444,44.3,2.340356564,185,889,20.80989876,1005,67.5,649557,55,29.72972973
NORTHWEST ISD,Fort Worth,22.5,36.3,2013,725,1783,46.6,2.459310345,222,964,23.02904564,1014,64.2,622609,95,42.79279279
NORTHWEST ISD,Fort Worth,22.6,37.7,2014,796,1940,43.7,2.43718593,273,1083,25.20775623,1013,63.3,578270,127,46.52014652
PASADENA ISD,Houston,18.9,10.2,2011,1356,2811,29.8,2.07300885,323,2874,11.23869172,924,43.5,211175,86,26.625387
PASADENA ISD,Houston,19.2,15.1,2012,1304,2816,31.1,2.159509202,392,2961,13.23877069,896,47,197326,105,26.78571429
PASADENA ISD,Houston,19.8,13.1,2013,1289,2990,33.4,2.319627618,343,2997,11.44477811,905,46.7,193179,115,33.52769679
PASADENA ISD,Houston,19.8,15.6,2014,1501,3649,32.4,2.431045969,436,2997,14.54788121,901,50.5,194446,148,33.94495413
PEARLAND ISD,Houston,22.1,19.6,2011,637,1572,56,2.467817896,288,1185,24.30379747,1019,67.8,313079,111,38.54166667
PEARLAND ISD,Houston,21.4,20.9,2012,689,1701,59.3,2.468795356,292,1252,23.32268371,1008,62.5,301850,128,43.83561644
PEARLAND ISD,Houston,21.4,21.8,2013,849,2338,55.7,2.753828033,282,1327,21.25094197,1006,54.3,296335,141,50
PEARLAND ISD,Houston,22.5,21.2,2014,925,2663,58.9,2.878918919,336,1332,25.22522523,1044,59.2,292463,179,53.27380952
PFLUGERVILLE ISD,Austin,20.6,25.5,2011,813,1927,50.3,2.370233702,397,1389,28.58171346,989,75.9,346234,123,30.98236776
PFLUGERVILLE ISD,Austin,20.3,28.2,2012,902,2026,47.1,2.246119734,358,1418,25.24682652,974,68.5,327131,110,30.72625698
PFLUGERVILLE ISD,Austin,20.7,33.6,2013,913,2063,44.9,2.25958379,388,1471,26.37661455,973,65.8,322940,143,36.8556701
PFLUGERVILLE ISD,Austin,20.1,31.9,2014,917,2137,43.3,2.3304253,413,1520,27.17105263,966,68,325796,146,35.35108959
PLANO ISD,Richardson,25.7,50.1,2011,3200,8471,75.5,2.6471875,865,3577,24.18227565,1142,78.4,632444,510,58.95953757
PLANO ISD,Richardson,25.6,49.1,2012,3157,8627,79.8,2.732657586,796,3634,21.90423775,1134,73.5,627117,454,57.03517588
PLANO ISD,Richardson,25.9,51.7,2013,3303,9556,79.7,2.89312746,916,3802,24.09258285,1149,70.5,628109,530,57.86026201
PLANO ISD,Richardson,25.8,53.2,2014,3574,9939,80.2,2.780917739,967,3796,25.47418335,1151,70.2,644625,591,61.11685626
PLEASANTON ISD,San Antonio,20.6,21.6,2011,118,187,13.9,1.584745763,37,218,16.97247706,930,46.4,203341,,
PLEASANTON ISD,San Antonio,20.4,24.5,2012,58,89,20.2,1.534482759,31,196,15.81632653,949,31.1,214467,10,32.25806452
PLEASANTON ISD,San Antonio,20.5,21.6,2013,66,98,27.6,1.484848485,25,218,11.46788991,951,33.9,233095,9,36
PLEASANTON ISD,San Antonio,20.1,20.7,2014,91,143,12.6,1.571428571,38,213,17.84037559,930,45.1,332902,12,31.57894737
POTTSBORO ISD,Richardson,23.4,36.6,2014,38,60,60,1.578947368,14,71,19.71830986,1094,49.3,536767,9,64.28571429
PRINCETON ISD,Richardson,19.9,12.4,2011,37,58,43.1,1.567567568,20,188,10.63829787,943,55,170175,7,35
PROSPER ISD,Richardson,22.7,54.4,2011,213,412,55.3,1.9342723,45,200,22.5,1056,64.8,412745,30,66.66666667
PROSPER ISD,Richardson,23.4,65.3,2012,264,547,63.8,2.071969697,56,265,21.13207547,1054,68.3,382713,26,46.42857143
PROSPER ISD,Richardson,23.5,61.2,2013,281,584,62.2,2.078291815,56,278,20.14388489,1070,63.7,356936,19,33.92857143
PROSPER ISD,Richardson,23.2,60.9,2014,292,595,64,2.037671233,92,343,26.82215743,1060,66.8,341003,48,52.17391304
RED OAK ISD,Richardson,21.6,33.1,2011,99,209,41.6,2.111111111,71,407,17.44471744,998,58.6,223496,31,43.66197183
RED OAK ISD,Richardson,20.4,44.7,2012,110,198,46.5,1.8,92,416,22.11538462,964,47.8,219873,39,42.39130435
RED OAK ISD,Richardson,20.5,37,2013,107,208,51.4,1.943925234,99,465,21.29032258,957,45.8,214929,54,54.54545455
RED OAK ISD,Richardson,21,41,2014,101,219,56.2,2.168316832,104,451,23.05986696,979,47.9,216626,36,34.61538462
RICHARDSON ISD,Richardson,22.2,46.3,2011,1634,3871,55.7,2.369033048,467,2019,23.13026251,1037,73.7,494286,202,43.25481799
RICHARDSON ISD,Richardson,22.4,43.4,2012,1588,3773,60.9,2.375944584,445,2058,21.62293489,1032,66.8,461633,202,45.39325843
RICHARDSON ISD,Richardson,22.2,45.5,2013,1607,3824,61.6,2.379589297,457,2025,22.56790123,1046,65.3,450786,232,50.76586433
RICHARDSON ISD,Richardson,20.2,92.3,2014,1715,4075,61.3,2.376093294,469,2082,22.52641691,1052,58.9,451178,245,52.23880597
ROCKWALL ISD,Richardson,23.2,46.8,2011,781,1691,54,2.165172855,212,882,24.03628118,1057,71.8,428552,105,49.52830189
ROCKWALL ISD,Richardson,23.3,40.1,2012,733,1567,58.1,2.137789905,237,1010,23.46534653,1063,65.5,419117,118,49.78902954
ROCKWALL ISD,Richardson,23.4,44.4,2013,700,1521,63.3,2.172857143,244,955,25.54973822,1054,63.7,417638,127,52.04918033
ROCKWALL ISD,Richardson,22.9,45.8,2014,723,1668,64.8,2.307053942,286,1007,28.40119166,1058,65.2,417692,153,53.4965035
ROUND ROCK ISD,Austin,24,43.7,2011,2019,4843,70,2.398712234,772,2627,29.38713361,1092,77.4,490691,360,46.63212435
ROUND ROCK ISD,Austin,24,41.8,2012,2003,4977,73.3,2.484772841,788,2734,28.82223848,1091,73.7,466287,366,46.44670051
ROUND ROCK ISD,Austin,23.7,40.1,2013,2014,5054,75.7,2.509433962,802,2921,27.45635056,1095,68.1,465921,412,51.37157107
ROUND ROCK ISD,Austin,23.9,41.6,2014,2091,5301,77.5,2.535150646,860,3054,28.15979044,1099,68.6,471419,449,52.20930233
ROYAL ISD,Houston,19.5,40.7,2014,41,76,22.4,1.853658537,18,108,16.66666667,889,23.1,410811,,
ROYSE CITY ISD,Richardson,20,30.1,2011,143,280,32.9,1.958041958,44,276,15.94202899,965,52.8,242484,13,29.54545455
ROYSE CITY ISD,Richardson,21,25.1,2012,127,271,28.8,2.133858268,37,267,13.8576779,953,49.4,236626,18,48.64864865
ROYSE CITY ISD,Richardson,21.4,19.8,2013,98,166,36.7,1.693877551,39,298,13.08724832,940,52.3,229081,18,46.15384615
ROYSE CITY ISD,Richardson,21.6,24.4,2014,99,173,39.9,1.747474747,55,271,20.29520295,971,58.3,226520,30,54.54545455
SAN ANTONIO ISD,San Antonio,16.7,27.1,2011,1501,2816,6.8,1.876082612,254,2777,9.146561037,828,57.3,245848,32,12.5984252
SAN ANTONIO ISD,San Antonio,17,39,2012,1478,2726,10.2,1.844384303,338,2696,12.53709199,824,57.4,237062,45,13.31360947
SAN ANTONIO ISD,San Antonio,16.7,38.7,2013,1331,2483,10.4,1.865514651,345,2693,12.81099146,819,58.3,237214,63,18.26086957
SAN ANTONIO ISD,San Antonio,16.7,41.8,2014,1371,2295,9.7,1.673960613,373,2519,14.80746328,809,60.9,244098,88,23.5924933
SANTA FE ISD,Houston,20.3,8.6,2011,84,125,22.4,1.488095238,35,317,11.04100946,968,39,217418,11,31.42857143
SANTA FE ISD,Houston,20,6.9,2012,79,106,36.8,1.341772152,39,331,11.78247734,961,40.8,232757,25,64.1025641
SANTA FE ISD,Houston,21.7,9.9,2013,38,59,45.8,1.552631579,42,304,13.81578947,998,37.5,234103,17,40.47619048
SANTA FE ISD,Houston,21,9.8,2014,36,57,38.6,1.583333333,42,287,14.63414634,950,32.1,239933,18,42.85714286
SCHERTZ-CIBOLO-U CITY ISD,Austin,22.8,20.1,2011,483,953,40,1.973084886,203,882,23.01587302,989,72,279591,56,27.5862069
SCHERTZ-CIBOLO-U CITY ISD,San Antonio,22,23.7,2012,578,1154,38.2,1.996539792,244,1012,24.11067194,999,65.2,276266,91,37.29508197
SCHERTZ-CIBOLO-U CITY ISD,San Antonio,22.2,20.2,2013,631,1465,40.9,2.321711569,213,1020,20.88235294,1015,57.3,273136,86,40.37558685
SCHERTZ-CIBOLO-U CITY ISD,San Antonio,21.8,21.5,2014,677,1365,39.6,2.016248154,229,1015,22.56157635,999,64.1,281571,90,39.30131004
SEGUIN ISD,Austin,19.3,23.6,2011,139,181,21,1.302158273,86,486,17.69547325,949,53.8,359068,17,19.76744186
SEGUIN ISD,Austin,20.2,23,2012,176,218,18.8,1.238636364,73,473,15.43340381,933,48,371170,18,24.65753425
SEGUIN ISD,Austin,19.5,19.5,2013,228,375,15.2,1.644736842,82,472,17.37288136,913,51.9,395782,28,34.14634146
SEGUIN ISD,Austin,20.1,18.2,2014,186,313,26.2,1.682795699,67,413,16.22276029,940,47.2,401752,23,34.32835821
SHELDON ISD,Houston,17.4,16.3,2011,82,145,22.1,1.768292683,53,353,15.01416431,844,53.5,720051,10,18.86792453
SHELDON ISD,Houston,17.6,30,2012,84,120,14.2,1.428571429,55,343,16.03498542,841,52.5,616900,14,25.45454545
SHELDON ISD,Houston,17.2,28.3,2013,72,118,11,1.638888889,44,378,11.64021164,821,55,582031,11,25
SHELDON ISD,Houston,18.1,30.3,2014,81,138,19.6,1.703703704,57,383,14.88250653,849,57.2,610754,18,31.57894737
SHERMAN ISD,Richardson,20.8,29.8,2011,159,347,47.6,2.182389937,45,376,11.96808511,1045,35.4,361049,18,40
SHERMAN ISD,Richardson,21.6,26,2012,167,363,51.8,2.173652695,35,385,9.090909091,1075,26.2,354452,22,62.85714286
SHERMAN ISD,Richardson,20.6,32.4,2013,156,368,58.2,2.358974359,49,340,14.41176471,1039,33.8,355057,23,46.93877551
SHERMAN ISD,Richardson,21.3,28.1,2014,171,444,61.5,2.596491228,44,377,11.67108753,1042,35.3,353566,22,50
SOMERSET ISD,San Antonio,17.5,22,2011,48,64,14.1,1.333333333,29,210,13.80952381,833,65.4,95823,,
SOMERSET ISD,San Antonio,15.5,14.3,2013,44,52,11.5,1.181818182,23,210,10.95238095,814,46.2,90472,6,26.08695652
SOMERSET ISD,San Antonio,17,24.6,2014,99,175,4,1.767676768,25,232,10.77586207,837,50.9,90342,6,24
SOUTH SAN ANTONIO ISD,San Antonio,17.9,20.9,2011,74,119,25.2,1.608108108,49,422,11.61137441,860,53.7,137309,18,36.73469388
SOUTH SAN ANTONIO ISD,San Antonio,17.7,12.9,2012,71,113,15.9,1.591549296,55,448,12.27678571,848,53.8,132601,13,23.63636364
SOUTH SAN ANTONIO ISD,San Antonio,17.2,21.3,2013,68,99,8.1,1.455882353,44,431,10.20881671,849,58.2,133804,13,29.54545455
SOUTH SAN ANTONIO ISD,San Antonio,17.9,16.8,2014,143,230,16.5,1.608391608,48,500,9.6,854,38.8,141665,17,35.41666667
SOUTHSIDE ISD,San Antonio,19.1,29.3,2011,131,187,19.3,1.427480916,27,298,9.060402685,820,69.2,98207,5,18.51851852
SOUTHSIDE ISD,San Antonio,18,28.1,2012,111,193,25.4,1.738738739,33,295,11.18644068,862,50.5,99783,8,24.24242424
SOUTHSIDE ISD,San Antonio,19.3,17.1,2013,132,192,29.2,1.454545455,31,287,10.80139373,886,53.7,103674,13,41.93548387
SOUTHSIDE ISD,San Antonio,19,22.8,2014,90,144,27.8,1.6,42,268,15.67164179,836,94.4,119556,15,35.71428571
SOUTHWEST ISD,San Antonio,17.1,5.4,2011,95,100,12,1.052631579,50,627,7.974481659,844,42.8,140399,17,34
SOUTHWEST ISD,San Antonio,18.3,11,2012,83,83,12,1,45,655,6.870229008,902,31,128207,16,35.55555556
SOUTHWEST ISD,San Antonio,18,14.7,2013,112,157,26.8,1.401785714,45,719,6.258692629,866,36.6,122476,21,46.66666667
SOUTHWEST ISD,San Antonio,17.8,8,2014,233,348,20.4,1.493562232,54,701,7.703281027,763,94.7,123555,20,37.03703704
SPRING BRANCH ISD,Houston,23.6,49.4,2011,1275,3315,65.6,2.6,435,1867,23.29941082,1041,78.7,638169,182,41.83908046
SPRING BRANCH ISD,Houston,23.7,48.3,2012,1444,3718,64,2.574792244,447,1835,24.35967302,1051,73.5,611345,217,48.5458613
SPRING BRANCH ISD,Houston,23.4,46.7,2013,1559,4145,58.7,2.658755613,479,2011,23.81899552,1028,73.1,610700,249,51.98329854
SPRING BRANCH ISD,Houston,23.8,48,2014,1538,4098,57.9,2.66449935,442,2048,21.58203125,1037,71.8,631879,205,46.3800905
SPRING ISD,Houston,17.8,25.5,2011,613,1232,23.8,2.009787928,412,1891,21.78741407,888,60.5,229818,78,18.93203883
SPRING ISD,Houston,17.7,27.6,2012,590,1160,25.7,1.966101695,404,1943,20.79258878,866,58.6,214581,102,25.24752475
SPRING ISD,Houston,17.4,24.7,2013,583,1084,26.5,1.859348199,389,2019,19.26696384,869,54.7,213853,96,24.67866324
SPRING ISD,Houston,18.2,18.9,2014,671,1318,18.5,1.964232489,366,1977,18.51289833,790,96.6,211387,91,24.86338798
STEPHENVILLE ISD,Fort Worth,21.8,52.7,2014,59,76,69.7,1.288135593,97,245,39.59183673,1011,58.8,379065,27,27.83505155
TARKINGTON ISD,Houston,17.8,7.4,2011,29,53,41.5,1.827586207,20,132,15.15151515,1003,50,205307,7,35
TARKINGTON ISD,Houston,21.2,10.9,2012,28,59,47.5,2.107142857,12,138,8.695652174,1023,30.4,220674,,
TAYLOR ISD,Austin,19.7,21.4,2011,54,94,38.3,1.740740741,43,222,19.36936937,955,49.5,268672,10,23.25581395
TAYLOR ISD,Austin,18.4,25.2,2012,38,78,46.2,2.052631579,36,206,17.47572816,943,44.7,262848,11,30.55555556
TAYLOR ISD,Austin,19,27,2014,38,66,53,1.736842105,44,233,18.88412017,942,48.1,265036,11,25
TERRELL ISD,Richardson,18.2,27,2011,70,106,11.3,1.514285714,33,235,14.04255319,865,46,370536,6,18.18181818
TERRELL ISD,Richardson,19.5,24.4,2012,70,113,12.4,1.614285714,26,205,12.68292683,922,33.2,343441,6,23.07692308
TERRELL ISD,Richardson,19,12.5,2013,59,113,17.7,1.915254237,16,224,7.142857143,877,29,341477,,
TEXAS CITY ISD,Houston,20.8,8.7,2011,60,85,22.4,1.416666667,48,385,12.46753247,925,40.5,767048,20,41.66666667
TEXAS CITY ISD,Houston,17.8,8.6,2012,33,59,25.4,1.787878788,51,350,14.57142857,918,44.3,689634,12,23.52941176
TEXAS CITY ISD,Houston,18.4,15.7,2013,57,73,28.8,1.280701754,36,364,9.89010989,909,38.5,675672,13,36.11111111
TEXAS CITY ISD,Houston,19.1,11.3,2014,83,101,18.8,1.21686747,52,364,14.28571429,905,48.1,732008,14,26.92307692
THORNDALE ISD,Austin,20.4,49.1,2014,26,53,32.1,2.038461538,9,53,16.98113208,961,47.2,198349,5,55.55555556
TOMBALL ISD,Houston,22.1,30.8,2011,372,736,61.4,1.978494624,166,700,23.71428571,1028,65.9,491002,90,54.21686747
TOMBALL ISD,Houston,22.7,28,2012,376,704,58.1,1.872340426,149,701,21.2553495,1031,61.1,485434,83,55.70469799
TOMBALL ISD,Houston,23,23.2,2013,425,906,57.3,2.131764706,165,694,23.77521614,1038,58.8,491841,102,61.81818182
TOMBALL ISD,Houston,23,30.2,2014,510,1170,55.5,2.294117647,201,752,26.7287234,1043,66,507914,114,56.71641791
WALLER ISD,Houston,19.4,49.5,2011,140,276,17.4,1.971428571,57,340,16.76470588,996,25.1,305105,15,26.31578947
WALLER ISD,Houston,19.1,46.2,2012,102,231,25.1,2.264705882,56,368,15.2173913,965,32.6,333304,20,35.71428571
WALLER ISD,Houston,20.3,42.7,2013,76,132,37.1,1.736842105,52,349,14.89971347,970,31.2,324502,20,38.46153846
WALLER ISD,Houston,19.6,47,2014,70,123,31.7,1.757142857,53,351,15.0997151,933,36.5,299353,22,41.50943396
WAXAHACHIE ISD,Richardson,21.3,29.1,2011,116,191,48.7,1.646551724,81,499,16.23246493,978,49.4,396353,24,29.62962963
WAXAHACHIE ISD,Richardson,20.6,30.2,2012,99,175,40,1.767676768,95,517,18.37524178,986,45.1,385162,42,44.21052632
WAXAHACHIE ISD,Richardson,21,27.3,2013,161,278,30.6,1.726708075,104,505,20.59405941,977,48.9,378685,42,40.38461538
WAXAHACHIE ISD,Richardson,21.3,24.4,2014,173,336,31.8,1.942196532,112,557,20.10771993,1003,49.6,372530,44,39.28571429
WEATHERFORD ISD,Fort Worth,21.8,21.9,2011,297,560,50.5,1.885521886,86,494,17.40890688,1045,52.2,469325,48,55.81395349
WEATHERFORD ISD,Fort Worth,22,23.8,2012,217,441,49.4,2.032258065,85,508,16.73228346,1012,47.2,470315,45,52.94117647
WEATHERFORD ISD,Fort Worth,22.2,26.6,2013,167,335,59.7,2.005988024,84,507,16.56804734,1020,45,462058,38,45.23809524
WEATHERFORD ISD,Fort Worth,20.9,29,2014,194,399,61.9,2.056701031,77,493,15.61866126,988,46.7,460732,41,53.24675325
WHITE SETTLEMENT ISD,Fort Worth,19.5,21.7,2011,75,128,39.1,1.706666667,34,383,8.877284595,967,39.7,267932,8,23.52941176
WHITE SETTLEMENT ISD,Fort Worth,19.8,21.3,2012,120,206,28.6,1.716666667,46,446,10.31390135,929,45.7,246907,10,21.73913043
WHITE SETTLEMENT ISD,Fort Worth,20.3,25.9,2013,144,257,32.3,1.784722222,59,402,14.67661692,936,43.3,252344,15,25.42372881
WHITE SETTLEMENT ISD,Fort Worth,20.3,32,2014,136,262,42,1.926470588,65,412,15.77669903,939,49,275583,27,41.53846154
WHITESBORO ISD,Richardson,21.6,53.4,2014,38,51,37.3,1.342105263,18,103,17.47572816,1015,12.6,387315,10,55.55555556
WIMBERLEY ISD,Austin,23.3,51,2011,89,173,57.8,1.943820225,52,155,33.5483871,1083,87.4,727482,15,28.84615385
WIMBERLEY ISD,Austin,22.3,50.8,2012,85,130,52.3,1.529411765,54,179,30.16759777,1045,74.9,730476,23,42.59259259
WIMBERLEY ISD,Austin,23.4,44.3,2013,78,113,69.9,1.448717949,52,149,34.89932886,1088,67.8,735402,20,38.46153846
WIMBERLEY ISD,Austin,23.8,42.6,2014,107,175,68,1.635514019,47,162,29.01234568,1102,69.8,738706,20,42.55319149
WYLIE ISD,Richardson,23.1,28.1,2011,278,527,55.8,1.895683453,121,721,16.78224688,1001,56.3,260926,38,31.40495868
WYLIE ISD,Richardson,22.2,38.2,2012,312,619,58,1.983974359,119,707,16.83168317,1004,60.3,255453,52,43.69747899
WYLIE ISD,Richardson,22.3,31.8,2013,336,656,58.5,1.952380952,152,802,18.95261845,1026,48.1,252732,68,44.73684211
WYLIE ISD,Richardson,21.8,37.9,2014,405,779,51.5,1.92345679,139,794,17.50629723,1001,51.4,249380,68,48.92086331
