DistName,RegnName,ACT-Composite,ACT-Part_Rate,Year,AP-11&12 Participating Students,AP-Total Exams,AP-Passed(%),AP-Exams Taken Per Student,Enrolled 4-Year,Total Graduated,Enrolled 4-Year (%),SAT-Total,SAT-Part_Rate,Wealth/ADA
ALAMO HEIGHTS ISD,San Antonio,24.2,51,2011,336,739,66,2.2,73,379,19,1180,88,1098268
ALAMO HEIGHTS ISD,San Antonio,23.9,52,2012,355,836,66,2.4,101,374,27,1175,85,1061587
ALAMO HEIGHTS ISD,San Antonio,24.7,65,2013,328,753,69,2.3,102,355,29,1179,85,1056007
ALAMO HEIGHTS ISD,San Antonio,24.7,59,2014,292,668,74,2.3,104,353,29,1179,84,1081447
ALAMO HEIGHTS ISD,San Antonio,24.5,60,2015,295,668,72,2.3,75,369,20,1164,79,1137027
ALAMO HEIGHTS ISD,San Antonio,24,65,2016,320,755,77,2.4,95,380,25,1158,82,1179836
ALAMO HEIGHTS ISD,San Antonio,24.5,63,2017,314,740,75,2.4,118,411,29,1159,79,1296290
ALDINE ISD,Houston,17.7,26,2011,1399,2582,16,1.8,496,2991,17,959,52,227596
ALDINE ISD,Houston,17.7,29,2012,1359,2344,19,1.7,523,2980,18,956,49,210385
ALDINE ISD,Houston,17.8,29,2013,1240,2191,18,1.8,447,3052,15,938,52,211736
ALDINE ISD,Houston,17.7,37,2014,1545,2722,17,1.8,542,3080,18,948,53,215342
ALDINE ISD,Houston,18.2,21,2015,1736,3082.5,14,1.8,539,3370,16,873,88,231165
ALDINE ISD,Houston,17.7,22,2016,1615,3099,16,1.9,529,3556,15,846,94,253334
ALDINE ISD,Houston,17.9,19,2017,1501,2617,16,1.7,569,3665,16,876,93,293519
ALEDO ISD,Fort Worth,24.9,49,2011,243,520,63,2.1,97,372,26,1164,81,571536
ALEDO ISD,Fort Worth,24.2,52,2012,254,533,68,2.1,90,393,23,1154,70,578269
ALEDO ISD,Fort Worth,23.9,52,2013,270,563,61,2.1,82,349,23,1148,75,541482
ALEDO ISD,Fort Worth,24.1,62,2014,296,632,68,2.1,95,359,26,1147,75,520317
ALEDO ISD,Fort Worth,24.2,60,2015,310,728,61,2.3,103,420,25,1154,66,517205
ALEDO ISD,Fort Worth,23.7,57,2016,269,648,61,2.4,108,370,29,1140,67,507627
ALEDO ISD,Fort Worth,24.3,56,2017,288,669,56,2.3,101,402,25,1153,69,537553
ALIEF ISD,Houston,18.2,19,2011,1410,2791,22,2.0,492,2558,19,982,63,267266
ALIEF ISD,Houston,18.2,21,2012,1564,3182,19,2.0,455,2425,19,957,59,249968
ALIEF ISD,Houston,18.1,23,2013,1232,2164,28,1.8,461,2566,18,953,60,248959
ALIEF ISD,Houston,18.2,25,2014,1113,2132,33,1.9,504,2600,19,954,64,249467
ALIEF ISD,Houston,18.8,20,2015,1128,2122,28,1.9,503,2560,20,961,64,258678
ALIEF ISD,Houston,18.4,15,2016,1174,2425,29,2.1,453,2639,17,880,95,283387
ALIEF ISD,Houston,19,13,2017,1165,2444,29,2.1,516,2702,19,920,93,319295
ALLEN ISD,Richardson,24.1,49,2011,837,1796,60,2.1,221,1218,18,1155,76,390167
ALLEN ISD,Richardson,24.1,45,2012,864,2005,66,2.3,271,1215,22,1147,75,387115
ALLEN ISD,Richardson,24.4,42,2013,763,1783,72,2.3,257,1300,20,1166,70,388622
ALLEN ISD,Richardson,24.1,46,2014,850,2113,80,2.5,295,1407,21,1159,68,397446
ALLEN ISD,Richardson,24.3,53,2015,941,2317.5,82,2.5,357,1365,26,1177,68,415021
ALLEN ISD,Richardson,24.4,49,2016,1014,2407.5,79,2.4,351,1519,23,1153,68,445482
ALLEN ISD,Richardson,25.3,46,2017,1064,2985,78,2.8,390,1533,25,1130,94,497425
ALVIN ISD,Houston,20.3,17,2011,399,943,40,2.4,139,920,15,1024,54,216299
ALVIN ISD,Houston,20.4,19,2012,424,970,49,2.3,164,1021,16,1020,51,213786
ALVIN ISD,Houston,20.6,18,2013,398,848,48,2.1,188,1056,18,1043,46,213476
ALVIN ISD,Houston,20.2,18,2014,447,985,50,2.2,195,1022,19,1033,50,212809
ALVIN ISD,Houston,20.8,19,2015,578,1359,36,2.4,230,1194,19,1029,47,224168
ALVIN ISD,Houston,20,18,2016,577,1474,44,2.6,254,1317,19,1014,50,222517
ALVIN ISD,Houston,20.6,14,2017,656,1673,50,2.6,251,1330,19,978,76,229859
ANGLETON ISD,Houston,21.3,9,2011,101,198,39,2.0,88,463,19,1041,51,396881
ANGLETON ISD,Houston,21.2,6,2012,95,164,36,1.7,54,404,13,1028,40,359004
ANGLETON ISD,Houston,19.9,12,2013,116,218,34,1.9,65,473,14,1012,39,358284
ANGLETON ISD,Houston,18.6,11,2014,154,289,36,1.9,70,417,17,1035,43,360331
ANGLETON ISD,Houston,20.3,12,2015,190,341,14,1.8,70,412,17,1011,52,337541
ANGLETON ISD,Houston,19.7,12,2016,215,413,20,1.9,71,433,16,999,45,348473
ANGLETON ISD,Houston,21.3,10,2017,235,483,22,2.1,54,420,13,1048,38,378109
ARGYLE ISD,Fort Worth,24.6,50,2011,94,215,73,2.3,51,153,33,1157,84,598246
ARGYLE ISD,Fort Worth,23.6,64,2012,89,202,62,2.3,68,162,42,1138,80,599216
ARGYLE ISD,Fort Worth,23.3,62,2013,83,190,70,2.3,49,150,33,1144,71,607796
ARGYLE ISD,Fort Worth,24.5,73,2014,116,245,73,2.1,55,176,31,1158,81,574613
ARGYLE ISD,Fort Worth,24.5,63,2015,67,138,75,2.1,63,176,36,1178,73,553208
ARGYLE ISD,Fort Worth,24,82,2016,46,102,80,2.2,52,167,31,1158,64,544808
ARGYLE ISD,Fort Worth,23.7,74,2017,37,68,74,1.8,49,183,27,1162,64,567092
ARLINGTON ISD,Fort Worth,21,25,2011,1229,2662,43,2.2,807,3611,22,1065,65,338766
ARLINGTON ISD,Fort Worth,20.9,23,2012,1242,2584,43,2.1,749,3616,21,1065,61,314773
ARLINGTON ISD,Fort Worth,20.8,23,2013,1320,2812,44,2.1,790,3760,21,1051,58,316340
ARLINGTON ISD,Fort Worth,20.7,29,2014,1493,3126,46,2.1,790,3655,22,1044,61,325124
ARLINGTON ISD,Fort Worth,20.1,27,2015,1796,3773,37,2.1,800,3762,21,1021,64,341135
ARLINGTON ISD,Fort Worth,20.7,28,2016,2053,4623,35,2.3,829,3944,21,1012,62,351491
ARLINGTON ISD,Fort Worth,20.8,26,2017,2476,5773,34,2.3,895,4075,22,1026,61,368110
AUSTIN ISD,Austin,21.3,33,2011,3188,6933,49,2.2,855,4174,20,1091,73,793908
AUSTIN ISD,Austin,21.4,34,2012,2980,6346,54,2.1,873,4259,20,1093,65,751327
AUSTIN ISD,Austin,21.5,35,2013,3004,6244,53,2.1,858,4236,20,1104,64,768123
AUSTIN ISD,Austin,21.9,36,2014,2767.5,6749,55,2.4,898,4155,22,1103,68,805850
AUSTIN ISD,Austin,22.2,38,2015,3060,7699,57,2.5,889,4254,21,1102,66,867833
AUSTIN ISD,Austin,22.5,38,2016,3321,7676,59,2.3,922,4386,21,1093,68,969782
AUSTIN ISD,Austin,22.5,36,2017,3350,7909,61,2.4,866,4352,20,1098,65,1146668
AZLE ISD,Fort Worth,22.3,21,2011,73,129,47,1.8,55,342,16,1062,61,432477
AZLE ISD,Fort Worth,21.7,23,2012,82,132,40,1.6,46,346,13,1027,50,425292
AZLE ISD,Fort Worth,21.4,28,2013,94,164,34,1.7,69,388,18,1032,55,413243
AZLE ISD,Fort Worth,22,29,2014,118,211,36,1.8,64,385,17,1048,50,391884
AZLE ISD,Fort Worth,21.3,24,2015,131,228,34,1.7,55,403,14,1042,47,385407
AZLE ISD,Fort Worth,20.5,25,2016,122,221,38,1.8,54,453,12,1038,45,375480
AZLE ISD,Fort Worth,20.8,21,2017,108,194,32,1.8,45,416,11,1057,39,392810
BANDERA ISD,San Antonio,23.1,51,2011,124,263,19,2.1,41,192,21,1084,71,533528
BANDERA ISD,San Antonio,20.8,40,2012,54,87,37,1.6,36,172,21,1038,57,578911
BANDERA ISD,San Antonio,20.9,52,2013,47,85,34,1.8,29,168,17,1091,63,599874
BANDERA ISD,San Antonio,22,45,2014,30,52,50,1.7,40,162,25,1078,56,624854
BANDERA ISD,San Antonio,22,47,2015,44,70,57,1.6,28,149,19,1097,57,659994
BANDERA ISD,San Antonio,22.1,42,2016,39,65,42,1.7,38,176,22,1083,55,664723
BANDERA ISD,San Antonio,21.2,39,2017,28,71,58,2.5,29,149,19,1065,55,670540
BARBERS HILL ISD,Houston,22.1,18,2011,86,142,61,1.7,63,282,22,1101,60,751007
BARBERS HILL ISD,Houston,21.8,23,2012,70,103,51,1.5,57,270,21,1094,55,697273
BARBERS HILL ISD,Houston,21.3,22,2013,91,158,49,1.7,52,289,18,1063,61,789780
BARBERS HILL ISD,Houston,21.7,26,2014,156,269,55,1.7,65,332,20,1081,54,905494
BARBERS HILL ISD,Houston,22.8,20,2015,169,307,54,1.8,88,319,28,1109,53,883464
BARBERS HILL ISD,Houston,22.5,20,2016,191,382,62,2.0,56,315,18,1088,52,976033
BARBERS HILL ISD,Houston,20.6,92,2017,218,478,64,2.2,92,344,27,1094,40,1082616
BASTROP ISD,Austin,19.4,15,2011,247,506,34,2.0,112,525,21,1025,56,308882
BASTROP ISD,Austin,20,15,2012,112,221,59,2.0,89,515,17,1023,53,316748
BASTROP ISD,Austin,20.1,12,2013,126,263,51,2.1,94,617,15,1018,42,318564
BASTROP ISD,Austin,20,18,2014,135,270,44,2.0,97,569,17,1013,50,306454
BASTROP ISD,Austin,19,17,2015,272,617,22,2.3,92,578,16,1008,46,313113
BASTROP ISD,Austin,18.7,25,2016,347,758,27,2.2,129,721,18,1007,49,312909
BASTROP ISD,Austin,19.3,21,2017,353,818,32,2.3,132,679,19,1010,46,318106
BIRDVILLE ISD,Fort Worth,22,30,2011,909,2219,40,2.4,213,1446,15,1081,53,337577
BIRDVILLE ISD,Fort Worth,21.8,31,2012,944,2147,48,2.3,203,1353,15,1067,48,309498
BIRDVILLE ISD,Fort Worth,21.4,34,2013,940,2154,44,2.3,269,1471,18,1066,46,305372
BIRDVILLE ISD,Fort Worth,21.4,35,2014,971,2258,49,2.3,264,1480,18,1076,44,311982
BIRDVILLE ISD,Fort Worth,21.5,35,2015,1082,2730,45,2.5,262,1552,17,1060,45,317725
BIRDVILLE ISD,Fort Worth,21.2,36,2016,1054,2602,44,2.5,254,1518,17,1055,48,322629
BIRDVILLE ISD,Fort Worth,21.4,36,2017,1069,2583,44,2.4,253,1484,17,1073,52,338349
BOERNE ISD,San Antonio,24.4,38,2011,427,1183,61,2.8,181,506,36,1152,84,692549
BOERNE ISD,San Antonio,24.4,49,2012,445,1139,67,2.6,144,525,27,1151,73,689003
BOERNE ISD,San Antonio,25,45,2013,441,1203,68,2.7,175,569,31,1155,76,674863
BOERNE ISD,San Antonio,24.3,46,2014,453,1155,66,2.5,179,558,32,1155,74,687364
BOERNE ISD,San Antonio,23.6,49,2015,500,1323,57,2.6,155,557,28,1125,74,693152
BOERNE ISD,San Antonio,23.9,53,2016,557,1465,64,2.6,197,580,34,1132,78,683039
BOERNE ISD,San Antonio,24,54,2017,607,1579,62,2.6,206,654,31,1141,71,705406
BRAZOSPORT ISD,Houston,22.1,17,2011,240,508,58,2.1,129,874,15,1082,48,588257
BRAZOSPORT ISD,Houston,22.2,21,2012,211,434,66,2.1,121,785,15,1091,40,553129
BRAZOSPORT ISD,Houston,21.7,24,2013,191,356,65,1.9,126,759,17,1097,43,544943
BRAZOSPORT ISD,Houston,22,19,2014,186,382,69,2.1,130,736,18,1063,44,553287
BRAZOSPORT ISD,Houston,22.5,17,2015,301,603,40,2.0,119,793,15,1062,41,586183
BRAZOSPORT ISD,Houston,19.6,57,2016,308,616,43,2.0,126,802,16,1069,32,588141
BRAZOSPORT ISD,Houston,19.9,58,2017,302,693,43,2.3,91,807,11,1078,23,689681
BURLESON ISD,Fort Worth,22.3,14,2011,174,366,56,2.1,100,636,16,1068,53,379208
BURLESON ISD,Fort Worth,21.2,22,2012,281,579,48,2.1,93,607,15,1070,52,351767
BURLESON ISD,Fort Worth,21.4,20,2013,386,844,35,2.2,99,683,14,1050,55,338552
BURLESON ISD,Fort Worth,21.7,23,2014,491,1083,39,2.2,138,725,19,1048,57,330044
BURLESON ISD,Fort Worth,22.1,20,2015,535,1188,36,2.2,114,752,15,1056,54,314727
BURLESON ISD,Fort Worth,21.1,26,2016,496,1141,43,2.3,139,784,18,1044,61,317675
BURLESON ISD,Fort Worth,21.5,25,2017,456,1144,46,2.5,145,853,17,1066,55,322091
CARROLL ISD,Fort Worth,25.7,82,2011,491,1240,84,2.5,130,565,23,1219,93,732585
CARROLL ISD,Fort Worth,26.1,77,2012,526,1362,84,2.6,172,669,26,1234,84,714518
CARROLL ISD,Fort Worth,26,79,2013,524,1345,86,2.6,144,589,24,1239,78,724355
CARROLL ISD,Fort Worth,26.6,81,2014,633,1709,84,2.7,179,620,29,1244,82,725097
CARROLL ISD,Fort Worth,26.6,85,2015,685,1881,80,2.7,188,661,28,1257,74,747542
CARROLL ISD,Fort Worth,26.8,84,2016,694,2031,83,2.9,175,617,28,1256,76,776489
CARROLL ISD,Fort Worth,27.1,85,2017,771,2123,83,2.8,188,664,28,1261,70,803421
CARROLLTON-FARMERS BRANCH ISD,Richardson,21.6,28,2011,939,1871,53,2.0,318,1568,20,1083,63,555508
CARROLLTON-FARMERS BRANCH ISD,Richardson,21.8,27,2012,937,1988,53,2.1,281,1617,17,1082,60,524292
CARROLLTON-FARMERS BRANCH ISD,Richardson,20.6,26,2013,1026,2162,48,2.1,285,1671,17,1068,57,520350
CARROLLTON-FARMERS BRANCH ISD,Richardson,21,25,2014,995,2234,49,2.2,326,1641,20,1084,57,528929
CARROLLTON-FARMERS BRANCH ISD,Richardson,21.1,24,2015,967.5,2250,42,2.3,303,1650,18,1063,58,553416
CARROLLTON-FARMERS BRANCH ISD,Richardson,20.4,26,2016,1035,2047.5,42,2.0,276,1608,17,1048,56,587818
CARROLLTON-FARMERS BRANCH ISD,Richardson,20.8,28,2017,877.5,1957.5,49,2.2,321,1597,20,1058,57,651220
CASTLEBERRY ISD,Fort Worth,19.6,15,2011,94,184,16,2.0,35,172,20,983,61,144198
CASTLEBERRY ISD,Fort Worth,19.8,9,2012,86,154,12,1.8,23,164,14,1015,45,126550
CASTLEBERRY ISD,Fort Worth,19.6,5,2013,64,92,19,1.4,19,174,11,984,41,124494
CASTLEBERRY ISD,Fort Worth,17.6,5,2014,71,114,15,1.6,23,187,12,946,46,123049
CASTLEBERRY ISD,Fort Worth,19,7,2015,83,127,10,1.5,23,188,12,969,38,121183
CASTLEBERRY ISD,Fort Worth,17.8,12,2016,93,153,5,1.6,28,200,14,932,49,119204
CASTLEBERRY ISD,Fort Worth,17.5,6,2017,142,236,4,1.7,14,214,7,950,44,118337
CELINA ISD,Richardson,22.6,97,2011,85,152,32,1.8,28,115,24,1105,43,347996
CELINA ISD,Richardson,22.8,86,2012,82,138,59,1.7,24,145,17,1157,23,331019
CELINA ISD,Richardson,22.2,75,2013,74,128,55,1.7,36,148,24,1090,12,330339
CELINA ISD,Richardson,21.9,69,2014,77,107,47,1.4,25,134,19,1097,22,330842
CELINA ISD,Richardson,21.7,70,2015,88,112,38,1.3,25,152,16,1153,10,329084
CELINA ISD,Richardson,22.2,70,2016,92,118,50,1.3,31,173,18,1139,17,328523
CELINA ISD,Richardson,22.7,70,2017,109,146,59,1.3,42,163,26,1170,22,363462
CHANNELVIEW ISD,Houston,17,11,2011,159,278,41,1.7,53,491,11,983,42,286616
CHANNELVIEW ISD,Houston,17.8,20,2012,257,478,26,1.9,62,498,12,951,47,277548
CHANNELVIEW ISD,Houston,17.7,20,2013,288,616,22,2.1,59,481,12,977,42,271648
CHANNELVIEW ISD,Houston,17.3,23,2014,320,608,19,1.9,62,486,13,965,51,282106
CHANNELVIEW ISD,Houston,17.7,24,2015,276,539,23,2.0,86,498,17,983,51,303255
CHANNELVIEW ISD,Houston,18.1,23,2016,325,681,22,2.1,75,554,14,959,54,305450
CHANNELVIEW ISD,Houston,18.6,19,2017,295,574,21,1.9,69,609,11,977,51,304688
CLEAR CREEK ISD,Houston,23.5,31,2011,1504,3264,70,2.2,800,2671,30,1148,75,421864
CLEAR CREEK ISD,Houston,23.5,32,2012,1532,3264,71,2.1,737,2700,27,1146,71,412053
CLEAR CREEK ISD,Houston,23.6,32,2013,1634,3633,67,2.2,746,2797,27,1147,67,417074
CLEAR CREEK ISD,Houston,24.1,36,2014,1695,3831,72,2.3,875,2748,32,1149,68,417580
CLEAR CREEK ISD,Houston,23.5,37,2015,1665,3753,69,2.3,887,2981,30,1146,68,427252
CLEAR CREEK ISD,Houston,23.4,39,2016,1815,4188,66,2.3,823,2914,28,1140,63,443525
CLEAR CREEK ISD,Houston,23.7,35,2017,1767,4435,66,2.5,947,3018,31,1138,65,476015
CLEBURNE ISD,Fort Worth,22.2,18,2011,94,120,36,1.3,55,389,14,1063,41,529519
CLEBURNE ISD,Fort Worth,22.3,14,2012,113,166,32,1.5,76,418,18,1050,44,474731
CLEBURNE ISD,Fort Worth,21,15,2013,99,193,36,1.9,62,405,15,1025,44,472298
CLEBURNE ISD,Fort Worth,21.7,15,2014,165,340,34,2.1,71,394,18,1037,48,459469
CLEBURNE ISD,Fort Worth,20.5,18,2015,165,367,37,2.2,52,361,14,1024,45,435558
CLEBURNE ISD,Fort Worth,19.6,11,2016,169,351,34,2.1,63,437,14,1011,40,405497
CLEBURNE ISD,Fort Worth,20.2,12,2017,175,351,35,2.0,47,396,12,1009,43,412297
COMAL ISD,Austin,22.1,29,2011,583,1235,47,2.1,336,1159,29,1068,77,632631
COMAL ISD,Austin,22,30,2012,662,1399,42,2.1,295,1116,26,1073,67,601831
COMAL ISD,Austin,22.3,34,2013,696,1603,45,2.3,323,1232,26,1086,65,569987
COMAL ISD,Austin,22.2,28,2014,867,1965,44,2.3,379,1263,30,1082,64,565606
COMAL ISD,Austin,22.4,29,2015,891,2111,41,2.4,369,1380,27,1079,65,576218
COMAL ISD,Austin,22.1,28,2016,905,2091,49,2.3,369,1406,26,1077,63,607061
COMAL ISD,San Antonio,22.6,36,2017,946,2035,52,2.2,372,1490,25,1062,84,639769
COPPELL ISD,Richardson,25.2,64,2011,539,1062,71,2.0,249,727,34,1213,88,752664
COPPELL ISD,Richardson,25.1,66,2012,623,1326,73,2.1,208,778,27,1226,84,690284
COPPELL ISD,Richardson,25.2,64,2013,715,1686,69,2.4,252,781,32,1209,89,664460
COPPELL ISD,Richardson,25.2,62,2014,675,1737,65,2.6,297,827,36,1224,87,676785
COPPELL ISD,Richardson,23.6,99,2015,771,2037,78,2.6,299,853,35,1221,75,705142
COPPELL ISD,Richardson,24.4,97,2016,720,1987,82,2.8,262,896,29,1226,74,733972
COPPELL ISD,Richardson,25.1,97,2017,787.5,2183,80,2.8,312,895,35,1249,68,771171
CROSBY ISD,Houston,18.6,32,2011,104,206,41,2.0,54,321,17,1044,46,260603
CROSBY ISD,Houston,19.4,29,2012,101,184,38,1.8,45,315,14,1047,35,272000
CROSBY ISD,Houston,19.4,25,2013,84,170,44,2.0,50,335,15,1065,36,263186
CROSBY ISD,Houston,18.8,25,2014,65,126,49,1.9,46,307,15,1037,37,254001
CROSBY ISD,Houston,18.6,24,2015,95,182,28,1.9,53,321,17,1027,40,249983
CROSBY ISD,Houston,20.1,20,2016,95,186,38,2.0,61,399,15,1009,42,276356
CROSBY ISD,Houston,20.1,14,2017,107,190,48,1.8,69,356,19,958,89,289761
CROWLEY ISD,Fort Worth,20.2,25,2011,283,586,49,2.1,181,905,20,1010,70,356715
CROWLEY ISD,Fort Worth,19.9,23,2012,290,528,46,1.8,190,910,21,1011,66,332041
CROWLEY ISD,Fort Worth,19,23,2013,291,564,45,1.9,195,994,20,996,63,342343
CROWLEY ISD,Fort Worth,18.6,28,2014,524,1029,31,2.0,198,885,22,985,60,340057
CROWLEY ISD,Fort Worth,19.3,26,2015,499,1106,33,2.2,170,1003,17,975,56,347124
CROWLEY ISD,Fort Worth,19,27,2016,441,1139,34,2.6,207,1020,20,977,54,348992
CROWLEY ISD,Fort Worth,18.3,26,2017,427,947,27,2.2,156,1027,15,960,58,355396
CYPRESS-FAIRBANKS ISD,Houston,21.5,28,2011,2735,6181,60,2.3,1481,6310,23,1097,66,348189
CYPRESS-FAIRBANKS ISD,Houston,21.6,28,2012,2427,5342,66,2.2,1397,6419,22,1094,62,333118
CYPRESS-FAIRBANKS ISD,Houston,21.9,28,2013,2620,5896,64,2.3,1515,6982,22,1103,60,331245
CYPRESS-FAIRBANKS ISD,Houston,21.9,31,2014,2738,5907,64,2.2,1696,7161,24,1103,60,338826
CYPRESS-FAIRBANKS ISD,Houston,22.1,35,2015,3243,7100,61,2.2,1637,7479,22,1086,59,361435
CYPRESS-FAIRBANKS ISD,Houston,19.2,95,2016,3543,7869,61,2.2,1776,7804,23,1084,54,390500
CYPRESS-FAIRBANKS ISD,Houston,19.5,93,2017,3830,8451,61,2.2,1727,8072,21,1097,54,439280
DALLAS ISD,Richardson,17.1,45,2011,5619,13532,22,2.4,1118,7267,15,946,66,546939
DALLAS ISD,Richardson,17.2,43,2012,5569,12825,25,2.3,1247,7275,17,947,65,513227
DALLAS ISD,Richardson,17.1,42,2013,5515,13727,24,2.5,1214,7706,16,932,65,503354
DALLAS ISD,Richardson,17.1,46,2014,6030,17013,25,2.8,1222,7410,16,943,65,511155
DALLAS ISD,Richardson,16.1,88,2015,6648,17417,24,2.6,1253,7505,17,885,100,533092
DALLAS ISD,Richardson,16.3,90,2016,6097.5,16910,25,2.8,1264,7774,16,877,100,568872
DALLAS ISD,Richardson,16.8,92,2017,6933,17825,25,2.6,1446,7685,19,921,98,628461
DAYTON ISD,Houston,19.7,13,2011,64,122,30,1.9,38,300,13,1010,46,289938
DAYTON ISD,Houston,18.7,8,2012,38,66,41,1.7,38,348,11,1000,38,287850
DAYTON ISD,Houston,19.5,8,2013,41,81,35,2.0,36,336,11,1012,34,306917
DAYTON ISD,Houston,18.3,9,2014,47,75,25,1.6,37,314,12,1016,39,307752
DAYTON ISD,Houston,18.7,13,2015,64,106,22,1.7,40,319,13,998,35,298671
DAYTON ISD,Houston,19.9,5,2016,65,105,27,1.6,40,304,13,987,40,301054
DAYTON ISD,Houston,19.6,12,2017,77,139,37,1.8,47,364,13,1001,39,325055
DECATUR ISD,Fort Worth,21.1,64,2011,47,91,59,1.9,50,209,24,1071,42,770679
DECATUR ISD,Fort Worth,21.1,62,2012,37,87,72,2.4,33,205,16,1071,26,805956
DECATUR ISD,Fort Worth,21.3,43,2013,50,100,48,2.0,33,186,18,1079,34,774948
DECATUR ISD,Fort Worth,21.8,49,2014,67,124,43,1.9,32,203,16,1065,25,811515
DECATUR ISD,Fort Worth,22.1,40,2015,82,158,42,1.9,39,200,20,1058,26,791631
DECATUR ISD,Fort Worth,20.7,55,2016,110,219,28,2.0,47,188,25,1053,37,775684
DECATUR ISD,Fort Worth,20.6,61,2017,114,228,31,2.0,52,200,26,1036,39,748713
DEER PARK ISD,Houston,21.8,16,2011,240,445,46,1.9,136,864,16,1080,45,615668
DEER PARK ISD,Houston,21.6,17,2012,219,417,54,1.9,118,855,14,1078,47,566381
DEER PARK ISD,Houston,22,13,2013,328,516,43,1.6,129,855,15,1073,46,587969
DEER PARK ISD,Houston,20.8,17,2014,268,522,48,1.9,120,928,13,1069,47,557202
DEER PARK ISD,Houston,20.9,12,2015,400,895,34,2.2,111,904,12,1052,42,591623
DEER PARK ISD,Houston,21.3,15,2016,436,996,30,2.3,147,991,15,1049,50,618557
DEER PARK ISD,Houston,21.8,14,2017,392,829,40,2.1,145,927,16,1065,47,627933
DEL VALLE ISD,Austin,18.7,32,2011,334,602,24,1.8,81,612,13,953,49,324622
DEL VALLE ISD,Austin,17.4,47,2012,307,534,27,1.7,89,616,14,957,30,286558
DEL VALLE ISD,Austin,17.8,41,2013,348,600,19,1.7,74,611,12,951,36,280218
DEL VALLE ISD,Austin,17.6,45,2014,379,658,28,1.7,66,586,11,923,37,281184
DEL VALLE ISD,Austin,18.2,39,2015,383,824,23,2.2,89,627,14,956,43,310976
DEL VALLE ISD,Austin,18.3,29,2016,368,829,29,2.3,73,691,11,925,41,343664
DEL VALLE ISD,Austin,18.2,20,2017,430,933,19,2.2,89,632,14,868,85,399519
DENISON ISD,Richardson,21.3,42,2011,123,289,50,2.3,32,319,10,1110,30,290422
DENISON ISD,Richardson,21.7,44,2012,119,291,53,2.4,21,290,7,1077,28,320449
DENISON ISD,Richardson,21.7,41,2013,101,268,50,2.7,32,282,11,1078,37,317733
DENISON ISD,Richardson,21.5,30,2014,117,269,45,2.3,26,282,9,1091,21,320630
DENISON ISD,Richardson,22.2,34,2015,107,275,38,2.6,32,283,11,1112,27,316385
DENISON ISD,Richardson,20.7,34,2016,92,214,39,2.3,18,311,6,1057,15,304464
DENISON ISD,Richardson,20.8,38,2017,114,283,44,2.5,32,263,12,1074,28,332858
DENTON ISD,Fort Worth,21.2,38,2011,725,1557,40,2.1,260,1259,21,1075,58,419495
DENTON ISD,Fort Worth,20.7,30,2012,565,1269,48,2.2,280,1229,23,1073,55,399725
DENTON ISD,Fort Worth,21,31,2013,607,1272,48,2.1,292,1364,21,1073,53,398843
DENTON ISD,Fort Worth,21.1,35,2014,690,1493,47,2.2,320,1510,21,1072,56,405428
DENTON ISD,Fort Worth,21.5,38,2015,783,1462.5,41,1.9,290,1549,19,1072,51,418638
DENTON ISD,Fort Worth,21.6,38,2016,741,1327.5,49,1.8,296,1543,19,1066,55,446278
DENTON ISD,Fort Worth,21.6,35,2017,834,1773,48,2.1,270,1657,16,1078,55,473130
DESOTO ISD,Richardson,17.1,47,2011,241,426,10,1.8,148,524,28,932,74,253800
DESOTO ISD,Richardson,18,44,2012,200,357,13,1.8,168,603,28,950,57,247712
DESOTO ISD,Richardson,17.2,35,2013,115,189,12,1.6,131,563,23,933,57,245050
DESOTO ISD,Richardson,17,35,2014,101,175,20,1.7,156,711,22,921,56,229265
DESOTO ISD,Richardson,16.6,39,2015,142,238,18,1.7,152,678,22,899,59,227379
DESOTO ISD,Richardson,17.1,44,2016,224,344,14,1.5,167,657,25,892,58,224633
DESOTO ISD,Richardson,17.8,34,2017,249,460,8,1.8,198,733,27,885,92,244138
DICKINSON ISD,Houston,19.2,11,2011,70,142,29,2.0,65,509,13,1010,42,279136
DICKINSON ISD,Houston,18.6,15,2012,87,141,23,1.6,85,556,15,1005,40,271853
DICKINSON ISD,Houston,20.4,10,2013,123,238,22,1.9,81,557,15,1019,37,267707
DICKINSON ISD,Houston,18.7,17,2014,221,428,27,1.9,86,544,16,1004,47,268982
DICKINSON ISD,Houston,20,25,2015,161,346,34,2.1,95,568,17,1018,48,281883
DICKINSON ISD,Houston,19.2,13,2016,189,369,41,2.0,94,597,16,993,46,278014
DICKINSON ISD,Houston,20.5,11,2017,167,326,41,2.0,107,638,17,965,81,302411
DRIPPING SPRINGS ISD,Austin,25.5,44,2011,234,579,70,2.5,104,288,36,1208,85,597087
DRIPPING SPRINGS ISD,Austin,24.6,44,2012,265,618,74,2.3,99,279,35,1168,86,576515
DRIPPING SPRINGS ISD,Austin,25.4,48,2013,225,498,76,2.2,97,321,30,1197,78,573734
DRIPPING SPRINGS ISD,Austin,24.3,46,2014,208,466,78,2.2,109,334,33,1169,76,549429
DRIPPING SPRINGS ISD,Austin,24.6,44,2015,194,400,77,2.1,87,336,26,1165,72,540008
DRIPPING SPRINGS ISD,Austin,24.7,64,2016,235,525,72,2.2,111,370,30,1197,63,572585
DRIPPING SPRINGS ISD,Austin,24.6,54,2017,228,534,75,2.3,136,406,33,1179,63,616239
DUNCANVILLE ISD,Richardson,19.3,42,2011,116,235,57,2.0,150,733,20,1010,46,271364
DUNCANVILLE ISD,Richardson,19,32,2012,136,301,59,2.2,123,753,16,984,40,258673
DUNCANVILLE ISD,Richardson,19.6,33,2013,120,235,59,2.0,148,797,19,1003,39,254311
DUNCANVILLE ISD,Richardson,18.6,26,2014,111,187,54,1.7,159,823,19,965,46,262570
DUNCANVILLE ISD,Richardson,18.3,27,2015,197,398,36,2.0,197,851,23,960,57,271899
DUNCANVILLE ISD,Richardson,18.4,23,2016,175,302,30,1.7,185,872,21,940,61,276224
DUNCANVILLE ISD,Richardson,18.2,22,2017,194,365,33,1.9,235,945,25,943,64,294069
EAGLE MT-SAGINAW ISD,Fort Worth,21.4,19,2011,432,1052,42,2.4,131,893,15,1068,58,408471
EAGLE MT-SAGINAW ISD,Fort Worth,21.2,23,2012,531,1141,41,2.1,177,910,19,1063,53,371491
EAGLE MT-SAGINAW ISD,Fort Worth,21.2,27,2013,570,1190,40,2.1,194,999,19,1061,51,360252
EAGLE MT-SAGINAW ISD,Fort Worth,20.5,39,2014,603,1219,46,2.0,182,1113,16,1036,49,348061
EAGLE MT-SAGINAW ISD,Fort Worth,21.2,31,2015,806,1871,32,2.3,191,1194,16,1050,48,357494
EAGLE MT-SAGINAW ISD,Fort Worth,20.4,31,2016,835,1946,39,2.3,224,1297,17,1027,51,364945
EAGLE MT-SAGINAW ISD,Fort Worth,20.8,30,2017,871,1995,42,2.3,239,1356,18,1038,51,368660
EAGLE PASS ISD,San Antonio,17.8,20,2011,236,392,43,1.7,189,886,21,949,63,120275
EAGLE PASS ISD,San Antonio,17.9,14,2012,300,480,46,1.6,189,936,20,937,61,122595
EAGLE PASS ISD,San Antonio,18.4,11,2013,316,521,50,1.6,192,963,20,958,54,122048
EAGLE PASS ISD,San Antonio,19.4,7,2014,263,407,56,1.5,183,919,20,967,54,130623
EAGLE PASS ISD,San Antonio,19.8,12,2015,306,533,47,1.7,165,906,18,945,56,143020
EAGLE PASS ISD,San Antonio,18.5,15,2016,356,648,45,1.8,187,989,19,947,55,147975
EAGLE PASS ISD,San Antonio,16.7,79,2017,337,646,48,1.9,251,1079,23,965,60,156582
EANES ISD,Austin,27,67,2011,802,2600,77,3.2,222,617,36,1280,98,1293693
EANES ISD,Austin,26.6,72,2012,768,2485,77,3.2,195,629,31,1265,92,1214826
EANES ISD,Austin,27.1,73,2013,782,2527,80,3.2,190,597,32,1276,88,1227376
EANES ISD,Austin,27.3,75,2014,836,2699,79,3.2,222,647,34,1286,85,1257940
EANES ISD,Austin,26.4,100,2015,772,2597,74,3.4,173,592,29,1280,82,1332102
EANES ISD,Austin,26.8,97,2016,862,3002,72,3.5,182,605,30,1298,73,1421278
EANES ISD,Austin,27.2,75,2017,976,3213,70,3.3,204,651,31,1280,73,1573376
EAST CENTRAL ISD,San Antonio,19.8,14,2011,150,315,29,2.1,68,604,11,994,51,207495
EAST CENTRAL ISD,San Antonio,19.5,28,2012,202,334,31,1.7,84,589,14,992,57,211273
EAST CENTRAL ISD,San Antonio,19.3,28,2013,225,434,29,1.9,93,668,14,986,53,215008
EAST CENTRAL ISD,San Antonio,18.9,30,2014,321,619,22,1.9,80,627,13,985,50,228991
EAST CENTRAL ISD,San Antonio,19.3,33,2015,342,800,19,2.3,100,687,15,994,51,264341
EAST CENTRAL ISD,San Antonio,18.8,21,2016,290,671,19,2.3,102,703,15,977,46,269416
EAST CENTRAL ISD,San Antonio,18.9,18,2017,310,706,21,2.3,91,697,13,992,48,320400
EDGEWOOD ISD,San Antonio,17.8,24,2011,289,433,7,1.5,66,594,11,875,54,83223
EDGEWOOD ISD,San Antonio,16.1,39,2012,240,422,9,1.8,65,481,14,871,55,83316
EDGEWOOD ISD,San Antonio,16.3,27,2013,303,520,6,1.7,64,549,12,876,50,83962
EDGEWOOD ISD,San Antonio,16.9,26,2014,360,789,7,2.2,58,533,11,871,51,86952
EDGEWOOD ISD,San Antonio,17,15,2015,280,650,7,2.3,54,562,10,872,49,85637
EDGEWOOD ISD,San Antonio,18.1,11,2016,300,574,10,1.9,57,572,10,869,48,91808
EDGEWOOD ISD,San Antonio,16,19,2017,402,790,5,2.0,65,591,11,894,43,112973
ENNIS ISD,Richardson,20.6,47,2011,114,214,37,1.9,61,348,18,1091,26,313461
ENNIS ISD,Richardson,19.1,49,2012,139,229,38,1.6,54,328,16,1032,24,312229
ENNIS ISD,Richardson,19.8,43,2013,151,282,36,1.9,49,345,14,1067,23,321287
ENNIS ISD,Richardson,19.5,46,2014,142,272,37,1.9,50,341,15,1068,23,322444
ENNIS ISD,Richardson,19.2,42,2015,158,348,36,2.2,53,375,14,1028,22,327469
ENNIS ISD,Richardson,19.1,44,2016,139,307,35,2.2,25,351,7,1011,27,316447
ENNIS ISD,Richardson,19.3,41,2017,119,302,37,2.5,41,389,11,1061,18,333339
FLORESVILLE ISD,San Antonio,19.6,33,2011,114,155,14,1.4,34,267,13,1013,55,258912
FLORESVILLE ISD,San Antonio,20.2,40,2012,89,126,23,1.4,59,279,21,1017,59,267336
FLORESVILLE ISD,San Antonio,19.8,46,2013,108,149,26,1.4,62,321,19,1004,55,272347
FLORESVILLE ISD,San Antonio,19.2,56,2014,105,148,23,1.4,52,255,20,1018,64,276454
FLORESVILLE ISD,San Antonio,20.2,49,2015,134,188,18,1.4,61,280,22,1073,51,280635
FLORESVILLE ISD,San Antonio,20.8,31,2016,123,156,10,1.3,45,273,16,1020,44,292081
FLORESVILLE ISD,San Antonio,20.4,26,2017,163,318,22,2.0,44,280,16,1045,39,321343
FORNEY ISD,Richardson,20.5,25,2011,149,334,35,2.2,93,453,21,1052,63,292929
FORNEY ISD,Richardson,20.1,26,2012,179,336,48,1.9,93,478,19,1018,62,284379
FORNEY ISD,Richardson,21.8,22,2013,182,334,52,1.8,108,546,20,1038,54,280185
FORNEY ISD,Richardson,20.8,25,2014,190,352,52,1.9,99,553,18,1047,53,278211
FORNEY ISD,Richardson,20.4,24,2015,279,615,36,2.2,114,615,19,1024,58,273181
FORNEY ISD,Richardson,20.8,27,2016,275,607,44,2.2,133,620,21,1041,58,271368
FORNEY ISD,Richardson,20.5,27,2017,268,530,43,2.0,134,627,21,1050,56,281342
FORT BEND ISD,Houston,22.5,35,2011,2612,7116,70,2.7,1565,4836,32,1112,83,351127
FORT BEND ISD,Houston,22.3,33,2012,2607,6951,74,2.7,1579,5027,31,1100,79,351495
FORT BEND ISD,Houston,22.3,30,2013,2650,7254,72,2.7,1557,5077,31,1114,73,353175
FORT BEND ISD,Houston,22.1,34,2014,3042,7605,72,2.5,1713,5031,34,1113,75,355737
FORT BEND ISD,Houston,22.3,36,2015,3503,10247,65,2.9,1782,5437,33,1107,75,373235
FORT BEND ISD,Houston,22.8,36,2016,3546,10547,63,3.0,1692,5411,31,1105,74,392617
FORT BEND ISD,Houston,23,35,2017,3810,11285,65,3.0,1717,5487,31,1108,73,444265
FORT WORTH ISD,Fort Worth,18.1,28,2011,2052,4734,27,2.3,547,3863,14,994,59,343130
FORT WORTH ISD,Fort Worth,18.2,30,2012,1786,3935,34,2.2,539,3642,15,989,56,322648
FORT WORTH ISD,Fort Worth,18.2,29,2013,1928,3988,31,2.1,558,3646,15,976,59,328206
FORT WORTH ISD,Fort Worth,17.9,27,2014,2362.5,5757,28,2.4,584,3740,16,918,98,335477
FORT WORTH ISD,Fort Worth,18.3,25,2015,3525,7695,20,2.2,653,3891,17,902,99,339898
FORT WORTH ISD,Fort Worth,18.9,21,2016,3105,7447.5,19,2.4,614,4033,15,897,98,340822
FORT WORTH ISD,Fort Worth,19.6,19,2017,3375,8728,20,2.6,733,4306,17,916,96,348001
FREDERICKSBURG ISD,Austin,21.5,41,2011,121,252,59,2.1,62,242,26,1082,64,815998
FREDERICKSBURG ISD,Austin,22,37,2012,103,193,62,1.9,58,219,26,1102,64,817930
FREDERICKSBURG ISD,Austin,22.1,37,2013,103,223,59,2.2,70,246,28,1098,57,828348
FREDERICKSBURG ISD,Austin,21.8,37,2014,105,236,55,2.2,63,235,27,1089,60,857468
FREDERICKSBURG ISD,Austin,20.7,32,2015,118,246,45,2.1,67,227,30,1038,63,868240
FREDERICKSBURG ISD,Austin,22.2,35,2016,104,230,51,2.2,65,230,28,1063,60,865883
FREDERICKSBURG ISD,Austin,20.6,34,2017,108,238,37,2.2,48,228,21,1062,54,924409
FRIENDSWOOD ISD,Houston,25,48,2011,319,825,74,2.6,154,493,31,1181,88,354657
FRIENDSWOOD ISD,Houston,24.7,40,2012,321,744,82,2.3,145,485,30,1174,78,356827
FRIENDSWOOD ISD,Houston,25,44,2013,346,874,74,2.5,155,481,32,1179,77,364220
FRIENDSWOOD ISD,Houston,25,41,2014,311,843,81,2.7,153,491,31,1177,80,369076
FRIENDSWOOD ISD,Houston,24.6,44,2015,345,897,80,2.6,175,532,33,1169,78,380020
FRIENDSWOOD ISD,Houston,25,51,2016,368,1118,75,3.0,175,530,33,1165,78,382675
FRIENDSWOOD ISD,Houston,24.6,63,2017,340,937,76,2.8,205,540,38,1175,69,434057
FRISCO ISD,Richardson,23.6,46,2011,1252,2973,70,2.4,358,1740,21,1141,69,448014
FRISCO ISD,Richardson,23.6,52,2012,1440,3356,72,2.3,451,1962,23,1141,66,409845
FRISCO ISD,Richardson,23.6,50,2013,1659,4070,72,2.5,517,2234,23,1142,64,398568
FRISCO ISD,Richardson,24.1,53,2014,1907,4665,75,2.4,603,2388,25,1156,66,389497
FRISCO ISD,Richardson,24.1,57,2015,2306,6084,70,2.6,689,2707,25,1152,68,392958
FRISCO ISD,Richardson,24.6,55,2016,2776,7245,72,2.6,754,2986,25,1158,68,412264
FRISCO ISD,Richardson,24.5,59,2017,3311,8957,73,2.7,889,3452,26,1178,67,458760
GALENA PARK ISD,Houston,18.1,37,2011,267,537,55,2.0,208,1414,15,983,32,289183
GALENA PARK ISD,Houston,18.1,37,2012,305,554,59,1.8,241,1497,16,963,30,277597
GALENA PARK ISD,Houston,18.7,34,2013,327,648,58,2.0,230,1532,15,979,28,270212
GALENA PARK ISD,Houston,17.9,34,2014,349,657,49,1.9,190,1541,12,976,25,308002
GALENA PARK ISD,Houston,17.8,39,2015,386,700,55,1.8,203,1557,13,956,30,312646
GALENA PARK ISD,Houston,18.6,41,2016,383,722,51,1.9,204,1554,13,971,29,356031
GALENA PARK ISD,Houston,18.3,41,2017,395,751,48,1.9,209,1607,13,985,25,382169
GALVESTON ISD,Houston,19.6,16,2011,185,400,30,2.2,69,416,17,1019,52,724883
GALVESTON ISD,Houston,19.4,25,2012,215,468,34,2.2,72,392,18,984,56,785608
GALVESTON ISD,Houston,20,29,2013,200,390,35,2.0,85,459,19,1033,49,817696
GALVESTON ISD,Houston,20.3,22,2014,162,291,38,1.8,57,381,15,1002,48,861978
GALVESTON ISD,Houston,20.2,20,2015,187,351,27,1.9,87,441,20,998,45,883860
GALVESTON ISD,Houston,20,29,2016,179,371,29,2.1,77,449,17,987,46,899343
GALVESTON ISD,Houston,20.3,26,2017,172,423,34,2.5,79,413,19,1017,49,1017454
GARLAND ISD,Richardson,20.6,26,2011,1637,3448,42,2.1,659,3772,17,1047,53,249795
GARLAND ISD,Richardson,20.9,25,2012,1549,3196,40,2.1,696,3869,18,1046,51,242390
GARLAND ISD,Richardson,20.6,24,2013,1347,2746,45,2.0,661,3940,17,1044,45,240230
GARLAND ISD,Richardson,20.7,27,2014,1462.5,3308,41,2.3,699,3957,18,1054,50,240611
GARLAND ISD,Richardson,20.3,29,2015,2013,4552,35,2.3,677,3941,17,1023,51,242272
GARLAND ISD,Richardson,20.2,26,2016,3006,7915,27,2.6,742,4116,18,1025,52,243367
GARLAND ISD,Richardson,21.5,19,2017,3168,8082,27,2.6,747,3977,19,970,94,263202
GEORGETOWN ISD,Austin,21.8,36,2011,261,528,61,2.0,211,714,30,1120,67,529858
GEORGETOWN ISD,Austin,23,33,2012,237,503,65,2.1,206,685,30,1137,62,539763
GEORGETOWN ISD,Austin,22.4,33,2013,245,454,66,1.9,178,694,26,1123,63,548453
GEORGETOWN ISD,Austin,22.7,34,2014,292,534,64,1.8,198,792,25,1128,62,555072
GEORGETOWN ISD,Austin,23,35,2015,335,678,62,2.0,201,769,26,1111,60,565119
GEORGETOWN ISD,Austin,22.5,31,2016,437,948,54,2.2,192,816,24,1096,59,603338
GEORGETOWN ISD,Austin,22.6,30,2017,482,1078,49,2.2,221,838,26,1097,62,672245
GRANBURY ISD,Fort Worth,22.9,35,2011,203,358,49,1.8,92,411,22,1126,56,767593
GRANBURY ISD,Fort Worth,21.7,40,2012,226,410,50,1.8,117,462,25,1065,47,772115
GRANBURY ISD,Fort Worth,22.2,43,2013,238,463,45,1.9,118,397,30,1090,53,754804
GRANBURY ISD,Fort Worth,21.9,46,2014,188,378,44,2.0,105,395,27,1085,46,762202
GRANBURY ISD,Fort Worth,21.9,40,2015,161,306,38,1.9,95,444,21,1065,47,729940
GRANBURY ISD,Fort Worth,22.4,43,2016,160,280,36,1.8,107,475,23,1094,44,697751
GRANBURY ISD,Fort Worth,21.5,42,2017,150,266,37,1.8,105,461,23,1084,46,701862
GRAPEVINE-COLLEYVILLE ISD,Fort Worth,24.5,52,2011,1142,3338,66,2.9,264,1058,25,1167,82,791537
GRAPEVINE-COLLEYVILLE ISD,Fort Worth,24.3,56,2012,1080,3093,70,2.9,272,1045,26,1166,77,766565
GRAPEVINE-COLLEYVILLE ISD,Fort Worth,24.5,51,2013,1010,2976,71,2.9,268,1106,24,1169,74,792003
GRAPEVINE-COLLEYVILLE ISD,Fort Worth,24.5,53,2014,1081,3066,66,2.8,242,988,24,1165,71,785247
GRAPEVINE-COLLEYVILLE ISD,Fort Worth,24.8,55,2015,1244,4015,61,3.2,303,1109,27,1163,75,792073
GRAPEVINE-COLLEYVILLE ISD,Fort Worth,25.1,54,2016,1195,3933,61,3.3,310,1140,27,1164,70,805590
GRAPEVINE-COLLEYVILLE ISD,Fort Worth,24.4,54,2017,1140,3895,60,3.4,309,1128,27,1159,67,838566
HARLANDALE ISD,San Antonio,18.7,24,2011,311,425,13,1.4,93,826,11,945,47,90871
HARLANDALE ISD,San Antonio,17.9,28,2012,315,464,11,1.5,97,860,11,939,50,85263
HARLANDALE ISD,San Antonio,17.4,27,2013,275,421,14,1.5,102,842,12,875,92,83293
HARLANDALE ISD,San Antonio,18.4,25,2014,409,671,9,1.6,122,887,14,871,90,81759
HARLANDALE ISD,San Antonio,17.4,15,2015,351,622,13,1.8,80,915,9,847,95,83957
HARLANDALE ISD,San Antonio,17.7,12,2016,374,607,15,1.6,121,963,13,841,94,82554
HARLANDALE ISD,San Antonio,17.6,16,2017,509,835,8,1.6,130,986,13,855,91,96440
HOUSTON ISD,Houston,19.6,30,2011,6786,14971,34,2.2,2128,9955,21,1000,69,591624
HOUSTON ISD,Houston,20.5,22,2012,7600,16479,33,2.2,2231,9684,23,928,98,569432
HOUSTON ISD,Houston,20.5,21,2013,7560,16403,35,2.2,2015,9487,21,930,96,578069
HOUSTON ISD,Houston,20.5,21,2014,7428,16085,35,2.2,1980,9580,21,924,98,597768
HOUSTON ISD,Houston,20.8,20,2015,8052,18153,34,2.3,1924,9740,20,927,97,641849
HOUSTON ISD,Houston,21.1,21,2016,8289,19330,33,2.3,2072,10225,20,928,94,712393
HOUSTON ISD,Houston,21.9,18,2017,8602,20537,33,2.4,2094,10613,20,950,90,789002
HUFFMAN ISD,Houston,21.8,21,2011,104,183,36,1.8,35,202,17,1049,72,256255
HUFFMAN ISD,Houston,19.9,19,2012,74,138,41,1.9,46,228,20,1037,69,250183
HUFFMAN ISD,Houston,22.2,13,2013,48,84,50,1.8,35,186,19,1049,56,262155
HUFFMAN ISD,Houston,22.3,15,2014,69,108,44,1.6,40,202,20,1059,53,251819
HUFFMAN ISD,Houston,21.8,16,2015,84,151,54,1.8,40,222,18,1047,54,250853
HUFFMAN ISD,Houston,21.9,22,2016,67,143,43,2.1,49,230,21,1052,52,266173
HUFFMAN ISD,Houston,21.5,10,2017,91,183,52,2.0,48,229,21,1024,57,301519
HUMBLE ISD,Houston,22.4,30,2011,978,1989,58,2.0,580,2452,24,1084,69,293248
HUMBLE ISD,Houston,22,33,2012,1261,2494,56,2.0,571,2538,22,1077,66,286829
HUMBLE ISD,Houston,22.3,28,2013,1215,2566,56,2.1,595,2557,23,1077,63,283061
HUMBLE ISD,Houston,22.8,31,2014,1326,2520,59,1.9,634,2562,25,1081,60,279638
HUMBLE ISD,Houston,22.5,32,2015,1324,2911,57,2.2,628,2677,23,1069,59,285005
HUMBLE ISD,Houston,22.9,35,2016,1488,3294,59,2.2,723,2780,26,1068,59,302496
HUMBLE ISD,Houston,22.5,34,2017,1675,3758,54,2.2,690,2899,24,1074,58,330877
HURST-EULESS-BEDFORD ISD,Fort Worth,22,32,2011,619,1105,59,1.8,274,1457,19,1106,55,430237
HURST-EULESS-BEDFORD ISD,Fort Worth,21.8,35,2012,670,1095,54,1.6,275,1417,19,1088,57,408613
HURST-EULESS-BEDFORD ISD,Fort Worth,21.1,33,2013,646,1018,58,1.6,254,1422,18,1073,56,407853
HURST-EULESS-BEDFORD ISD,Fort Worth,21.9,32,2014,719,1211,53,1.7,235,1443,16,1092,54,410262
HURST-EULESS-BEDFORD ISD,Fort Worth,22.2,31,2015,681,1158,55,1.7,262,1469,18,1079,57,418485
HURST-EULESS-BEDFORD ISD,Fort Worth,22.1,38,2016,850,1468,55,1.7,297,1479,20,1068,61,427454
HURST-EULESS-BEDFORD ISD,Fort Worth,21.8,32,2017,894,1585,56,1.8,303,1549,20,1077,57,441116
HUTTO ISD,Austin,20.9,28,2011,163,332,34,2.0,57,275,21,1021,67,265353
HUTTO ISD,Austin,19.5,22,2012,123,242,46,2.0,73,319,23,1021,59,257525
HUTTO ISD,Austin,20.2,26,2013,103,200,42,1.9,71,335,21,1037,62,259548
HUTTO ISD,Austin,20.4,34,2014,122,261,30,2.1,62,317,20,1011,54,257165
HUTTO ISD,Austin,19.3,35,2015,167,365,31,2.2,95,383,25,1019,58,260512
HUTTO ISD,Austin,20,38,2016,155,356,44,2.3,93,383,24,1017,53,274616
HUTTO ISD,Austin,20.4,27,2017,169,388,58,2.3,91,412,22,1043,56,302918
IRVING ISD,Richardson,18.7,15,2011,957,1837,27,1.9,286,1949,15,935,78,286194
IRVING ISD,Richardson,19.2,14,2012,1037,2103,28,2.0,262,1922,14,942,79,267332
IRVING ISD,Richardson,18.4,11,2013,1059,2129,27,2.0,271,2010,13,922,84,264581
IRVING ISD,Richardson,18.7,15,2014,1239,2484,28,2.0,251,1998,13,927,87,262509
IRVING ISD,Richardson,16.8,25,2015,1475,3095,23,2.1,239,2137,11,923,82,268429
IRVING ISD,Richardson,16.4,78,2016,1599,3402,27,2.1,270,2143,13,911,83,277018
IRVING ISD,Richardson,16.8,83,2017,1705,3986,24,2.3,294,2280,13,922,87,300858
JUDSON ISD,San Antonio,19.3,14,2011,361,673,37,1.9,188,1256,15,1008,58,289992
JUDSON ISD,San Antonio,18.9,16,2012,308,541,40,1.8,197,1369,14,973,60,284328
JUDSON ISD,San Antonio,19,16,2013,247,467,41,1.9,275,1334,21,980,66,280166
JUDSON ISD,San Antonio,18.6,15,2014,240,382.5,39,1.6,229,1366,17,971,64,287277
JUDSON ISD,San Antonio,19.4,10,2015,202.5,394,27,1.9,235,1378,17,932,91,293780
JUDSON ISD,San Antonio,19.9,11,2016,298,590,23,2.0,229,1447,16,900,93,309210
JUDSON ISD,San Antonio,20.2,7,2017,337.5,676,21,2.0,224,1343,17,917,91,351253
KATY ISD,Houston,23.7,35,2011,2423,6522,78,2.7,993,4078,24,1141,75,330939
KATY ISD,Houston,23.5,37,2012,2625,6978,77,2.7,939,4090,23,1148,72,327631
KATY ISD,Houston,23.6,36,2013,2811,7635,74,2.7,954,4259,22,1149,70,331108
KATY ISD,Houston,23.9,37,2014,2781,7698,80,2.8,1077,4457,24,1141,70,338212
KATY ISD,Houston,24.1,34,2015,3122,8872,75,2.8,1123,4684,24,1147,70,353693
KATY ISD,Houston,24.5,36,2016,3351,9256,73,2.8,1113,4810,23,1146,70,392092
KATY ISD,Houston,24.3,37,2017,3692,10504,76,2.8,1174,5016,23,1145,71,448869
KELLER ISD,Fort Worth,22.7,39,2011,1074,2472,59,2.3,470,2004,23,1120,66,347047
KELLER ISD,Fort Worth,23.1,37,2012,1178,2734,63,2.3,499,2075,24,1123,64,340389
KELLER ISD,Fort Worth,22.8,45,2013,1410,3186,63,2.3,499,2172,23,1121,63,345629
KELLER ISD,Fort Worth,23.1,47,2014,1574,3717,63,2.4,559,2315,24,1124,61,348489
KELLER ISD,Fort Worth,22.8,46,2015,1570,3975,59,2.5,549,2397,23,1113,60,367730
KELLER ISD,Fort Worth,22.9,49,2016,1704,4358,62,2.6,561,2471,23,1109,61,379288
KELLER ISD,Fort Worth,23,46,2017,1837,4869,64,2.7,579,2619,22,1111,62,399061
KENNEDALE ISD,Fort Worth,20.7,18,2011,51,82,48,1.6,42,208,20,1024,67,331825
KENNEDALE ISD,Fort Worth,20,18,2012,38,51,63,1.3,54,220,25,1039,67,316270
KENNEDALE ISD,Fort Worth,21.8,20,2013,42,52,75,1.2,51,226,23,1056,51,325209
KENNEDALE ISD,Fort Worth,21.3,24,2014,43,63,60,1.5,38,211,18,1049,63,325660
KENNEDALE ISD,Fort Worth,22.1,21,2015,73,123,56,1.7,51,228,22,1023,65,335135
KENNEDALE ISD,Fort Worth,21.2,23,2016,73,126,52,1.7,65,240,27,1045,64,340139
KENNEDALE ISD,Fort Worth,19.8,25,2017,73,107,48,1.5,52,224,23,1034,64,358190
KERRVILLE ISD,San Antonio,22.8,18,2011,153,275,58,1.8,72,332,22,1078,64,476934
KERRVILLE ISD,San Antonio,22.5,14,2012,132,288,62,2.2,51,312,16,1093,55,489113
KERRVILLE ISD,San Antonio,22.4,15,2013,180,347,52,1.9,65,335,19,1104,53,494725
KERRVILLE ISD,San Antonio,22.3,15,2014,207,454,55,2.2,74,323,23,1091,62,486896
KERRVILLE ISD,San Antonio,23.7,20,2015,199,525,51,2.6,58,344,17,1092,59,484758
KERRVILLE ISD,San Antonio,23,19,2016,184,413,53,2.2,75,327,23,1084,52,488915
KERRVILLE ISD,San Antonio,21.6,23,2017,171,401,60,2.3,85,353,24,1070,58,513176
KLEIN ISD,Houston,22.4,27,2011,1119,2304,58,2.1,743,3065,24,1094,71,301357
KLEIN ISD,Houston,22.9,28,2012,1034,2138,59,2.1,717,3061,23,1097,65,285220
KLEIN ISD,Houston,22.4,27,2013,1055,2110,58,2.0,720,3106,23,1089,61,282795
KLEIN ISD,Houston,22.4,28,2014,1012.5,2211,59,2.2,733,3197,23,1101,58,282036
KLEIN ISD,Houston,22.7,27,2015,1241,2696,55,2.2,718,3406,21,1094,58,293054
KLEIN ISD,Houston,21.7,40,2016,1284,2781,57,2.2,768,3375,23,1076,57,314422
KLEIN ISD,Houston,19.7,85,2017,1462.5,3214,54,2.2,718,3437,21,1083,51,353021
LA GRANGE ISD,Austin,20.8,16,2011,39,57,74,1.5,30,146,21,1088,64,523995
LA GRANGE ISD,Austin,20.7,21,2012,58,83,64,1.4,16,111,14,1084,58,524082
LA GRANGE ISD,Austin,21.6,14,2013,74,103,61,1.4,30,154,19,1073,59,508932
LA GRANGE ISD,Austin,21.4,12,2014,60,98,60,1.6,25,155,16,1056,50,557146
LA GRANGE ISD,Austin,23,24,2015,66,125,46,1.9,32,133,24,1082,61,574724
LA GRANGE ISD,Austin,21.8,22,2016,63,121,48,1.9,30,156,19,1056,60,530845
LA GRANGE ISD,Austin,24,18,2017,55,126,46,2.3,19,116,16,1039,58,549956
LA PORTE ISD,Houston,20.1,17,2011,186,345,37,1.9,60,525,11,1035,48,849915
LA PORTE ISD,Houston,20,21,2012,151,293,41,1.9,82,484,17,1044,50,823231
LA PORTE ISD,Houston,19.5,11,2013,151,312,44,2.1,59,544,11,1038,40,845785
LA PORTE ISD,Houston,18.9,13,2014,210,443,30,2.1,66,524,13,1023,45,898184
LA PORTE ISD,Houston,19.2,10,2015,199,447,31,2.2,67,450,15,1029,50,942798
LA PORTE ISD,Houston,19,14,2016,292,613,22,2.1,69,510,14,1021,45,982447
LA PORTE ISD,Houston,21.5,14,2017,240,553,19,2.3,79,556,14,1043,45,1158898
LA VERNIA ISD,San Antonio,21.9,27,2011,52,72,64,1.4,44,210,21,1073,69,230871
LA VERNIA ISD,San Antonio,22.2,25,2012,56,69,55,1.2,42,205,20,1071,62,243224
LA VERNIA ISD,San Antonio,21.2,28,2013,48,58,47,1.2,37,200,19,1051,54,260077
LA VERNIA ISD,San Antonio,20.6,26,2014,81,95,45,1.2,52,216,24,1048,62,268247
LA VERNIA ISD,San Antonio,22,25,2015,84,130,35,1.5,67,240,28,1055,69,269039
LA VERNIA ISD,San Antonio,20.6,23,2016,121,143,31,1.2,47,242,19,1020,60,269154
LA VERNIA ISD,San Antonio,21.5,24,2017,156,272,32,1.7,75,250,30,1043,68,301389
LAGO VISTA ISD,Austin,21.1,36,2011,55,104,53,1.9,21,92,23,1100,66,1217369
LAGO VISTA ISD,Austin,21.2,45,2012,55,122,61,2.2,34,76,45,1101,78,1122652
LAGO VISTA ISD,Austin,23.3,47,2013,61,123,65,2.0,24,97,25,1109,63,1091340
LAGO VISTA ISD,Austin,23,51,2014,54,130,57,2.4,24,92,26,1085,58,1020808
LAGO VISTA ISD,Austin,23.4,36,2015,62,90,59,1.5,29,103,28,1120,71,992965
LAGO VISTA ISD,Austin,21.8,58,2016,59,122,49,2.1,41,113,36,1085,74,949342
LAGO VISTA ISD,Austin,22,66,2017,38,81,53,2.1,35,103,34,1116,55,1002393
LAKE DALLAS ISD,Fort Worth,21.8,23,2011,75,116,49,1.5,47,251,19,1069,63,324484
LAKE DALLAS ISD,Fort Worth,22,23,2012,72,106,53,1.5,40,260,15,1078,59,313195
LAKE DALLAS ISD,Fort Worth,22.3,37,2013,75,111,43,1.5,60,282,21,1089,60,320677
LAKE DALLAS ISD,Fort Worth,22.5,30,2014,67,87,54,1.3,61,274,22,1062,58,327185
LAKE DALLAS ISD,Fort Worth,22.5,35,2015,95,148,51,1.6,80,281,28,1081,61,331317
LAKE DALLAS ISD,Fort Worth,21.4,38,2016,97,169,56,1.7,61,303,20,1029,58,347364
LAKE DALLAS ISD,Fort Worth,22.2,29,2017,94,195,54,2.1,71,295,24,1079,59,378632
LAKE TRAVIS ISD,Austin,24.3,48,2011,348,714,73,2.1,153,424,36,1187,91,1066698
LAKE TRAVIS ISD,Austin,25.2,45,2012,360,752,79,2.1,152,513,30,1188,80,965921
LAKE TRAVIS ISD,Austin,24.7,55,2013,438,988,72,2.3,186,494,38,1205,87,939378
LAKE TRAVIS ISD,Austin,25.1,57,2014,487,1036,72,2.1,177,533,33,1199,82,915434
LAKE TRAVIS ISD,Austin,24.9,57,2015,533,1340,65,2.5,158,555,28,1173,83,919348
LAKE TRAVIS ISD,Austin,24.6,73,2016,559,1398,70,2.5,174,588,30,1178,77,959682
LAKE TRAVIS ISD,Austin,25.1,66,2017,639,1735,72,2.7,191,635,30,1190,76,1035076
LANCASTER ISD,Richardson,15.4,62,2011,138,200,5,1.4,82,329,25,882,58,262718
LANCASTER ISD,Richardson,16.1,31,2012,127,213,4,1.7,86,334,26,900,57,261013
LANCASTER ISD,Richardson,16,42,2013,196,316,4,1.6,79,348,23,864,60,252102
LANCASTER ISD,Richardson,16.4,43,2014,186,347,4,1.9,85,365,23,882,52,232472
LANCASTER ISD,Richardson,16.8,57,2015,165,336,2,2.0,97,364,27,869,53,211138
LANCASTER ISD,Richardson,17,56,2016,226,405,4,1.8,102,399,26,857,50,233074
LANCASTER ISD,Richardson,15.7,78,2017,225,450,4,2.0,117,421,28,892,44,245946
LEANDER ISD,Austin,23.7,40,2011,1284,2802,59,2.2,456,1723,26,1146,78,429373
LEANDER ISD,Austin,23.2,39,2012,1434,2953,62,2.1,540,1903,28,1131,69,401483
LEANDER ISD,Austin,23.8,39,2013,1664,3643,64,2.2,567,2076,27,1141,68,397625
LEANDER ISD,Austin,23.6,40,2014,1597.5,3960,67,2.5,599,2037,29,1140,71,400260
LEANDER ISD,Austin,23.9,43,2015,1732.5,4363,70,2.5,692,2244,31,1151,74,418946
LEANDER ISD,Austin,23.3,58,2016,1890,4974,72,2.6,685,2412,28,1152,68,450380
LEANDER ISD,Austin,23.5,69,2017,2025,5130,71,2.5,759,2590,29,1169,68,498877
LEWISVILLE ISD,Fort Worth,23.8,44,2011,1951,4325,72,2.2,756,3487,22,1154,70,471674
LEWISVILLE ISD,Fort Worth,23.7,41,2012,2014,4392,72,2.2,767,3439,22,1159,68,457115
LEWISVILLE ISD,Fort Worth,24,41,2013,2136,4763,71,2.2,820,3577,23,1163,68,465378
LEWISVILLE ISD,Fort Worth,23.7,41,2014,2126,4832,75,2.3,872,3642,24,1162,66,471430
LEWISVILLE ISD,Fort Worth,23.9,39,2015,2316,5739,73,2.5,882,3777,23,1156,66,491262
LEWISVILLE ISD,Fort Worth,24,41,2016,2455,5824,75,2.4,927,3982,23,1152,66,524879
LEWISVILLE ISD,Fort Worth,24.4,45,2017,2596,6206,73,2.4,974,4099,24,1159,65,582780
LIBERTY HILL ISD,Austin,23.6,36,2011,86,117,66,1.4,42,179,23,1132,62,397559
LIBERTY HILL ISD,Austin,22.5,34,2012,75,110,64,1.5,50,170,29,1104,65,387378
LIBERTY HILL ISD,Austin,23.4,31,2013,88,130,65,1.5,37,167,22,1101,58,378196
LIBERTY HILL ISD,Austin,24,38,2014,101,140,64,1.4,46,202,23,1106,62,362894
LIBERTY HILL ISD,Austin,22.8,35,2015,106,185,63,1.7,62,240,26,1113,63,350784
LIBERTY HILL ISD,Austin,22.7,46,2016,139,222,59,1.6,80,251,32,1105,68,359270
LIBERTY HILL ISD,Austin,22.4,31,2017,136,218,66,1.6,63,263,24,1104,64,405633
LITTLE ELM ISD,Fort Worth,20.4,30,2011,182,428,29,2.4,60,301,20,1038,63,284871
LITTLE ELM ISD,Fort Worth,19.2,35,2012,165,390,28,2.4,64,339,19,1003,54,273718
LITTLE ELM ISD,Fort Worth,19.9,28,2013,177,410,39,2.3,51,341,15,1019,51,296573
LITTLE ELM ISD,Fort Worth,20.3,36,2014,140,322,45,2.3,73,365,20,1040,52,292988
LITTLE ELM ISD,Fort Worth,20.2,34,2015,113,236,42,2.1,52,326,16,1011,53,310952
LITTLE ELM ISD,Fort Worth,19.7,28,2016,174,394,54,2.3,62,392,16,1015,49,338944
LITTLE ELM ISD,Fort Worth,20.8,32,2017,237,609,52,2.6,76,462,16,1051,48,384251
LOCKHART ISD,Austin,18.8,34,2011,70,107,43,1.5,61,320,19,988,48,194200
LOCKHART ISD,Austin,18.4,31,2012,111,183,39,1.6,60,331,18,1021,47,200928
LOCKHART ISD,Austin,19.8,21,2013,89,188,40,2.1,64,320,20,1012,49,213087
LOCKHART ISD,Austin,19.2,24,2014,155,294,27,1.9,66,298,22,994,52,207941
LOCKHART ISD,Austin,19.3,21,2015,146,307,26,2.1,48,322,15,935,72,209001
LOCKHART ISD,Austin,19.1,15,2016,206,423,25,2.1,57,334,17,912,91,203227
LOCKHART ISD,Austin,18.6,13,2017,192,399,21,2.1,67,350,19,912,84,199486
LOVEJOY ISD,Richardson,24,62,2011,303,706,52,2.3,52,229,23,1162,93,447132
LOVEJOY ISD,Richardson,24.3,69,2012,345,921,61,2.7,62,242,26,1187,83,434606
LOVEJOY ISD,Richardson,25.4,64,2013,395,1134,60,2.9,78,274,28,1186,83,434201
LOVEJOY ISD,Richardson,25.6,67,2014,341,935,73,2.7,75,275,27,1207,82,435809
LOVEJOY ISD,Richardson,25.3,76,2015,362,1033,66,2.9,70,258,27,1193,85,453799
LOVEJOY ISD,Richardson,25.6,79,2016,424,1205,67,2.8,62,293,21,1196,78,472414
LOVEJOY ISD,Richardson,25.7,72,2017,425,1124,79,2.6,92,323,28,1206,71,499969
MABANK ISD,Richardson,20.9,19,2011,81,94,32,1.2,21,227,9,1029,39,333112
MABANK ISD,Richardson,20.7,38,2012,105,156,25,1.5,25,241,10,1017,34,323884
MABANK ISD,Richardson,21.6,43,2013,104,164,26,1.6,40,236,17,1097,32,330707
MABANK ISD,Richardson,21.8,31,2014,84,120,43,1.4,24,211,11,1087,26,328954
MABANK ISD,Richardson,21.4,36,2015,100,205,29,2.1,25,222,11,1052,29,332924
MABANK ISD,Richardson,21.7,23,2016,78,176,46,2.3,35,226,15,1040,34,327840
MABANK ISD,Richardson,21.8,24,2017,108,208,41,1.9,33,244,14,1063,37,328253
MANOR ISD,Austin,16.6,32,2011,191,313,4,1.6,64,336,19,925,63,441022
MANOR ISD,Austin,16.9,53,2012,118,162,12,1.4,67,284,24,928,67,374184
MANOR ISD,Austin,16.8,44,2013,174,283,10,1.6,75,373,20,918,63,327997
MANOR ISD,Austin,17.5,45,2014,251,368,6,1.5,98,392,25,929,68,301301
MANOR ISD,Austin,16.5,35,2015,229,320,4,1.4,78,477,16,913,55,309969
MANOR ISD,Austin,17.8,37,2016,233,345,8,1.5,79,467,17,915,56,464422
MANOR ISD,Austin,17.2,33,2017,236,362,6,1.5,85,435,20,930,58,394857
MANSFIELD ISD,Fort Worth,20.9,26,2011,1312,2445,26,1.9,463,1961,24,1053,68,304326
MANSFIELD ISD,Fort Worth,20.9,26,2012,1437,2571,30,1.8,522,2039,26,1053,68,293078
MANSFIELD ISD,Fort Worth,20.8,32,2013,1452,2902,31,2.0,519,2159,24,1057,66,298968
MANSFIELD ISD,Fort Worth,21.3,32,2014,1355,2667,35,2.0,543,2154,25,1059,66,298201
MANSFIELD ISD,Fort Worth,21.1,37,2015,1488,3327,36,2.2,619,2273,27,1056,68,299533
MANSFIELD ISD,Fort Worth,21,38,2016,1559,3420,35,2.2,635,2412,26,1044,67,304304
MANSFIELD ISD,Fort Worth,21.2,36,2017,1653,3812,39,2.3,685,2436,28,1063,68,322050
MARBLE FALLS ISD,Austin,22.3,39,2011,101,195,35,1.9,75,267,28,1055,58,751177
MARBLE FALLS ISD,Austin,21.1,38,2012,87,164,38,1.9,62,232,27,1059,38,754097
MARBLE FALLS ISD,Austin,20.6,36,2013,108,202,35,1.9,66,266,25,1059,43,760294
MARBLE FALLS ISD,Austin,21.2,38,2014,78,136,50,1.7,63,272,23,1045,49,771953
MARBLE FALLS ISD,Austin,21.5,43,2015,79,177,60,2.2,68,262,26,1060,45,777127
MARBLE FALLS ISD,Austin,21.6,37,2016,107,250,44,2.3,50,281,18,1062,39,758024
MARBLE FALLS ISD,Austin,22.6,26,2017,130,304,43,2.3,47,263,18,1090,43,799350
MCKINNEY ISD,Richardson,23,47,2011,1298,3154,61,2.4,296,1429,21,1127,75,383840
MCKINNEY ISD,Richardson,23.7,47,2012,1478,3832,63,2.6,285,1467,19,1147,67,379570
MCKINNEY ISD,Richardson,23.9,46,2013,1498,3807,64,2.5,315,1562,20,1157,63,386689
MCKINNEY ISD,Richardson,23.3,42,2014,1588,4026,60,2.5,329,1578,21,1145,62,387547
MCKINNEY ISD,Richardson,23.4,48,2015,1829,4966,56,2.7,341,1660,21,1140,64,406248
MCKINNEY ISD,Richardson,23.4,49,2016,1884,5044,58,2.7,323,1748,18,1137,63,434453
MCKINNEY ISD,Richardson,23.7,49,2017,1875,5127,56,2.7,372,1758,21,1139,64,477580
MESQUITE ISD,Richardson,19.2,27,2011,645,1253,35,1.9,439,2429,18,1014,58,173861
MESQUITE ISD,Richardson,19.1,24,2012,746,1399,39,1.9,426,2348,18,996,50,164305
MESQUITE ISD,Richardson,18.2,24,2013,822,1601,40,1.9,394,2490,16,995,48,159323
MESQUITE ISD,Richardson,18.9,23,2014,1041,1962,41,1.9,433,2543,17,995,52,152759
MESQUITE ISD,Richardson,18.7,25,2015,1254,2937,32,2.3,429,2566,17,984,51,152165
MESQUITE ISD,Richardson,18.5,31,2016,1301,2927,30,2.2,457,2575,18,966,52,150316
MESQUITE ISD,Richardson,18.5,31,2017,1257,2730,35,2.2,463,2565,18,981,53,158391
MIDLOTHIAN ISD,Richardson,21.5,56,2011,222,454,37,2.0,115,529,22,1108,50,377098
MIDLOTHIAN ISD,Richardson,22,53,2012,216,420,44,1.9,118,496,24,1103,44,373084
MIDLOTHIAN ISD,Richardson,22.2,53,2013,200,456,48,2.3,114,521,22,1074,49,364426
MIDLOTHIAN ISD,Richardson,22.3,52,2014,206,438,58,2.1,125,527,24,1096,46,353849
MIDLOTHIAN ISD,Richardson,22.3,55,2015,259,546,48,2.1,127,517,25,1110,49,361219
MIDLOTHIAN ISD,Richardson,21.8,54,2016,270,577,56,2.1,130,507,26,1092,47,365655
MIDLOTHIAN ISD,Richardson,22,46,2017,261,683,53,2.6,125,605,21,1111,46,391337
NEW BRAUNFELS ISD,Austin,21.9,22,2011,250,745,62,3.0,144,556,26,1077,64,390190
NEW BRAUNFELS ISD,Austin,21.9,22,2012,285,792,55,2.8,128,555,23,1082,60,385312
NEW BRAUNFELS ISD,Austin,21.9,18,2013,274,751,57,2.7,133,555,24,1101,59,389897
NEW BRAUNFELS ISD,Austin,22.3,22,2014,284,775,46,2.7,98,545,18,1096,57,394429
NEW BRAUNFELS ISD,Austin,22.5,25,2015,281,738,52,2.6,167,630,27,1093,57,411556
NEW BRAUNFELS ISD,Austin,22.7,21,2016,263,627,54,2.4,116,587,20,1096,53,435311
NEW BRAUNFELS ISD,Austin,22.8,23,2017,268,583,54,2.2,141,582,24,1094,58,481152
NORTH EAST ISD,San Antonio,22.3,25,2011,2969,7517,47,2.5,1074,4285,25,1097,72,435807
NORTH EAST ISD,San Antonio,21.9,27,2012,3106,7875,48,2.5,1040,4425,24,1100,69,424008
NORTH EAST ISD,San Antonio,21.6,27,2013,3257,8352,49,2.6,1096,4634,24,1084,69,422025
NORTH EAST ISD,San Antonio,22.4,27,2014,3362,8781,51,2.6,1151,4676,25,1091,69,425971
NORTH EAST ISD,San Antonio,22.3,29,2015,3707,10081,47,2.7,1164,4723,25,1091,68,445203
NORTH EAST ISD,San Antonio,22.2,31,2016,3551,9539,51,2.7,1199,4864,25,1069,70,473823
NORTH EAST ISD,San Antonio,22.8,28,2017,3806,10479,52,2.8,1271,4981,26,1089,68,525985
NORTHSIDE ISD,San Antonio,21.4,24,2011,3967,8705,35,2.2,1077,5678,19,1049,68,355682
NORTHSIDE ISD,San Antonio,21.2,22,2012,3958,8592,36,2.2,1134,6020,19,1034,63,347261
NORTHSIDE ISD,San Antonio,21.6,20,2013,4078,8932,39,2.2,1185,6038,20,1045,63,346026
NORTHSIDE ISD,San Antonio,21.2,22,2014,4402,9964,39,2.3,1412,6444,22,1055,60,349563
NORTHSIDE ISD,San Antonio,21.1,21,2015,4655,11369,36,2.4,1330,6555,20,1052,60,363517
NORTHSIDE ISD,San Antonio,21.3,17,2016,4878,11682,37,2.4,1451,6861,21,969,93,385379
NORTHSIDE ISD,San Antonio,22.1,15,2017,4790,11360,40,2.4,1552,6856,23,981,95,432999
NORTHWEST ISD,Fort Worth,22.7,27,2011,434,974,53,2.2,150,771,19,1079,72,728886
NORTHWEST ISD,Fort Worth,22.8,33,2012,617,1444,44,2.3,185,889,21,1080,68,649557
NORTHWEST ISD,Fort Worth,22.5,36,2013,725,1783,47,2.5,222,964,23,1088,64,622609
NORTHWEST ISD,Fort Worth,22.6,38,2014,796,1940,44,2.4,273,1083,25,1090,63,578270
NORTHWEST ISD,Fort Worth,20.5,94,2015,854,2237,54,2.6,277,1154,24,1109,58,544034
NORTHWEST ISD,Fort Worth,20.1,100,2016,1079,3034,51,2.8,268,1193,22,1102,49,565840
NORTHWEST ISD,Fort Worth,23.1,35,2017,1208,3404,51,2.8,335,1351,25,1048,96,575909
PASADENA ISD,Houston,18.9,10,2011,1356,2811,30,2.1,323,2874,11,1007,44,211175
PASADENA ISD,Houston,19.2,15,2012,1304,2816,31,2.2,392,2961,13,987,47,197326
PASADENA ISD,Houston,19.8,13,2013,1289,2990,33,2.3,343,2997,11,988,47,193179
PASADENA ISD,Houston,19.8,16,2014,1501,3649,32,2.4,436,2997,15,983,51,194446
PASADENA ISD,Houston,19.2,17,2015,1635,4482,31,2.7,390,3216,12,979,52,203115
PASADENA ISD,Houston,18.9,15,2016,1780,4443,28,2.5,420,3396,12,962,52,209501
PASADENA ISD,Houston,19.3,12,2017,1888,4820,30,2.6,481,3472,14,991,53,228115
PEARLAND ISD,Houston,22.1,20,2011,637,1572,56,2.5,288,1185,24,1098,68,313079
PEARLAND ISD,Houston,21.4,21,2012,689,1701,59,2.5,292,1252,23,1086,63,301850
PEARLAND ISD,Houston,21.4,22,2013,849,2338,56,2.8,282,1327,21,1079,54,296335
PEARLAND ISD,Houston,22.5,21,2014,925,2663,59,2.9,336,1332,25,1119,59,292463
PEARLAND ISD,Houston,22.8,25,2015,1019,3117,53,3.1,344,1388,25,1134,59,291053
PEARLAND ISD,Houston,22.8,29,2016,1160,3795,54,3.3,394,1457,27,1114,64,287382
PEARLAND ISD,Houston,23.1,27,2017,1284,3915,60,3.0,452,1556,29,1119,63,307573
PFLUGERVILLE ISD,Austin,20.6,26,2011,813,1927,50,2.4,397,1389,29,1062,76,346234
PFLUGERVILLE ISD,Austin,20.3,28,2012,902,2026,47,2.2,358,1418,25,1043,69,327131
PFLUGERVILLE ISD,Austin,20.7,34,2013,913,2063,45,2.3,388,1471,26,1040,66,322940
PFLUGERVILLE ISD,Austin,20.1,32,2014,917,2137,43,2.3,413,1520,27,1032,68,325796
PFLUGERVILLE ISD,Austin,19.9,30,2015,1024,2654,38,2.6,389,1599,24,1026,64,339927
PFLUGERVILLE ISD,Austin,18.2,94,2016,1084,2861,41,2.6,415,1564,27,1046,56,370464
PFLUGERVILLE ISD,Austin,18.8,95,2017,1104,3010,45,2.7,411,1588,26,1070,53,416776
PLANO ISD,Richardson,25.7,50,2011,3200,8471,76,2.6,865,3577,24,1210,78,632444
PLANO ISD,Richardson,25.6,49,2012,3157,8627,80,2.7,796,3634,22,1196,74,627117
PLANO ISD,Richardson,25.9,52,2013,3303,9556,80,2.9,916,3802,24,1213,71,628109
PLANO ISD,Richardson,25.8,53,2014,3574,9939,80,2.8,967,3796,25,1215,70,644625
PLANO ISD,Richardson,25.8,58,2015,3673,10464,79,2.8,988,3862,26,1216,69,676205
PLANO ISD,Richardson,25.6,55,2016,3443,9857,82,2.9,932,3948,24,1206,68,711533
PLANO ISD,Richardson,25.4,52,2017,3677,10701,78,2.9,999,3967,25,1216,69,787703
PLEASANTON ISD,San Antonio,20.6,22,2011,118,187,14,1.6,37,218,17,1017,46,203341
PLEASANTON ISD,San Antonio,20.4,25,2012,58,89,20,1.5,31,196,16,1011,31,214467
PLEASANTON ISD,San Antonio,20.5,22,2013,66,98,28,1.5,25,218,11,1015,34,233095
PLEASANTON ISD,San Antonio,20.1,21,2014,91,143,13,1.6,38,213,18,1009,45,332902
PLEASANTON ISD,San Antonio,19.9,18,2015,80,135,18,1.7,39,233,17,993,37,535610
PLEASANTON ISD,San Antonio,19.2,18,2016,74,121,24,1.6,42,254,17,986,41,665175
PLEASANTON ISD,San Antonio,20,20,2017,81,135,18,1.7,44,195,23,967,59,624156
PROSPER ISD,Richardson,22.7,54,2011,213,412,55,1.9,45,200,23,1126,65,412745
PROSPER ISD,Richardson,23.4,65,2012,264,547,64,2.1,56,265,21,1130,68,382713
PROSPER ISD,Richardson,23.5,61,2013,281,584,62,2.1,56,278,20,1144,64,356936
PROSPER ISD,Richardson,23.2,61,2014,292,595,64,2.0,92,343,27,1133,67,341003
PROSPER ISD,Richardson,24,63,2015,330,740,61,2.2,98,407,24,1138,57,352736
PROSPER ISD,Richardson,23.3,75,2016,335,680,65,2.0,89,436,20,1140,46,367080
PROSPER ISD,Richardson,23.4,73,2017,418,836,62,2.0,127,512,25,1145,50,389151
RED OAK ISD,Richardson,21.6,33,2011,99,209,42,2.1,71,407,17,1071,59,223496
RED OAK ISD,Richardson,20.4,45,2012,110,198,47,1.8,92,416,22,1038,48,219873
RED OAK ISD,Richardson,20.5,37,2013,107,208,51,1.9,99,465,21,1026,46,214929
RED OAK ISD,Richardson,21,41,2014,101,219,56,2.2,104,451,23,1054,48,216626
RED OAK ISD,Richardson,20,41,2015,124,243,54,2.0,92,384,24,1018,49,224709
RED OAK ISD,Richardson,20.3,36,2016,124,260,57,2.1,78,439,18,1000,49,237344
RED OAK ISD,Richardson,19.4,40,2017,99,192,68,1.9,85,428,20,1020,52,259896
RICHARDSON ISD,Richardson,22.2,46,2011,1634,3871,56,2.4,467,2019,23,1116,74,494286
RICHARDSON ISD,Richardson,22.4,43,2012,1588,3773,61,2.4,445,2058,22,1105,67,461633
RICHARDSON ISD,Richardson,22.2,46,2013,1607,3824,62,2.4,457,2025,23,1120,65,450786
RICHARDSON ISD,Richardson,20.2,92,2014,1715,4075,61,2.4,469,2082,23,1122,59,451178
RICHARDSON ISD,Richardson,20.1,96,2015,1696,4057,57,2.4,468,2114,22,1115,56,460677
RICHARDSON ISD,Richardson,19.5,94,2016,1816,4471,55,2.5,462,2111,22,1111,55,468071
RICHARDSON ISD,Richardson,20.3,91,2017,1823,4659,53,2.6,465,2124,22,1118,52,499468
ROCKWALL ISD,Richardson,23.2,47,2011,781,1691,54,2.2,212,882,24,1133,72,428552
ROCKWALL ISD,Richardson,23.3,40,2012,733,1567,58,2.1,237,1010,23,1144,66,419117
ROCKWALL ISD,Richardson,23.4,44,2013,700,1521,63,2.2,244,955,26,1134,64,417638
ROCKWALL ISD,Richardson,22.9,46,2014,723,1668,65,2.3,286,1007,28,1128,65,417692
ROCKWALL ISD,Richardson,23,44,2015,742.5,1814,61,2.4,281,1065,26,1122,63,424947
ROCKWALL ISD,Richardson,23.6,48,2016,814,1707,57,2.1,252,1051,24,1122,62,444706
ROCKWALL ISD,Richardson,23.5,44,2017,810,1974,58,2.4,271,1102,25,1138,61,466484
ROUND ROCK ISD,Austin,24,44,2011,2019,4843,70,2.4,772,2627,29,1157,77,490691
ROUND ROCK ISD,Austin,24,42,2012,2003,4977,73,2.5,788,2734,29,1158,74,466287
ROUND ROCK ISD,Austin,23.7,40,2013,2014,5054,76,2.5,802,2921,27,1158,68,465921
ROUND ROCK ISD,Austin,23.9,42,2014,2091,5301,78,2.5,860,3054,28,1159,69,471419
ROUND ROCK ISD,Austin,24.2,48,2015,2377,6306,75,2.7,928,3066,30,1155,71,490234
ROUND ROCK ISD,Austin,24.4,45,2016,2580,6811,75,2.6,896,3247,28,1094,99,540549
ROUND ROCK ISD,Austin,25.2,41,2017,2710,7464,76,2.8,933,3290,28,1104,97,593255
ROYSE CITY ISD,Richardson,20,30,2011,143,280,33,2.0,44,276,16,1033,53,242484
ROYSE CITY ISD,Richardson,21,25,2012,127,271,29,2.1,37,267,14,1023,49,236626
ROYSE CITY ISD,Richardson,21.4,20,2013,98,166,37,1.7,39,298,13,1017,52,229081
ROYSE CITY ISD,Richardson,21.6,24,2014,99,173,40,1.7,55,271,20,1042,58,226520
ROYSE CITY ISD,Richardson,20.7,22,2015,105,201,36,1.9,62,306,20,1028,56,227406
ROYSE CITY ISD,Richardson,21.3,23,2016,111,222,40,2.0,67,345,19,1041,43,228599
ROYSE CITY ISD,Richardson,22.4,18,2017,102,206,37,2.0,66,343,19,1066,47,246203
SAN ANTONIO ISD,San Antonio,16.7,27,2011,1501,2816,7,1.9,254,2777,9,907,57,245848
SAN ANTONIO ISD,San Antonio,17,39,2012,1478,2726,10,1.8,338,2696,13,907,57,237062
SAN ANTONIO ISD,San Antonio,16.7,39,2013,1331,2483,10,1.9,345,2693,13,903,58,237214
SAN ANTONIO ISD,San Antonio,16.7,42,2014,1371,2295,10,1.7,373,2519,15,894,61,244098
SAN ANTONIO ISD,San Antonio,16.3,41,2015,1372.5,3189,12,2.3,332,2613,13,876,63,250468
SAN ANTONIO ISD,San Antonio,16.9,39,2016,1575,3622,9,2.3,395,2534,16,889,65,262291
SAN ANTONIO ISD,San Antonio,18.1,21,2017,1642.5,3987,8,2.4,445,2672,17,857,100,309244
SANTA FE ISD,Houston,20.3,9,2011,84,125,22,1.5,35,317,11,1038,39,217418
SANTA FE ISD,Houston,20,7,2012,79,106,37,1.3,39,331,12,1033,41,232757
SANTA FE ISD,Houston,21.7,10,2013,38,59,46,1.6,42,304,14,1066,38,234103
SANTA FE ISD,Houston,21,10,2014,36,57,39,1.6,42,287,15,1012,32,239933
SANTA FE ISD,Houston,21.6,12,2015,66,111,30,1.7,51,322,16,1020,36,243265
SANTA FE ISD,Houston,20.9,9,2016,82,117,31,1.4,54,312,17,1024,46,237235
SANTA FE ISD,Houston,20.2,8,2017,95,200,24,2.1,42,327,13,1030,40,262302
SCHERTZ-CIBOLO-U CITY ISD,Austin,22.8,20,2011,483,953,40,2.0,203,882,23,1064,72,279591
SCHERTZ-CIBOLO-U CITY ISD,San Antonio,22,24,2012,578,1154,38,2.0,244,1012,24,1069,65,276266
SCHERTZ-CIBOLO-U CITY ISD,San Antonio,22.2,20,2013,631,1465,41,2.3,213,1020,21,1086,57,273136
SCHERTZ-CIBOLO-U CITY ISD,San Antonio,21.8,22,2014,677,1365,40,2.0,229,1015,23,1068,64,281571
SCHERTZ-CIBOLO-U CITY ISD,San Antonio,22.2,23,2015,562.5,1326,37,2.4,261,1129,23,1083,63,280992
SCHERTZ-CIBOLO-U CITY ISD,San Antonio,21.7,25,2016,585,1269,41,2.2,271,1114,24,1070,64,289602
SCHERTZ-CIBOLO-U CITY ISD,San Antonio,22.5,21,2017,652.5,1370,45,2.1,295,1247,24,1023,92,313889
SEGUIN ISD,Austin,19.3,24,2011,139,181,21,1.3,86,486,18,1017,54,359068
SEGUIN ISD,Austin,20.2,23,2012,176,218,19,1.2,73,473,15,1009,48,371170
SEGUIN ISD,Austin,19.5,20,2013,228,375,15,1.6,82,472,17,999,52,395782
SEGUIN ISD,Austin,20.1,18,2014,186,313,26,1.7,67,413,16,1016,47,401752
SEGUIN ISD,Austin,19.3,20,2015,152,267,20,1.8,61,441,14,1022,37,398107
SEGUIN ISD,Austin,19.2,19,2016,159,299,21,1.9,72,446,16,1008,45,410739
SEGUIN ISD,Austin,19.4,23,2017,147,272,27,1.9,63,462,14,994,39,435573
SHELDON ISD,Houston,17.4,16,2011,82,145,22,1.8,53,353,15,931,54,720051
SHELDON ISD,Houston,17.6,30,2012,84,120,14,1.4,55,343,16,926,53,616900
SHELDON ISD,Houston,17.2,28,2013,72,118,11,1.6,44,378,12,905,55,582031
SHELDON ISD,Houston,18.1,30,2014,81,138,20,1.7,57,383,15,928,57,610754
SHELDON ISD,Houston,17.4,20,2015,160,288,9,1.8,63,430,15,913,57,653775
SHELDON ISD,Houston,18.5,18,2016,117,222,19,1.9,63,445,14,921,55,639057
SHELDON ISD,Houston,18.1,12,2017,139,227,12,1.6,59,480,12,866,91,671870
SHERMAN ISD,Richardson,20.8,30,2011,159,347,48,2.2,45,376,12,1123,35,361049
SHERMAN ISD,Richardson,21.6,26,2012,167,363,52,2.2,35,385,9,1154,26,354452
SHERMAN ISD,Richardson,20.6,32,2013,156,368,58,2.4,49,340,14,1114,34,355057
SHERMAN ISD,Richardson,21.3,28,2014,171,444,62,2.6,44,377,12,1116,35,353566
SHERMAN ISD,Richardson,20.5,33,2015,219,575,44,2.6,43,402,11,1115,34,353316
SHERMAN ISD,Richardson,22,32,2016,237,592,58,2.5,43,396,11,1120,32,383595
SHERMAN ISD,Richardson,21.4,38,2017,219,600,53,2.7,53,403,13,1105,33,408276
SOUTH SAN ANTONIO ISD,San Antonio,17.9,21,2011,74,119,25,1.6,49,422,12,944,54,137309
SOUTH SAN ANTONIO ISD,San Antonio,17.7,13,2012,71,113,16,1.6,55,448,12,936,54,132601
SOUTH SAN ANTONIO ISD,San Antonio,17.2,21,2013,68,99,8,1.5,44,431,10,929,58,133804
SOUTH SAN ANTONIO ISD,San Antonio,17.9,17,2014,143,230,17,1.6,48,500,10,935,39,141665
SOUTH SAN ANTONIO ISD,San Antonio,18.2,23,2015,158,276,22,1.7,51,514,10,917,47,142508
SOUTH SAN ANTONIO ISD,San Antonio,17.9,15,2016,132,265,22,2.0,78,493,16,844,87,147447
SOUTH SAN ANTONIO ISD,San Antonio,18.8,13,2017,166,273,14,1.6,55,533,10,858,83,168538
SOUTHSIDE ISD,San Antonio,19.1,29,2011,131,187,19,1.4,27,298,9,903,69,98207
SOUTHSIDE ISD,San Antonio,18,28,2012,111,193,25,1.7,33,295,11,942,51,99783
SOUTHSIDE ISD,San Antonio,19.3,17,2013,132,192,29,1.5,31,287,11,966,54,103674
SOUTHSIDE ISD,San Antonio,19,23,2014,90,144,28,1.6,42,268,16,925,94,119556
SOUTHSIDE ISD,San Antonio,17.9,11,2015,120,152,28,1.3,41,274,15,858,96,159869
SOUTHSIDE ISD,San Antonio,18,17,2016,125,164,15,1.3,47,344,14,845,100,217848
SOUTHSIDE ISD,San Antonio,17.9,6,2017,75,145,12,1.9,45,325,14,857,100,277041
SOUTHWEST ISD,San Antonio,17.1,5,2011,95,100,12,1.1,50,627,8,926,43,140399
SOUTHWEST ISD,San Antonio,18.3,11,2012,83,83,12,1.0,45,655,7,986,31,128207
SOUTHWEST ISD,San Antonio,18,15,2013,112,157,27,1.4,45,719,6,950,37,122476
SOUTHWEST ISD,San Antonio,17.8,8,2014,233,348,20,1.5,54,701,8,845,95,123555
SOUTHWEST ISD,San Antonio,18.3,6,2015,278,451,18,1.6,71,812,9,842,100,138509
SOUTHWEST ISD,San Antonio,18.5,6,2016,253,477,16,1.9,78,830,9,832,98,157338
SOUTHWEST ISD,San Antonio,17.5,32,2017,313,534,18,1.7,87,855,10,837,87,229647
SPRING BRANCH ISD,Houston,23.6,49,2011,1275,3315,66,2.6,435,1867,23,1130,79,638169
SPRING BRANCH ISD,Houston,23.7,48,2012,1444,3718,64,2.6,447,1835,24,1136,74,611345
SPRING BRANCH ISD,Houston,23.4,47,2013,1559,4145,59,2.7,479,2011,24,1113,73,610700
SPRING BRANCH ISD,Houston,23.8,48,2014,1538,4098,58,2.7,442,2048,22,1124,72,631879
SPRING BRANCH ISD,Houston,23,53,2015,1694,3712.5,57,2.2,433,1998,22,1085,78,684766
SPRING BRANCH ISD,Houston,23.2,52,2016,1785,4752,53,2.7,512,2143,24,1015,99,755873
SPRING BRANCH ISD,Houston,23.9,43,2017,1812,4723,55,2.6,478,2199,22,1038,96,888938
SPRING ISD,Houston,17.8,26,2011,613,1232,24,2.0,412,1891,22,972,61,229818
SPRING ISD,Houston,17.7,28,2012,590,1160,26,2.0,404,1943,21,942,59,214581
SPRING ISD,Houston,17.4,25,2013,583,1084,27,1.9,389,2019,19,942,55,213853
SPRING ISD,Houston,18.2,19,2014,671,1318,19,2.0,366,1977,19,872,97,211387
SPRING ISD,Houston,18,16,2015,726,1249,13,1.7,432,2058,21,869,96,221489
SPRING ISD,Houston,18,16,2016,785,1378,13,1.8,418,2016,21,849,96,261311
SPRING ISD,Houston,18.7,12,2017,971,1771,10,1.8,374,2058,18,883,90,317172
TEXAS CITY ISD,Houston,20.8,9,2011,60,85,22,1.4,48,385,12,1008,41,767048
TEXAS CITY ISD,Houston,17.8,9,2012,33,59,25,1.8,51,350,15,999,44,689634
TEXAS CITY ISD,Houston,18.4,16,2013,57,73,29,1.3,36,364,10,996,39,675672
TEXAS CITY ISD,Houston,19.1,11,2014,83,101,19,1.2,52,364,14,979,48,732008
TEXAS CITY ISD,Houston,17.7,10,2015,159,268,14,1.7,68,427,16,976,43,654615
TEXAS CITY ISD,Houston,18.1,14,2016,129,218,21,1.7,57,428,13,960,41,680015
TEXAS CITY ISD,Houston,18.1,13,2017,188,416,13,2.2,73,588,12,948,39,682310
TOMBALL ISD,Houston,22.1,31,2011,372,736,61,2.0,166,700,24,1109,66,491002
TOMBALL ISD,Houston,22.7,28,2012,376,704,58,1.9,149,701,21,1109,61,485434
TOMBALL ISD,Houston,23,23,2013,425,906,57,2.1,165,694,24,1115,59,491841
TOMBALL ISD,Houston,23,30,2014,510,1170,56,2.3,201,752,27,1111,66,507914
TOMBALL ISD,Houston,22.3,36,2015,514,1147,65,2.2,180,801,22,1107,59,525374
TOMBALL ISD,Houston,23.3,36,2016,587,1288,70,2.2,178,800,22,1124,62,558608
TOMBALL ISD,Houston,23.5,34,2017,641,1498,68,2.3,243,903,27,1122,66,628659
WALLER ISD,Houston,19.4,50,2011,140,276,17,2.0,57,340,17,1064,25,305105
WALLER ISD,Houston,19.1,46,2012,102,231,25,2.3,56,368,15,1037,33,333304
WALLER ISD,Houston,20.3,43,2013,76,132,37,1.7,52,349,15,1035,31,324502
WALLER ISD,Houston,19.6,47,2014,70,123,32,1.8,53,351,15,1017,37,299353
WALLER ISD,Houston,19.2,56,2015,101,143,31,1.4,67,334,20,1010,33,319519
WALLER ISD,Houston,18,70,2016,118,175,30,1.5,80,384,21,1008,41,303535
WALLER ISD,Houston,17.9,76,2017,148,258,35,1.7,76,422,18,1014,34,334082
WAXAHACHIE ISD,Richardson,21.3,29,2011,116,191,49,1.6,81,499,16,1055,49,396353
WAXAHACHIE ISD,Richardson,20.6,30,2012,99,175,40,1.8,95,517,18,1065,45,385162
WAXAHACHIE ISD,Richardson,21,27,2013,161,278,31,1.7,104,505,21,1056,49,378685
WAXAHACHIE ISD,Richardson,21.3,24,2014,173,336,32,1.9,112,557,20,1067,50,372530
WAXAHACHIE ISD,Richardson,22.6,26,2015,124,250,40,2.0,98,545,18,1074,46,368652
WAXAHACHIE ISD,Richardson,21.4,29,2016,106,234,51,2.2,106,538,20,1050,53,369706
WAXAHACHIE ISD,Richardson,22,30,2017,104,195,41,1.9,134,586,23,1067,54,384990
WEATHERFORD ISD,Fort Worth,21.8,22,2011,297,560,51,1.9,86,494,17,1123,52,469325
WEATHERFORD ISD,Fort Worth,22,24,2012,217,441,49,2.0,85,508,17,1086,47,470315
WEATHERFORD ISD,Fort Worth,22.2,27,2013,167,335,60,2.0,84,507,17,1093,45,462058
WEATHERFORD ISD,Fort Worth,20.9,29,2014,194,399,62,2.1,77,493,16,1061,47,460732
WEATHERFORD ISD,Fort Worth,21.3,23,2015,170,403,56,2.4,77,520,15,1076,46,469749
WEATHERFORD ISD,Fort Worth,20.9,23,2016,256,555,48,2.2,84,514,16,1051,47,467703
WEATHERFORD ISD,Fort Worth,21.3,32,2017,184,388,54,2.1,89,590,15,1050,41,495369
WHITE SETTLEMENT ISD,Fort Worth,19.5,22,2011,75,128,39,1.7,34,383,9,1033,40,267932
WHITE SETTLEMENT ISD,Fort Worth,19.8,21,2012,120,206,29,1.7,46,446,10,1010,46,246907
WHITE SETTLEMENT ISD,Fort Worth,20.3,26,2013,144,257,32,1.8,59,402,15,1014,43,252344
WHITE SETTLEMENT ISD,Fort Worth,20.3,32,2014,136,262,42,1.9,65,412,16,1015,49,275583
WHITE SETTLEMENT ISD,Fort Worth,20.1,29,2015,155,305,31,2.0,62,397,16,999,49,245106
WHITE SETTLEMENT ISD,Fort Worth,20,31,2016,188,368,23,2.0,65,420,15,1008,54,254187
WHITE SETTLEMENT ISD,Fort Worth,20,32,2017,100,192,42,1.9,74,418,18,1001,55,251597
WIMBERLEY ISD,Austin,23.3,51,2011,89,173,58,1.9,52,155,34,1152,87,727482
WIMBERLEY ISD,Austin,22.3,51,2012,85,130,52,1.5,54,179,30,1122,75,730476
WIMBERLEY ISD,Austin,23.4,44,2013,78,113,70,1.4,52,149,35,1148,68,735402
WIMBERLEY ISD,Austin,23.8,43,2014,107,175,68,1.6,47,162,29,1164,70,738706
WIMBERLEY ISD,Austin,23.5,60,2015,100,167,72,1.7,51,170,30,1159,69,748028
WIMBERLEY ISD,Austin,23.5,53,2016,82,136,74,1.7,38,141,27,1158,53,727220
WIMBERLEY ISD,Austin,22.7,52,2017,105,190,76,1.8,47,152,31,1119,72,772555
WYLIE ISD,Richardson,23.1,28,2011,278,527,56,1.9,121,721,17,1076,56,260926
WYLIE ISD,Richardson,22.2,38,2012,312,619,58,2.0,119,707,17,1079,60,255453
WYLIE ISD,Richardson,22.3,32,2013,336,656,59,2.0,152,802,19,1099,48,252732
WYLIE ISD,Richardson,21.8,38,2014,405,779,52,1.9,139,794,18,1071,51,249380
WYLIE ISD,Richardson,21.9,42,2015,422,824,54,2.0,154,858,18,1078,52,260321
WYLIE ISD,Richardson,22,46,2016,500,1035,56,2.1,199,949,21,1067,53,264703
WYLIE ISD,Richardson,22.1,40,2017,655,1439,56,2.2,187,993,19,1103,57,292170
