DistName,RegnName,Year,ACT-Composite,ACT-Part_Rate,AP-11&12 Participating Students,AP-Total Exams,AP-Passed(%),AP-Exams Taken Per Student,Enrolled 4-Year,Total Graduated,Enrolled 4-Year (%),SAT-Total,SAT-Part_Rate,Wealth/ADA
ALAMO HEIGHTS ISD,San Antonio,2011,24.2,50.9,336,739,66.4,2.199404762,73,379,19.26121372,1107,87.5,1098268
ALAMO HEIGHTS ISD,San Antonio,2012,23.9,52.1,355,836,66.3,2.354929577,101,374,27.00534759,1109,85,1061587
ALAMO HEIGHTS ISD,San Antonio,2013,24.7,64.5,328,753,69.2,2.295731707,102,355,28.73239437,1105,84.5,1056007
ALAMO HEIGHTS ISD,San Antonio,2014,24.7,58.9,292,668,74,2.287671233,104,353,29.46175637,1117,83.9,1081447
ALAMO HEIGHTS ISD,San Antonio,2015,24.5,60.4,295,668,71.9,2.26440678,75,369,20.32520325,1100,78.6,1137027
ALAMO HEIGHTS ISD,San Antonio,2016,24,65,320,755,76.6,2.359375,95,380,25,1083,82.4,1179836
ALAMO HEIGHTS ISD,San Antonio,2017,24.5,62.5,314,740,74.5,2.356687898,118,411,28.71046229,1159,79.3,1296290
ALDINE ISD,Houston,2011,17.7,26.1,1399,2582,15.9,1.845604003,496,2991,16.58308258,881,51.7,227596
ALDINE ISD,Houston,2012,17.7,28.9,1359,2344,18.8,1.724797645,523,2980,17.55033557,869,48.9,210385
ALDINE ISD,Houston,2013,17.8,28.9,1240,2191,17.9,1.766935484,447,3052,14.64613368,861,51.7,211736
ALDINE ISD,Houston,2014,17.7,36.5,1545,2722,16.9,1.761812298,542,3080,17.5974026,860,53.2,215342
ALDINE ISD,Houston,2015,18.2,21,1736,3082.5,14.4,1.775633641,539,3370,15.99406528,791,88,231165
ALDINE ISD,Houston,2016,17.7,22,1615,3099,16.2,1.918885449,529,3556,14.87626547,766,94.1,253334
ALDINE ISD,Houston,2017,17.9,19.4,1501,2617,15.8,1.74350433,569,3665,15.52523874,876,92.9,293519
ALEDO ISD,Fort Worth,2011,24.9,49.4,243,520,62.9,2.139917695,97,372,26.07526882,1108,80.9,571536
ALEDO ISD,Fort Worth,2012,24.2,52.4,254,533,67.7,2.098425197,90,393,22.90076336,1093,69.7,578269
ALEDO ISD,Fort Worth,2013,23.9,52.4,270,563,60.6,2.085185185,82,349,23.49570201,1084,74.5,541482
ALEDO ISD,Fort Worth,2014,24.1,61.8,296,632,67.9,2.135135135,95,359,26.46239554,1091,75.2,520317
ALEDO ISD,Fort Worth,2015,24.2,60.2,310,728,61.1,2.348387097,103,420,24.52380952,1091,66,517205
ALEDO ISD,Fort Worth,2016,23.7,56.8,269,648,60.6,2.408921933,108,370,29.18918919,1066,67,507627
ALEDO ISD,Fort Worth,2017,24.3,55.5,288,669,56.1,2.322916667,101,402,25.12437811,1153,69.4,537553
ALIEF ISD,Houston,2011,18.2,18.7,1410,2791,21.8,1.979432624,492,2558,19.23377639,893,62.8,267266
ALIEF ISD,Houston,2012,18.2,20.7,1564,3182,18.8,2.034526854,455,2425,18.7628866,880,58.8,249968
ALIEF ISD,Houston,2013,18.1,22.6,1232,2164,28.1,1.756493506,461,2566,17.96570538,873,60.3,248959
ALIEF ISD,Houston,2014,18.2,25.4,1113,2132,33.3,1.915543576,504,2600,19.38461538,877,64.4,249467
ALIEF ISD,Houston,2015,18.8,19.6,1128,2122,28.3,1.881205674,503,2560,19.6484375,881,64.1,258678
ALIEF ISD,Houston,2016,18.4,14.5,1174,2425,28.6,2.065587734,453,2639,17.16559303,804,94.8,283387
ALIEF ISD,Houston,2017,19,12.9,1165,2444,28.9,2.097854077,516,2702,19.09696521,920,93.2,319295
ALLEN ISD,Richardson,2011,24.1,48.8,837,1796,60.1,2.145758662,221,1218,18.14449918,1096,76.2,390167
ALLEN ISD,Richardson,2012,24.1,45.1,864,2005,65.9,2.320601852,271,1215,22.30452675,1084,74.7,387115
ALLEN ISD,Richardson,2013,24.4,42.2,763,1783,72.4,2.336828309,257,1300,19.76923077,1104,70.3,388622
ALLEN ISD,Richardson,2014,24.1,45.8,850,2113,79.6,2.485882353,295,1407,20.96659559,1092,67.6,397446
ALLEN ISD,Richardson,2015,24.3,52.7,941,2317.5,81.8,2.462805526,357,1365,26.15384615,1113,67.9,415021
ALLEN ISD,Richardson,2016,24.4,49.1,1014,2407.5,79.1,2.374260355,351,1519,23.10730744,1091,68.1,445482
ALLEN ISD,Richardson,2017,25.3,46.2,1064,2985,77.5,2.805451128,390,1533,25.44031311,1130,93.7,497425
ALVIN ISD,Houston,2011,20.3,17.2,399,943,40.1,2.363408521,139,920,15.10869565,953,53.7,216299
ALVIN ISD,Houston,2012,20.4,18.8,424,970,48.9,2.287735849,164,1021,16.06268364,951,50.5,213786
ALVIN ISD,Houston,2013,20.6,17.8,398,848,48.1,2.130653266,188,1056,17.8030303,971,46,213476
ALVIN ISD,Houston,2014,20.2,18,447,985,49.8,2.203579418,195,1022,19.08023483,962,49.7,212809
ALVIN ISD,Houston,2015,20.8,19.4,578,1359,36.2,2.351211073,230,1194,19.26298157,962,46.7,224168
ALVIN ISD,Houston,2016,20,17.8,577,1474,43.8,2.554592721,254,1317,19.28625664,934,49.6,222517
ALVIN ISD,Houston,2017,20.6,14.1,656,1673,49.9,2.550304878,251,1330,18.87218045,978,76.4,229859
ANGLETON ISD,Houston,2011,21.3,8.7,101,198,39.4,1.96039604,88,463,19.00647948,967,50.5,396881
ANGLETON ISD,Houston,2012,21.2,6.2,95,164,36,1.726315789,54,404,13.36633663,957,40.3,359004
ANGLETON ISD,Houston,2013,19.9,12.3,116,218,34.4,1.879310345,65,473,13.74207188,945,38.9,358284
ANGLETON ISD,Houston,2014,18.6,11.3,154,289,36.3,1.876623377,70,417,16.78657074,965,43.2,360331
ANGLETON ISD,Houston,2015,20.3,11.9,190,341,14.1,1.794736842,70,412,16.99029126,932,52.2,337541
ANGLETON ISD,Houston,2016,19.7,11.8,215,413,20.3,1.920930233,71,433,16.39722864,932,45,348473
ANGLETON ISD,Houston,2017,21.3,9.8,235,483,22.4,2.055319149,54,420,12.85714286,1048,37.6,378109
ARGYLE ISD,Fort Worth,2011,24.6,50.3,94,215,72.6,2.287234043,51,153,33.33333333,1097,83.7,598246
ARGYLE ISD,Fort Worth,2012,23.6,64.2,89,202,62.4,2.269662921,68,162,41.97530864,1079,80.2,599216
ARGYLE ISD,Fort Worth,2013,23.3,62,83,190,69.5,2.289156627,49,150,32.66666667,1069,71.3,607796
ARGYLE ISD,Fort Worth,2014,24.5,73.3,116,245,72.7,2.112068966,55,176,31.25,1082,81.3,574613
ARGYLE ISD,Fort Worth,2015,24.5,63.1,67,138,74.6,2.059701493,63,176,35.79545455,1107,73.3,553208
ARGYLE ISD,Fort Worth,2016,24,82,46,102,80.4,2.217391304,52,167,31.13772455,1083,64.1,544808
ARGYLE ISD,Fort Worth,2017,23.7,73.8,37,68,73.5,1.837837838,49,183,26.77595628,1162,63.9,567092
ARLINGTON ISD,Fort Worth,2011,21,25.2,1229,2662,43.3,2.165988609,807,3611,22.34837995,985,65.2,338766
ARLINGTON ISD,Fort Worth,2012,20.9,23.1,1242,2584,43.4,2.080515298,749,3616,20.71349558,984,60.8,314773
ARLINGTON ISD,Fort Worth,2013,20.8,23.2,1320,2812,43.8,2.13030303,790,3760,21.0106383,977,58.3,316340
ARLINGTON ISD,Fort Worth,2014,20.7,28.6,1493,3126,46.3,2.093770931,790,3655,21.61422709,973,60.7,325124
ARLINGTON ISD,Fort Worth,2015,20.1,26.6,1796,3773,36.6,2.10077951,800,3762,21.26528442,949,64.1,341135
ARLINGTON ISD,Fort Worth,2016,20.7,27.7,2053,4623,35.3,2.251826595,829,3944,21.01926978,938,62.1,351491
ARLINGTON ISD,Fort Worth,2017,20.8,26.3,2476,5773,33.8,2.331583199,895,4075,21.96319018,1026,61.4,368110
AUSTIN ISD,Austin,2011,21.3,32.6,3188,6933,49.1,2.174717691,855,4174,20.48394825,1015,72.8,793908
AUSTIN ISD,Austin,2012,21.4,33.6,2980,6346,53.9,2.129530201,873,4259,20.49776943,1020,65.1,751327
AUSTIN ISD,Austin,2013,21.5,35.3,3004,6244,53.1,2.078561917,858,4236,20.25495751,1025,63.7,768123
AUSTIN ISD,Austin,2014,21.9,36.1,2767.5,6749,54.6,2.438663053,898,4155,21.61251504,1026,67.5,805850
AUSTIN ISD,Austin,2015,22.2,37.6,3060,7699,56.9,2.516013072,889,4254,20.89797837,1025,65.6,867833
AUSTIN ISD,Austin,2016,22.5,38.3,3321,7676,59.2,2.311352002,922,4386,21.02143183,1014,67.6,969782
AUSTIN ISD,Austin,2017,22.5,35.7,3350,7909,61.4,2.360895522,866,4352,19.89889706,1098,65.2,1146668
AZLE ISD,Fort Worth,2011,22.3,21.3,73,129,46.5,1.767123288,55,342,16.08187135,987,60.9,432477
AZLE ISD,Fort Worth,2012,21.7,23.1,82,132,40.2,1.609756098,46,346,13.29479769,964,50,425292
AZLE ISD,Fort Worth,2013,21.4,28.1,94,164,34.1,1.744680851,69,388,17.78350515,962,54.6,413243
AZLE ISD,Fort Worth,2014,22,29.1,118,211,36,1.788135593,64,385,16.62337662,982,50.4,391884
AZLE ISD,Fort Worth,2015,21.3,23.8,131,228,34.2,1.740458015,55,403,13.64764268,970,47.4,385407
AZLE ISD,Fort Worth,2016,20.5,25.4,122,221,38,1.81147541,54,453,11.9205298,945,44.6,375480
AZLE ISD,Fort Worth,2017,20.8,21.4,108,194,32,1.796296296,45,416,10.81730769,1057,39.2,392810
BANDERA ISD,San Antonio,2011,23.1,50.9,124,263,19,2.120967742,41,192,21.35416667,1013,70.6,533528
BANDERA ISD,San Antonio,2012,20.8,40.1,54,87,36.8,1.611111111,36,172,20.93023256,965,57,578911
BANDERA ISD,San Antonio,2013,20.9,52.4,47,85,34.1,1.808510638,29,168,17.26190476,1013,63.1,599874
BANDERA ISD,San Antonio,2014,22,45.1,30,52,50,1.733333333,40,162,24.69135802,1010,56.2,624854
BANDERA ISD,San Antonio,2015,22,47,44,70,57.1,1.590909091,28,149,18.79194631,1026,57,659994
BANDERA ISD,San Antonio,2016,22.1,42,39,65,41.5,1.666666667,38,176,21.59090909,1006,54.5,664723
BANDERA ISD,San Antonio,2017,21.2,38.9,28,71,57.7,2.535714286,29,149,19.46308725,1065,55,670540
BARBERS HILL ISD,Houston,2011,22.1,17.9,86,142,60.6,1.651162791,63,282,22.34042553,1029,60.4,751007
BARBERS HILL ISD,Houston,2012,21.8,23.3,70,103,50.5,1.471428571,57,270,21.11111111,1015,54.8,697273
BARBERS HILL ISD,Houston,2013,21.3,21.5,91,158,48.7,1.736263736,52,289,17.99307958,998,61.2,789780
BARBERS HILL ISD,Houston,2014,21.7,25.9,156,269,55.4,1.724358974,65,332,19.57831325,1013,53.9,905494
BARBERS HILL ISD,Houston,2015,22.8,19.7,169,307,53.7,1.816568047,88,319,27.5862069,1038,53,883464
BARBERS HILL ISD,Houston,2016,22.5,20,191,382,62.3,2,56,315,17.77777778,1023,51.7,976033
BARBERS HILL ISD,Houston,2017,20.6,92.4,218,478,64,2.19266055,92,344,26.74418605,1094,39.5,1082616
BASTROP ISD,Austin,2011,19.4,15.4,247,506,33.6,2.048582996,112,525,21.33333333,942,56.1,308882
BASTROP ISD,Austin,2012,20,15,112,221,59.3,1.973214286,89,515,17.2815534,952,52.8,316748
BASTROP ISD,Austin,2013,20.1,12.2,126,263,51,2.087301587,94,617,15.2350081,938,41.8,318564
BASTROP ISD,Austin,2014,20,17.6,135,270,43.7,2,97,569,17.04745167,946,50.3,306454
BASTROP ISD,Austin,2015,19,17.3,272,617,22,2.268382353,92,578,15.91695502,927,46.4,313113
BASTROP ISD,Austin,2016,18.7,25,347,758,26.5,2.18443804,129,721,17.89181692,922,49.4,312909
BASTROP ISD,Austin,2017,19.3,20.8,353,818,31.5,2.317280453,132,679,19.44035346,1010,45.5,318106
BIRDVILLE ISD,Fort Worth,2011,22,29.7,909,2219,39.8,2.441144114,213,1446,14.73029046,1002,53.2,337577
BIRDVILLE ISD,Fort Worth,2012,21.8,30.9,944,2147,47.6,2.274364407,203,1353,15.00369549,993,47.8,309498
BIRDVILLE ISD,Fort Worth,2013,21.4,34.1,940,2154,43.8,2.291489362,269,1471,18.28687967,991,46.1,305372
BIRDVILLE ISD,Fort Worth,2014,21.4,34.7,971,2258,49,2.325437693,264,1480,17.83783784,995,43.9,311982
BIRDVILLE ISD,Fort Worth,2015,21.5,35.3,1082,2730,44.6,2.52310536,262,1552,16.8814433,985,45.4,317725
BIRDVILLE ISD,Fort Worth,2016,21.2,36.4,1054,2602,44.4,2.468690702,254,1518,16.73254282,980,48.2,322629
BIRDVILLE ISD,Fort Worth,2017,21.4,35.6,1069,2583,44,2.416276894,253,1484,17.04851752,1073,51.8,338349
BOERNE ISD,San Antonio,2011,24.4,38.2,427,1183,60.6,2.770491803,181,506,35.77075099,1070,83.5,692549
BOERNE ISD,San Antonio,2012,24.4,49.3,445,1139,66.9,2.559550562,144,525,27.42857143,1084,72.6,689003
BOERNE ISD,San Antonio,2013,25,44.8,441,1203,68.1,2.727891156,175,569,30.75571178,1094,76.3,674863
BOERNE ISD,San Antonio,2014,24.3,46.2,453,1155,66.4,2.549668874,179,558,32.07885305,1080,74,687364
BOERNE ISD,San Antonio,2015,23.6,49,500,1323,57.3,2.646,155,557,27.82764811,1050,74.1,693152
BOERNE ISD,San Antonio,2016,23.9,53.3,557,1465,64.1,2.63016158,197,580,33.96551724,1062,77.6,683039
BOERNE ISD,San Antonio,2017,24,53.5,607,1579,62.1,2.601317957,206,654,31.49847095,1141,71.3,705406
BRAZOSPORT ISD,Houston,2011,22.1,17,240,508,58.1,2.116666667,129,874,14.7597254,1001,48.2,588257
BRAZOSPORT ISD,Houston,2012,22.2,21.4,211,434,66.4,2.056872038,121,785,15.41401274,1015,40.3,553129
BRAZOSPORT ISD,Houston,2013,21.7,23.6,191,356,65.2,1.863874346,126,759,16.60079051,1026,43.2,544943
BRAZOSPORT ISD,Houston,2014,22,18.9,186,382,68.8,2.053763441,130,736,17.66304348,994,43.6,553287
BRAZOSPORT ISD,Houston,2015,22.5,16.6,301,603,39.5,2.003322259,119,793,15.00630517,988,40.9,586183
BRAZOSPORT ISD,Houston,2016,19.6,57.4,308,616,42.9,2,126,802,15.71072319,999,31.9,588141
BRAZOSPORT ISD,Houston,2017,19.9,57.9,302,693,42.7,2.294701987,91,807,11.27633209,1078,23.2,689681
BURLESON ISD,Fort Worth,2011,22.3,13.5,174,366,55.7,2.103448276,100,636,15.72327044,997,52.9,379208
BURLESON ISD,Fort Worth,2012,21.2,21.6,281,579,48,2.060498221,93,607,15.32125206,1001,51.6,351767
BURLESON ISD,Fort Worth,2013,21.4,20.2,386,844,35,2.186528497,99,683,14.49487555,985,54.8,338552
BURLESON ISD,Fort Worth,2014,21.7,23.3,491,1083,39.1,2.205702648,138,725,19.03448276,978,56.8,330044
BURLESON ISD,Fort Worth,2015,22.1,19.5,535,1188,36.4,2.220560748,114,752,15.15957447,988,53.5,314727
BURLESON ISD,Fort Worth,2016,21.1,26,496,1141,42.9,2.300403226,139,784,17.72959184,968,61,317675
BURLESON ISD,Fort Worth,2017,21.5,24.9,456,1144,46.1,2.50877193,145,853,16.99882767,1066,55.2,322091
CARROLL ISD,Fort Worth,2011,25.7,81.6,491,1240,83.9,2.525458248,130,565,23.00884956,1155,93.4,732585
CARROLL ISD,Fort Worth,2012,26.1,77.3,526,1362,84.1,2.589353612,172,669,25.71001495,1165,84,714518
CARROLL ISD,Fort Worth,2013,26,78.6,524,1345,86.3,2.566793893,144,589,24.44821732,1167,78.3,724355
CARROLL ISD,Fort Worth,2014,26.6,81,633,1709,83.7,2.699842022,179,620,28.87096774,1180,81.9,725097
CARROLL ISD,Fort Worth,2015,26.6,84.9,685,1881,80.4,2.745985401,188,661,28.44175492,1187,74,747542
CARROLL ISD,Fort Worth,2016,26.8,84.3,694,2031,82.6,2.926512968,175,617,28.363047,1186,76.2,776489
CARROLL ISD,Fort Worth,2017,27.1,84.6,771,2123,83,2.753566796,188,664,28.31325301,1261,70.2,803421
CARROLLTON-FARMERS BRANCH ISD,Richardson,2011,21.6,27.5,939,1871,53.3,1.992545261,318,1568,20.28061224,998,63.3,555508
CARROLLTON-FARMERS BRANCH ISD,Richardson,2012,21.8,27.4,937,1988,52.6,2.121664888,281,1617,17.37786024,999,59.6,524292
CARROLLTON-FARMERS BRANCH ISD,Richardson,2013,20.6,25.7,1026,2162,47.9,2.107212476,285,1671,17.0556553,990,56.5,520350
CARROLLTON-FARMERS BRANCH ISD,Richardson,2014,21,25.4,995,2234,49,2.245226131,326,1641,19.86593541,1000,56.6,528929
CARROLLTON-FARMERS BRANCH ISD,Richardson,2015,21.1,23.8,967.5,2250,42.3,2.325581395,303,1650,18.36363636,984,57.8,553416
CARROLLTON-FARMERS BRANCH ISD,Richardson,2016,20.4,26.4,1035,2047.5,42,1.97826087,276,1608,17.1641791,976,55.9,587818
CARROLLTON-FARMERS BRANCH ISD,Richardson,2017,20.8,27.5,877.5,1957.5,48.5,2.230769231,321,1597,20.10018785,1058,57.1,651220
CASTLEBERRY ISD,Fort Worth,2011,19.6,14.8,94,184,16.3,1.957446809,35,172,20.34883721,904,60.5,144198
CASTLEBERRY ISD,Fort Worth,2012,19.8,9.1,86,154,12.3,1.790697674,23,164,14.02439024,943,44.5,126550
CASTLEBERRY ISD,Fort Worth,2013,19.6,4.6,64,92,18.5,1.4375,19,174,10.91954023,901,41.4,124494
CASTLEBERRY ISD,Fort Worth,2014,17.6,4.8,71,114,14.9,1.605633803,23,187,12.29946524,873,45.5,123049
CASTLEBERRY ISD,Fort Worth,2015,19,7.4,83,127,10.2,1.530120482,23,188,12.23404255,886,38.3,121183
CASTLEBERRY ISD,Fort Worth,2016,17.8,12,93,153,5.2,1.64516129,28,200,14,857,48.5,119204
CASTLEBERRY ISD,Fort Worth,2017,17.5,5.6,142,236,4.2,1.661971831,14,214,6.542056075,950,44.4,118337
CELINA ISD,Richardson,2011,22.6,97,85,152,31.6,1.788235294,28,115,24.34782609,1030,42.6,347996
CELINA ISD,Richardson,2012,22.8,85.5,82,138,59.4,1.682926829,24,145,16.55172414,1104,23.4,331019
CELINA ISD,Richardson,2013,22.2,75,74,128,54.7,1.72972973,36,148,24.32432432,1018,11.5,330339
CELINA ISD,Richardson,2014,21.9,68.7,77,107,46.7,1.38961039,25,134,18.65671642,1021,22.4,330842
CELINA ISD,Richardson,2015,21.7,70.4,88,112,37.5,1.272727273,25,152,16.44736842,1088,9.9,329084
CELINA ISD,Richardson,2016,22.2,69.9,92,118,50,1.282608696,31,173,17.91907514,1064,16.8,328523
CELINA ISD,Richardson,2017,22.7,69.9,109,146,58.9,1.339449541,42,163,25.76687117,1170,21.5,363462
CHANNELVIEW ISD,Houston,2011,17,11.4,159,278,41.4,1.748427673,53,491,10.79429735,898,42.1,286616
CHANNELVIEW ISD,Houston,2012,17.8,19.5,257,478,25.9,1.859922179,62,498,12.4497992,872,47.4,277548
CHANNELVIEW ISD,Houston,2013,17.7,19.5,288,616,21.6,2.138888889,59,481,12.26611227,897,41.8,271648
CHANNELVIEW ISD,Houston,2014,17.3,23,320,608,19.2,1.9,62,486,12.75720165,882,51.4,282106
CHANNELVIEW ISD,Houston,2015,17.7,24.1,276,539,23.4,1.952898551,86,498,17.26907631,896,50.8,303255
CHANNELVIEW ISD,Houston,2016,18.1,23.3,325,681,22,2.095384615,75,554,13.53790614,886,54,305450
CHANNELVIEW ISD,Houston,2017,18.6,18.9,295,574,21.1,1.945762712,69,609,11.33004926,977,50.6,304688
CLEAR CREEK ISD,Houston,2011,23.5,31.2,1504,3264,70.3,2.170212766,800,2671,29.95132909,1069,75.4,421864
CLEAR CREEK ISD,Houston,2012,23.5,32.4,1532,3264,70.9,2.130548303,737,2700,27.2962963,1066,70.7,412053
CLEAR CREEK ISD,Houston,2013,23.6,31.8,1634,3633,67.4,2.223378213,746,2797,26.67143368,1069,66.5,417074
CLEAR CREEK ISD,Houston,2014,24.1,36.4,1695,3831,72.3,2.260176991,875,2748,31.84133916,1079,68.3,417580
CLEAR CREEK ISD,Houston,2015,23.5,36.6,1665,3753,69.1,2.254054054,887,2981,29.75511573,1073,67.6,427252
CLEAR CREEK ISD,Houston,2016,23.4,38.5,1815,4188,66,2.307438017,823,2914,28.242965,1063,63,443525
CLEAR CREEK ISD,Houston,2017,23.7,34.7,1767,4435,66.1,2.509903792,947,3018,31.37839629,1138,65,476015
CLEBURNE ISD,Fort Worth,2011,22.2,17.7,94,120,35.8,1.276595745,55,389,14.13881748,990,41.4,529519
CLEBURNE ISD,Fort Worth,2012,22.3,13.9,113,166,31.9,1.469026549,76,418,18.18181818,984,44.3,474731
CLEBURNE ISD,Fort Worth,2013,21,14.8,99,193,35.8,1.949494949,62,405,15.30864198,959,44.4,472298
CLEBURNE ISD,Fort Worth,2014,21.7,14.5,165,340,34.1,2.060606061,71,394,18.02030457,955,48.2,459469
CLEBURNE ISD,Fort Worth,2015,20.5,17.7,165,367,37.1,2.224242424,52,361,14.40443213,941,44.9,435558
CLEBURNE ISD,Fort Worth,2016,19.6,11,169,351,34.2,2.076923077,63,437,14.41647597,932,40,405497
CLEBURNE ISD,Fort Worth,2017,20.2,11.9,175,351,35.3,2.005714286,47,396,11.86868687,1009,43.4,412297
COMAL ISD,Austin,2011,22.1,29.4,583,1235,47.1,2.118353345,336,1159,28.99050906,995,77.4,632631
COMAL ISD,Austin,2012,22,30.4,662,1399,41.9,2.113293051,295,1116,26.43369176,1002,66.8,601831
COMAL ISD,Austin,2013,22.3,34.2,696,1603,44.6,2.30316092,323,1232,26.21753247,1014,65.3,569987
COMAL ISD,Austin,2014,22.2,28.1,867,1965,43.6,2.266435986,379,1263,30.00791766,1013,63.9,565606
COMAL ISD,Austin,2015,22.4,28.7,891,2111,41.1,2.369248036,369,1380,26.73913043,1009,64.6,576218
COMAL ISD,Austin,2016,22.1,28.4,905,2091,49,2.310497238,369,1406,26.24466572,1010,63.4,607061
COMAL ISD,San Antonio,2017,22.6,35.6,946,2035,51.9,2.151162791,372,1490,24.96644295,1062,84.3,639769
COPPELL ISD,Richardson,2011,25.2,63.9,539,1062,71.1,1.970315399,249,727,34.25034388,1140,87.9,752664
COPPELL ISD,Richardson,2012,25.1,65.7,623,1326,73.2,2.128410915,208,778,26.73521851,1150,83.7,690284
COPPELL ISD,Richardson,2013,25.2,63.5,715,1686,69.4,2.358041958,252,781,32.26632522,1142,88.7,664460
COPPELL ISD,Richardson,2014,25.2,61.9,675,1737,64.5,2.573333333,297,827,35.91293833,1153,86.7,676785
COPPELL ISD,Richardson,2015,23.6,98.5,771,2037,78,2.642023346,299,853,35.05275498,1155,74.7,705142
COPPELL ISD,Richardson,2016,24.4,96.9,720,1987,82,2.759722222,262,896,29.24107143,1162,74.4,733972
COPPELL ISD,Richardson,2017,25.1,96.5,787.5,2183,80.2,2.772063492,312,895,34.8603352,1249,67.6,771171
CROSBY ISD,Houston,2011,18.6,32.4,104,206,40.8,1.980769231,54,321,16.82242991,972,46.2,260603
CROSBY ISD,Houston,2012,19.4,29.2,101,184,37.5,1.821782178,45,315,14.28571429,981,34.9,272000
CROSBY ISD,Houston,2013,19.4,25.4,84,170,43.5,2.023809524,50,335,14.92537313,984,35.5,263186
CROSBY ISD,Houston,2014,18.8,25.4,65,126,49.2,1.938461538,46,307,14.98371336,963,36.5,254001
CROSBY ISD,Houston,2015,18.6,23.7,95,182,28,1.915789474,53,321,16.51090343,949,39.6,249983
CROSBY ISD,Houston,2016,20.1,19.5,95,186,37.6,1.957894737,61,399,15.28822055,926,42.4,276356
CROSBY ISD,Houston,2017,20.1,13.8,107,190,47.9,1.775700935,69,356,19.38202247,958,89,289761
CROWLEY ISD,Fort Worth,2011,20.2,25.1,283,586,48.8,2.070671378,181,905,20,941,70.3,356715
CROWLEY ISD,Fort Worth,2012,19.9,22.9,290,528,46.2,1.820689655,190,910,20.87912088,928,66.2,332041
CROWLEY ISD,Fort Worth,2013,19,22.9,291,564,44.7,1.93814433,195,994,19.61770624,917,62.8,342343
CROWLEY ISD,Fort Worth,2014,18.6,27.5,524,1029,30.5,1.963740458,198,885,22.37288136,909,59.9,340057
CROWLEY ISD,Fort Worth,2015,19.3,26.4,499,1106,32.7,2.216432866,170,1003,16.94915254,898,56,347124
CROWLEY ISD,Fort Worth,2016,19,26.5,441,1139,33.9,2.58276644,207,1020,20.29411765,895,54.4,348992
CROWLEY ISD,Fort Worth,2017,18.3,26.3,427,947,27.3,2.217798595,156,1027,15.18987342,960,57.7,355396
CYPRESS-FAIRBANKS ISD,Houston,2011,21.5,28.3,2735,6181,60.4,2.259963437,1481,6310,23.47068146,1025,65.7,348189
CYPRESS-FAIRBANKS ISD,Houston,2012,21.6,28.2,2427,5342,65.9,2.201071281,1397,6419,21.76351457,1020,61.6,333118
CYPRESS-FAIRBANKS ISD,Houston,2013,21.9,28.2,2620,5896,64.2,2.250381679,1515,6982,21.69865368,1024,60,331245
CYPRESS-FAIRBANKS ISD,Houston,2014,21.9,31,2738,5907,64,2.157414171,1696,7161,23.68384304,1023,59.7,338826
CYPRESS-FAIRBANKS ISD,Houston,2015,22.1,34.8,3243,7100,60.8,2.189330866,1637,7479,21.88795293,1015,59.1,361435
CYPRESS-FAIRBANKS ISD,Houston,2016,19.2,95.4,3543,7869,61,2.220999153,1776,7804,22.75756023,1012,54.3,390500
CYPRESS-FAIRBANKS ISD,Houston,2017,19.5,92.5,3830,8451,61.3,2.206527415,1727,8072,21.39494549,1097,53.6,439280
DALLAS ISD,Richardson,2011,17.1,44.5,5619,13532,21.5,2.408257697,1118,7267,15.38461538,863,66,546939
DALLAS ISD,Richardson,2012,17.2,42.8,5569,12825,24.6,2.302926917,1247,7275,17.14089347,863,64.8,513227
DALLAS ISD,Richardson,2013,17.1,42.3,5515,13727,24.3,2.489029918,1214,7706,15.75395795,856,64.6,503354
DALLAS ISD,Richardson,2014,17.1,45.7,6030,17013,25,2.821393035,1222,7410,16.49122807,865,65.4,511155
DALLAS ISD,Richardson,2015,16.1,87.6,6648,17417,23.7,2.61988568,1253,7505,16.69553631,799,100,533092
DALLAS ISD,Richardson,2016,16.3,89.9,6097.5,16910,24.7,2.773267733,1264,7774,16.25932596,799,100,568872
DALLAS ISD,Richardson,2017,16.8,91.7,6933,17825,24.7,2.571037069,1446,7685,18.81587508,921,97.7,628461
DAYTON ISD,Houston,2011,19.7,13.4,64,122,29.5,1.90625,38,300,12.66666667,930,46.1,289938
DAYTON ISD,Houston,2012,18.7,8,38,66,40.9,1.736842105,38,348,10.91954023,927,37.9,287850
DAYTON ISD,Houston,2013,19.5,8.3,41,81,34.6,1.975609756,36,336,10.71428571,938,33.9,306917
DAYTON ISD,Houston,2014,18.3,8.9,47,75,25.3,1.595744681,37,314,11.78343949,938,38.5,307752
DAYTON ISD,Houston,2015,18.7,12.9,64,106,21.7,1.65625,40,319,12.53918495,917,34.5,298671
DAYTON ISD,Houston,2016,19.9,5.3,65,105,26.7,1.615384615,40,304,13.15789474,905,39.8,301054
DAYTON ISD,Houston,2017,19.6,11.8,77,139,36.7,1.805194805,47,364,12.91208791,1001,39.3,325055
DECATUR ISD,Fort Worth,2011,21.1,63.9,47,91,59.3,1.936170213,50,209,23.92344498,996,42.4,770679
DECATUR ISD,Fort Worth,2012,21.1,61.5,37,87,72.4,2.351351351,33,205,16.09756098,994,25.9,805956
DECATUR ISD,Fort Worth,2013,21.3,43,50,100,48,2,33,186,17.74193548,1005,33.9,774948
DECATUR ISD,Fort Worth,2014,21.8,49.3,67,124,42.7,1.850746269,32,203,15.7635468,989,24.6,811515
DECATUR ISD,Fort Worth,2015,22.1,39.5,82,158,41.8,1.926829268,39,200,19.5,979,25.5,791631
DECATUR ISD,Fort Worth,2016,20.7,54.8,110,219,28.3,1.990909091,47,188,25,972,36.7,775684
DECATUR ISD,Fort Worth,2017,20.6,60.5,114,228,30.7,2,52,200,26,1036,38.5,748713
DEER PARK ISD,Houston,2011,21.8,16.3,240,445,45.6,1.854166667,136,864,15.74074074,1002,44.8,615668
DEER PARK ISD,Houston,2012,21.6,16.8,219,417,53.7,1.904109589,118,855,13.80116959,1001,46.9,566381
DEER PARK ISD,Houston,2013,22,13,328,516,42.8,1.573170732,129,855,15.0877193,993,45.8,587969
DEER PARK ISD,Houston,2014,20.8,17,268,522,47.9,1.947761194,120,928,12.93103448,986,47.3,557202
DEER PARK ISD,Houston,2015,20.9,11.5,400,895,33.9,2.2375,111,904,12.27876106,975,42.1,591623
DEER PARK ISD,Houston,2016,21.3,14.5,436,996,30.3,2.28440367,147,991,14.83350151,975,49.5,618557
DEER PARK ISD,Houston,2017,21.8,14.1,392,829,40,2.114795918,145,927,15.64185545,1065,47.2,627933
DEL VALLE ISD,Austin,2011,18.7,31.7,334,602,24.4,1.80239521,81,612,13.23529412,876,49.4,324622
DEL VALLE ISD,Austin,2012,17.4,46.8,307,534,27,1.739413681,89,616,14.44805195,868,29.5,286558
DEL VALLE ISD,Austin,2013,17.8,41.2,348,600,18.5,1.724137931,74,611,12.11129296,866,36.3,280218
DEL VALLE ISD,Austin,2014,17.6,44.7,379,658,28.3,1.736147757,66,586,11.26279863,847,36.9,281184
DEL VALLE ISD,Austin,2015,18.2,38.9,383,824,23.2,2.151436031,89,627,14.19457735,877,43.1,310976
DEL VALLE ISD,Austin,2016,18.3,28.5,368,829,29.1,2.252717391,73,691,10.56439942,845,41,343664
DEL VALLE ISD,Austin,2017,18.2,19.9,430,933,19.3,2.169767442,89,632,14.08227848,868,85.1,399519
DENISON ISD,Richardson,2011,21.3,41.7,123,289,49.5,2.349593496,32,319,10.03134796,1036,29.5,290422
DENISON ISD,Richardson,2012,21.7,44.1,119,291,53.3,2.445378151,21,290,7.24137931,1010,28.3,320449
DENISON ISD,Richardson,2013,21.7,40.8,101,268,50,2.653465347,32,282,11.34751773,1009,36.5,317733
DENISON ISD,Richardson,2014,21.5,29.8,117,269,44.6,2.299145299,26,282,9.219858156,1024,20.9,320630
DENISON ISD,Richardson,2015,22.2,33.9,107,275,38.2,2.570093458,32,283,11.30742049,1040,26.9,316385
DENISON ISD,Richardson,2016,20.7,34.1,92,214,38.8,2.326086957,18,311,5.78778135,993,15.1,304464
DENISON ISD,Richardson,2017,20.8,38,114,283,43.8,2.48245614,32,263,12.16730038,1074,28.1,332858
DENTON ISD,Fort Worth,2011,21.2,38,725,1557,39.8,2.147586207,260,1259,20.65131056,1000,57.5,419495
DENTON ISD,Fort Worth,2012,20.7,29.7,565,1269,48,2.246017699,280,1229,22.7827502,999,55.2,399725
DENTON ISD,Fort Worth,2013,21,30.5,607,1272,48,2.095551895,292,1364,21.40762463,1001,53.4,398843
DENTON ISD,Fort Worth,2014,21.1,34.6,690,1493,47.2,2.163768116,320,1510,21.19205298,1003,56.2,405428
DENTON ISD,Fort Worth,2015,21.5,38.4,783,1462.5,41.2,1.867816092,290,1549,18.72175597,1000,51.2,418638
DENTON ISD,Fort Worth,2016,21.6,38.2,741,1327.5,49.4,1.791497976,296,1543,19.18340894,993,54.8,446278
DENTON ISD,Fort Worth,2017,21.6,35.2,834,1773,48.1,2.125899281,270,1657,16.29450815,1078,54.9,473130
DESOTO ISD,Richardson,2011,17.1,46.6,241,426,9.6,1.767634855,148,524,28.24427481,855,74.2,253800
DESOTO ISD,Richardson,2012,18,44.1,200,357,13.4,1.785,168,603,27.86069652,868,56.6,247712
DESOTO ISD,Richardson,2013,17.2,35.3,115,189,12.2,1.643478261,131,563,23.26820604,851,56.7,245050
DESOTO ISD,Richardson,2014,17,34.6,101,175,20,1.732673267,156,711,21.94092827,846,56.4,229265
DESOTO ISD,Richardson,2015,16.6,38.9,142,238,18.1,1.676056338,152,678,22.41887906,821,59.4,227379
DESOTO ISD,Richardson,2016,17.1,44.4,224,344,13.7,1.535714286,167,657,25.41856925,820,57.5,224633
DESOTO ISD,Richardson,2017,17.8,33.7,249,460,7.8,1.847389558,198,733,27.01227831,885,92.4,244138
DICKINSON ISD,Houston,2011,19.2,10.5,70,142,28.9,2.028571429,65,509,12.77013752,934,42.1,279136
DICKINSON ISD,Houston,2012,18.6,14.6,87,141,22.7,1.620689655,85,556,15.28776978,940,39.6,271853
DICKINSON ISD,Houston,2013,20.4,9.5,123,238,21.8,1.93495935,81,557,14.54219031,941,37,267707
DICKINSON ISD,Houston,2014,18.7,17.3,221,428,27.1,1.936651584,86,544,15.80882353,928,46.5,268982
DICKINSON ISD,Houston,2015,20,25,161,346,34.1,2.149068323,95,568,16.72535211,943,48.2,281883
DICKINSON ISD,Houston,2016,19.2,12.7,189,369,41.2,1.952380952,94,597,15.74539363,913,46.1,278014
DICKINSON ISD,Houston,2017,20.5,10.8,167,326,40.5,1.952095808,107,638,16.77115987,965,80.6,302411
DRIPPING SPRINGS ISD,Austin,2011,25.5,44,234,579,69.9,2.474358974,104,288,36.11111111,1142,85,597087
DRIPPING SPRINGS ISD,Austin,2012,24.6,43.7,265,618,73.6,2.332075472,99,279,35.48387097,1109,85.7,576515
DRIPPING SPRINGS ISD,Austin,2013,25.4,48.3,225,498,76.1,2.213333333,97,321,30.21806854,1132,78.2,573734
DRIPPING SPRINGS ISD,Austin,2014,24.3,46.1,208,466,78.3,2.240384615,109,334,32.63473054,1098,76.3,549429
DRIPPING SPRINGS ISD,Austin,2015,24.6,43.5,194,400,77,2.06185567,87,336,25.89285714,1105,72,540008
DRIPPING SPRINGS ISD,Austin,2016,24.7,64.1,235,525,72.2,2.234042553,111,370,30,1132,63.2,572585
DRIPPING SPRINGS ISD,Austin,2017,24.6,53.9,228,534,74.5,2.342105263,136,406,33.49753695,1179,63.1,616239
DUNCANVILLE ISD,Richardson,2011,19.3,41.9,116,235,57,2.025862069,150,733,20.4638472,935,45.6,271364
DUNCANVILLE ISD,Richardson,2012,19,32,136,301,58.8,2.213235294,123,753,16.33466135,902,40.1,258673
DUNCANVILLE ISD,Richardson,2013,19.6,32.9,120,235,58.7,1.958333333,148,797,18.56963614,925,38.9,254311
DUNCANVILLE ISD,Richardson,2014,18.6,25.6,111,187,54,1.684684685,159,823,19.31956258,883,46.2,262570
DUNCANVILLE ISD,Richardson,2015,18.3,27.3,197,398,36.2,2.020304569,197,851,23.14923619,878,57.2,271899
DUNCANVILLE ISD,Richardson,2016,18.4,22.5,175,302,30.1,1.725714286,185,872,21.21559633,861,60.8,276224
DUNCANVILLE ISD,Richardson,2017,18.2,21.7,194,365,32.6,1.881443299,235,945,24.86772487,943,63.5,294069
EAGLE MT-SAGINAW ISD,Fort Worth,2011,21.4,18.5,432,1052,42,2.435185185,131,893,14.66965286,993,58.1,408471
EAGLE MT-SAGINAW ISD,Fort Worth,2012,21.2,22.6,531,1141,41.4,2.148775895,177,910,19.45054945,993,52.5,371491
EAGLE MT-SAGINAW ISD,Fort Worth,2013,21.2,26.9,570,1190,39.6,2.087719298,194,999,19.41941942,987,50.8,360252
EAGLE MT-SAGINAW ISD,Fort Worth,2014,20.5,39.4,603,1219,46.2,2.021558872,182,1113,16.35220126,964,48.7,348061
EAGLE MT-SAGINAW ISD,Fort Worth,2015,21.2,31.3,806,1871,32.4,2.32133995,191,1194,15.99664992,978,48.2,357494
EAGLE MT-SAGINAW ISD,Fort Worth,2016,20.4,31.1,835,1946,39,2.330538922,224,1297,17.27062452,951,51.2,364945
EAGLE MT-SAGINAW ISD,Fort Worth,2017,20.8,30.1,871,1995,42.2,2.290470723,239,1356,17.62536873,1038,51.1,368660
EAGLE PASS ISD,San Antonio,2011,17.8,19.9,236,392,42.6,1.661016949,189,886,21.33182844,865,62.5,120275
EAGLE PASS ISD,San Antonio,2012,17.9,14,300,480,45.8,1.6,189,936,20.19230769,853,60.7,122595
EAGLE PASS ISD,San Antonio,2013,18.4,11.3,316,521,50.3,1.648734177,192,963,19.9376947,880,53.5,122048
EAGLE PASS ISD,San Antonio,2014,19.4,7.4,263,407,56.3,1.547528517,183,919,19.91294886,884,54.3,130623
EAGLE PASS ISD,San Antonio,2015,19.8,11.8,306,533,46.9,1.741830065,165,906,18.21192053,872,56.3,143020
EAGLE PASS ISD,San Antonio,2016,18.5,14.8,356,648,44.6,1.820224719,187,989,18.90798787,866,54.8,147975
EAGLE PASS ISD,San Antonio,2017,16.7,78.8,337,646,47.7,1.916913947,251,1079,23.26227989,965,59.8,156582
EANES ISD,Austin,2011,27,66.6,802,2600,76.5,3.241895262,222,617,35.98055105,1214,97.7,1293693
EANES ISD,Austin,2012,26.6,72.2,768,2485,77.1,3.235677083,195,629,31.00158983,1193,92.1,1214826
EANES ISD,Austin,2013,27.1,73.2,782,2527,79.9,3.231457801,190,597,31.82579564,1212,87.9,1227376
EANES ISD,Austin,2014,27.3,75,836,2699,78.5,3.2284689,222,647,34.3122102,1221,84.7,1257940
EANES ISD,Austin,2015,26.4,100,772,2597,74.3,3.363989637,173,592,29.22297297,1210,82.4,1332102
EANES ISD,Austin,2016,26.8,97,862,3002,71.9,3.482598608,182,605,30.08264463,1237,72.7,1421278
EANES ISD,Austin,2017,27.2,74.7,976,3213,69.8,3.292008197,204,651,31.33640553,1280,72.8,1573376
EAST CENTRAL ISD,San Antonio,2011,19.8,14.3,150,315,28.6,2.1,68,604,11.25827815,909,50.8,207495
EAST CENTRAL ISD,San Antonio,2012,19.5,27.8,202,334,30.8,1.653465347,84,589,14.2614601,909,56.9,211273
EAST CENTRAL ISD,San Antonio,2013,19.3,28.3,225,434,29,1.928888889,93,668,13.92215569,903,53,215008
EAST CENTRAL ISD,San Antonio,2014,18.9,29.7,321,619,21.8,1.92834891,80,627,12.75917065,906,49.8,228991
EAST CENTRAL ISD,San Antonio,2015,19.3,32.8,342,800,19.4,2.339181287,100,687,14.55604076,914,50.9,264341
EAST CENTRAL ISD,San Antonio,2016,18.8,20.8,290,671,19.1,2.313793103,102,703,14.50924609,901,45.8,269416
EAST CENTRAL ISD,San Antonio,2017,18.9,17.9,310,706,21.4,2.277419355,91,697,13.05595409,992,48.4,320400
EDGEWOOD ISD,San Antonio,2011,17.8,23.9,289,433,6.5,1.498269896,66,594,11.11111111,802,53.9,83223
EDGEWOOD ISD,San Antonio,2012,16.1,38.9,240,422,8.8,1.758333333,65,481,13.51351351,794,54.7,83316
EDGEWOOD ISD,San Antonio,2013,16.3,27.3,303,520,6.3,1.716171617,64,549,11.6575592,799,49.9,83962
EDGEWOOD ISD,San Antonio,2014,16.9,25.7,360,789,7,2.191666667,58,533,10.88180113,796,51.2,86952
EDGEWOOD ISD,San Antonio,2015,17,14.9,280,650,7.1,2.321428571,54,562,9.608540925,797,48.9,85637
EDGEWOOD ISD,San Antonio,2016,18.1,11,300,574,9.9,1.913333333,57,572,9.965034965,791,47.7,91808
EDGEWOOD ISD,San Antonio,2017,16,19.3,402,790,5.3,1.965174129,65,591,10.99830795,894,42.8,112973
ENNIS ISD,Richardson,2011,20.6,47.4,114,214,37.4,1.877192982,61,348,17.52873563,1022,25.5,313461
ENNIS ISD,Richardson,2012,19.1,49.1,139,229,37.6,1.647482014,54,328,16.46341463,953,24.4,312229
ENNIS ISD,Richardson,2013,19.8,42.6,151,282,36.2,1.867549669,49,345,14.20289855,985,23.2,321287
ENNIS ISD,Richardson,2014,19.5,46.3,142,272,37.1,1.915492958,50,341,14.6627566,993,22.9,322444
ENNIS ISD,Richardson,2015,19.2,41.9,158,348,36.2,2.202531646,53,375,14.13333333,959,22.4,327469
ENNIS ISD,Richardson,2016,19.1,44.4,139,307,34.5,2.208633094,25,351,7.122507123,917,26.5,316447
ENNIS ISD,Richardson,2017,19.3,41.1,119,302,36.8,2.537815126,41,389,10.53984576,1061,18.3,333339
FLORESVILLE ISD,San Antonio,2011,19.6,33.2,114,155,13.5,1.359649123,34,267,12.7340824,924,54.9,258912
FLORESVILLE ISD,San Antonio,2012,20.2,40.1,89,126,23,1.415730337,59,279,21.14695341,941,59.1,267336
FLORESVILLE ISD,San Antonio,2013,19.8,45.5,108,149,25.5,1.37962963,62,321,19.31464174,931,54.8,272347
FLORESVILLE ISD,San Antonio,2014,19.2,56.1,105,148,23,1.40952381,52,255,20.39215686,933,64.3,276454
FLORESVILLE ISD,San Antonio,2015,20.2,49.3,134,188,17.6,1.402985075,61,280,21.78571429,992,51.1,280635
FLORESVILLE ISD,San Antonio,2016,20.8,31.1,123,156,9.6,1.268292683,45,273,16.48351648,936,44,292081
FLORESVILLE ISD,San Antonio,2017,20.4,26.4,163,318,22,1.950920245,44,280,15.71428571,1045,38.6,321343
FORNEY ISD,Richardson,2011,20.5,24.8,149,334,34.7,2.241610738,93,453,20.52980132,980,63.1,292929
FORNEY ISD,Richardson,2012,20.1,25.5,179,336,47.9,1.877094972,93,478,19.45606695,950,61.5,284379
FORNEY ISD,Richardson,2013,21.8,21.6,182,334,52.4,1.835164835,108,546,19.78021978,972,53.5,280185
FORNEY ISD,Richardson,2014,20.8,24.6,190,352,52.3,1.852631579,99,553,17.90235081,979,53.3,278211
FORNEY ISD,Richardson,2015,20.4,23.9,279,615,36.3,2.204301075,114,615,18.53658537,962,58.4,273181
FORNEY ISD,Richardson,2016,20.8,27.4,275,607,44.2,2.207272727,133,620,21.4516129,974,58.1,271368
FORNEY ISD,Richardson,2017,20.5,27.4,268,530,42.6,1.97761194,134,627,21.37161085,1050,56.1,281342
FORT BEND ISD,Houston,2011,22.5,34.5,2612,7116,69.5,2.724349158,1565,4836,32.36145575,1027,83,351127
FORT BEND ISD,Houston,2012,22.3,33.3,2607,6951,73.9,2.666283084,1579,5027,31.41038393,1021,79.4,351495
FORT BEND ISD,Houston,2013,22.3,30.3,2650,7254,71.9,2.737358491,1557,5077,30.66771716,1033,73.4,353175
FORT BEND ISD,Houston,2014,22.1,33.9,3042,7605,72.4,2.5,1713,5031,34.04889684,1034,74.5,355737
FORT BEND ISD,Houston,2015,22.3,35.9,3503,10247,64.7,2.925206965,1782,5437,32.77542763,1026,74.9,373235
FORT BEND ISD,Houston,2016,22.8,36.4,3546,10547,63.3,2.974337281,1692,5411,31.26963593,1028,73.7,392617
FORT BEND ISD,Houston,2017,23,34.9,3810,11285,64.8,2.961942257,1717,5487,31.29214507,1108,73.3,444265
FORT WORTH ISD,Fort Worth,2011,18.1,27.5,2052,4734,27.1,2.307017544,547,3863,14.15997929,905,58.6,343130
FORT WORTH ISD,Fort Worth,2012,18.2,29.6,1786,3935,33.9,2.20324748,539,3642,14.79956068,897,56.4,322648
FORT WORTH ISD,Fort Worth,2013,18.2,29.2,1928,3988,30.7,2.06846473,558,3646,15.30444323,892,59.4,328206
FORT WORTH ISD,Fort Worth,2014,17.9,26.6,2362.5,5757,28.2,2.436825397,584,3740,15.61497326,832,97.9,335477
FORT WORTH ISD,Fort Worth,2015,18.3,24.6,3525,7695,20.2,2.182978723,653,3891,16.78231817,821,99,339898
FORT WORTH ISD,Fort Worth,2016,18.9,21.4,3105,7447.5,19.2,2.398550725,614,4033,15.22439871,818,98.3,340822
FORT WORTH ISD,Fort Worth,2017,19.6,18.8,3375,8728,20.3,2.586074074,733,4306,17.02275894,916,96.2,348001
FREDERICKSBURG ISD,Austin,2011,21.5,41.4,121,252,58.7,2.082644628,62,242,25.61983471,1003,63.9,815998
FREDERICKSBURG ISD,Austin,2012,22,37.4,103,193,61.7,1.873786408,58,219,26.48401826,1025,63.5,817930
FREDERICKSBURG ISD,Austin,2013,22.1,36.6,103,223,59.2,2.165048544,70,246,28.45528455,1025,56.5,828348
FREDERICKSBURG ISD,Austin,2014,21.8,36.6,105,236,54.7,2.247619048,63,235,26.80851064,1013,60.4,857468
FREDERICKSBURG ISD,Austin,2015,20.7,31.7,118,246,44.7,2.084745763,67,227,29.5154185,968,63,868240
FREDERICKSBURG ISD,Austin,2016,22.2,34.8,104,230,50.9,2.211538462,65,230,28.26086957,986,59.6,865883
FREDERICKSBURG ISD,Austin,2017,20.6,33.8,108,238,36.6,2.203703704,48,228,21.05263158,1062,53.5,924409
FRIENDSWOOD ISD,Houston,2011,25,47.9,319,825,73.7,2.586206897,154,493,31.23732252,1116,88,354657
FRIENDSWOOD ISD,Houston,2012,24.7,39.6,321,744,81.7,2.317757009,145,485,29.89690722,1102,77.7,356827
FRIENDSWOOD ISD,Houston,2013,25,43.7,346,874,73.9,2.526011561,155,481,32.22453222,1111,77.3,364220
FRIENDSWOOD ISD,Houston,2014,25,40.5,311,843,81.1,2.710610932,153,491,31.16089613,1113,79.8,369076
FRIENDSWOOD ISD,Houston,2015,24.6,44.4,345,897,79.7,2.6,175,532,32.89473684,1098,78.2,380020
FRIENDSWOOD ISD,Houston,2016,25,51.3,368,1118,75,3.038043478,175,530,33.01886792,1098,78.1,382675
FRIENDSWOOD ISD,Houston,2017,24.6,62.8,340,937,75.8,2.755882353,205,540,37.96296296,1175,68.7,434057
FRISCO ISD,Richardson,2011,23.6,46.2,1252,2973,70.3,2.374600639,358,1740,20.57471264,1062,68.7,448014
FRISCO ISD,Richardson,2012,23.6,51.6,1440,3356,71.6,2.330555556,451,1962,22.98674822,1075,65.8,409845
FRISCO ISD,Richardson,2013,23.6,49.7,1659,4070,71.9,2.453285112,517,2234,23.14234557,1078,64.3,398568
FRISCO ISD,Richardson,2014,24.1,52.8,1907,4665,74.5,2.446250655,603,2388,25.25125628,1092,65.8,389497
FRISCO ISD,Richardson,2015,24.1,57.1,2306,6084,69.6,2.638334779,689,2707,25.45253048,1085,68.3,392958
FRISCO ISD,Richardson,2016,24.6,55.1,2776,7245,72.2,2.609870317,754,2986,25.25117214,1097,67.8,412264
FRISCO ISD,Richardson,2017,24.5,58.6,3311,8957,72.7,2.705225008,889,3452,25.75318656,1178,67.1,458760
GALENA PARK ISD,Houston,2011,18.1,37.4,267,537,55.1,2.011235955,208,1414,14.71004243,893,31.8,289183
GALENA PARK ISD,Houston,2012,18.1,36.8,305,554,59,1.816393443,241,1497,16.0988644,875,29.9,277597
GALENA PARK ISD,Houston,2013,18.7,33.6,327,648,57.9,1.981651376,230,1532,15.01305483,890,28,270212
GALENA PARK ISD,Houston,2014,17.9,33.6,349,657,48.7,1.88252149,190,1541,12.32965607,890,25,308002
GALENA PARK ISD,Houston,2015,17.8,38.8,386,700,55.3,1.813471503,203,1557,13.03789338,875,30.3,312646
GALENA PARK ISD,Houston,2016,18.6,40.5,383,722,50.8,1.885117493,204,1554,13.12741313,892,29,356031
GALENA PARK ISD,Houston,2017,18.3,40.8,395,751,48.2,1.901265823,209,1607,13.0056005,985,24.5,382169
GALVESTON ISD,Houston,2011,19.6,16.4,185,400,29.8,2.162162162,69,416,16.58653846,936,52,724883
GALVESTON ISD,Houston,2012,19.4,24.7,215,468,33.5,2.176744186,72,392,18.36734694,902,55.9,785608
GALVESTON ISD,Houston,2013,20,28.5,200,390,35.1,1.95,85,459,18.51851852,963,48.6,817696
GALVESTON ISD,Houston,2014,20.3,22.3,162,291,38.1,1.796296296,57,381,14.96062992,918,48,861978
GALVESTON ISD,Houston,2015,20.2,19.7,187,351,27.1,1.877005348,87,441,19.72789116,915,45.4,883860
GALVESTON ISD,Houston,2016,20,29.4,179,371,29.4,2.072625698,77,449,17.14922049,910,45.9,899343
GALVESTON ISD,Houston,2017,20.3,26.2,172,423,33.8,2.459302326,79,413,19.1283293,1017,49.4,1017454
GARLAND ISD,Richardson,2011,20.6,25.9,1637,3448,41.6,2.106291998,659,3772,17.47083775,973,52.6,249795
GARLAND ISD,Richardson,2012,20.9,24.6,1549,3196,40.2,2.063266624,696,3869,17.98914448,972,51,242390
GARLAND ISD,Richardson,2013,20.6,23.6,1347,2746,44.6,2.038604306,661,3940,16.77664975,970,44.5,240230
GARLAND ISD,Richardson,2014,20.7,26.8,1462.5,3308,41.1,2.261880342,699,3957,17.66489765,974,49.8,240611
GARLAND ISD,Richardson,2015,20.3,28.9,2013,4552,34.9,2.26130154,677,3941,17.17838112,957,51.4,242272
GARLAND ISD,Richardson,2016,20.2,26.2,3006,7915,27.1,2.633067199,742,4116,18.02721088,947,51.6,243367
GARLAND ISD,Richardson,2017,21.5,19.2,3168,8082,26.8,2.551136364,747,3977,18.78300226,970,94,263202
GEORGETOWN ISD,Austin,2011,21.8,35.9,261,528,61.2,2.022988506,211,714,29.55182073,1043,66.6,529858
GEORGETOWN ISD,Austin,2012,23,33.3,237,503,64.6,2.122362869,206,685,30.0729927,1062,61.5,539763
GEORGETOWN ISD,Austin,2013,22.4,32.7,245,454,65.6,1.853061224,178,694,25.64841499,1046,63.3,548453
GEORGETOWN ISD,Austin,2014,22.7,34.3,292,534,64,1.828767123,198,792,25,1056,62.4,555072
GEORGETOWN ISD,Austin,2015,23,35.4,335,678,61.5,2.023880597,201,769,26.13784135,1047,60.1,565119
GEORGETOWN ISD,Austin,2016,22.5,31.1,437,948,54.4,2.169336384,192,816,23.52941176,1022,59.2,603338
GEORGETOWN ISD,Austin,2017,22.6,30.4,482,1078,48.8,2.236514523,221,838,26.37231504,1097,61.5,672245
GRANBURY ISD,Fort Worth,2011,22.9,35.1,203,358,49.4,1.763546798,92,411,22.38442822,1051,55.6,767593
GRANBURY ISD,Fort Worth,2012,21.7,40,226,410,50.2,1.814159292,117,462,25.32467532,998,46.5,772115
GRANBURY ISD,Fort Worth,2013,22.2,42.6,238,463,45.4,1.945378151,118,397,29.72292191,1013,53.4,754804
GRANBURY ISD,Fort Worth,2014,21.9,45.8,188,378,43.7,2.010638298,105,395,26.58227848,1016,45.6,762202
GRANBURY ISD,Fort Worth,2015,21.9,40.1,161,306,38.2,1.900621118,95,444,21.3963964,996,47.3,729940
GRANBURY ISD,Fort Worth,2016,22.4,42.9,160,280,36.1,1.75,107,475,22.52631579,1024,44.2,697751
GRANBURY ISD,Fort Worth,2017,21.5,41.9,150,266,36.8,1.773333333,105,461,22.77657267,1084,46,701862
GRAPEVINE-COLLEYVILLE ISD,Fort Worth,2011,24.5,52.1,1142,3338,65.6,2.922942207,264,1058,24.95274102,1099,82.4,791537
GRAPEVINE-COLLEYVILLE ISD,Fort Worth,2012,24.3,55.8,1080,3093,69.7,2.863888889,272,1045,26.02870813,1096,76.8,766565
GRAPEVINE-COLLEYVILLE ISD,Fort Worth,2013,24.5,50.8,1010,2976,71.4,2.946534653,268,1106,24.23146474,1100,74.1,792003
GRAPEVINE-COLLEYVILLE ISD,Fort Worth,2014,24.5,52.7,1081,3066,65.9,2.83626272,242,988,24.49392713,1098,70.5,785247
GRAPEVINE-COLLEYVILLE ISD,Fort Worth,2015,24.8,54.5,1244,4015,60.9,3.227491961,303,1109,27.32191163,1102,74.6,792073
GRAPEVINE-COLLEYVILLE ISD,Fort Worth,2016,25.1,53.5,1195,3933,60.8,3.291213389,310,1140,27.19298246,1100,70.4,805590
GRAPEVINE-COLLEYVILLE ISD,Fort Worth,2017,24.4,54.4,1140,3895,60.3,3.416666667,309,1128,27.39361702,1159,67.3,838566
HARLANDALE ISD,San Antonio,2011,18.7,23.9,311,425,13.2,1.366559486,93,826,11.2590799,865,46.8,90871
HARLANDALE ISD,San Antonio,2012,17.9,28,315,464,11.4,1.473015873,97,860,11.27906977,857,49.7,85263
HARLANDALE ISD,San Antonio,2013,17.4,27.4,275,421,13.5,1.530909091,102,842,12.11401425,798,92.3,83293
HARLANDALE ISD,San Antonio,2014,18.4,24.9,409,671,9.2,1.640586797,122,887,13.75422773,791,89.9,81759
HARLANDALE ISD,San Antonio,2015,17.4,15.1,351,622,13,1.772079772,80,915,8.743169399,760,95,83957
HARLANDALE ISD,San Antonio,2016,17.7,11.5,374,607,14.7,1.622994652,121,963,12.56490135,757,93.7,82554
HARLANDALE ISD,San Antonio,2017,17.6,15.8,509,835,7.9,1.640471513,130,986,13.18458418,855,90.7,96440
HOUSTON ISD,Houston,2011,19.6,29.7,6786,14971,33.6,2.206159741,2128,9955,21.37619287,915,68.5,591624
HOUSTON ISD,Houston,2012,20.5,21.9,7600,16479,32.6,2.168289474,2231,9684,23.03800083,848,97.6,569432
HOUSTON ISD,Houston,2013,20.5,21.2,7560,16403,34.9,2.169708995,2015,9487,21.23959102,850,96.1,578069
HOUSTON ISD,Houston,2014,20.5,20.6,7428,16085,34.9,2.165455035,1980,9580,20.66805846,839,98,597768
HOUSTON ISD,Houston,2015,20.8,19.7,8052,18153,33.6,2.254470939,1924,9740,19.75359343,848,96.5,641849
HOUSTON ISD,Houston,2016,21.1,21.4,8289,19330,33.3,2.332006273,2072,10225,20.26405868,844,94.2,712393
HOUSTON ISD,Houston,2017,21.9,17.7,8602,20537,33.4,2.387468031,2094,10613,19.73051917,950,90.1,789002
HUFFMAN ISD,Houston,2011,21.8,20.5,104,183,35.5,1.759615385,35,202,17.32673267,978,71.6,256255
HUFFMAN ISD,Houston,2012,19.9,18.9,74,138,40.6,1.864864865,46,228,20.1754386,975,69.3,250183
HUFFMAN ISD,Houston,2013,22.2,13.4,48,84,50,1.75,35,186,18.8172043,975,55.9,262155
HUFFMAN ISD,Houston,2014,22.3,14.9,69,108,43.5,1.565217391,40,202,19.8019802,988,53,251819
HUFFMAN ISD,Houston,2015,21.8,16.2,84,151,53.6,1.797619048,40,222,18.01801802,967,53.6,250853
HUFFMAN ISD,Houston,2016,21.9,22.2,67,143,43.4,2.134328358,49,230,21.30434783,983,52.2,266173
HUFFMAN ISD,Houston,2017,21.5,10,91,183,51.9,2.010989011,48,229,20.96069869,1024,56.8,301519
HUMBLE ISD,Houston,2011,22.4,30.3,978,1989,58.1,2.033742331,580,2452,23.65415987,1011,69.2,293248
HUMBLE ISD,Houston,2012,22,32.7,1261,2494,55.7,1.9777954,571,2538,22.49802994,1001,65.6,286829
HUMBLE ISD,Houston,2013,22.3,28.2,1215,2566,56.2,2.111934156,595,2557,23.26945639,1000,63.3,283061
HUMBLE ISD,Houston,2014,22.8,31.3,1326,2520,59.2,1.900452489,634,2562,24.74629196,1012,60.4,279638
HUMBLE ISD,Houston,2015,22.5,31.9,1324,2911,57.1,2.198640483,628,2677,23.459096,996,58.5,285005
HUMBLE ISD,Houston,2016,22.9,34.8,1488,3294,58.7,2.213709677,723,2780,26.00719424,998,58.7,302496
HUMBLE ISD,Houston,2017,22.5,33.6,1675,3758,54.4,2.24358209,690,2899,23.8013108,1074,57.5,330877
HURST-EULESS-BEDFORD ISD,Fort Worth,2011,22,31.6,619,1105,58.8,1.785137318,274,1457,18.80576527,1028,55,430237
HURST-EULESS-BEDFORD ISD,Fort Worth,2012,21.8,35.4,670,1095,54.1,1.634328358,275,1417,19.40719831,1011,57,408613
HURST-EULESS-BEDFORD ISD,Fort Worth,2013,21.1,32.7,646,1018,58,1.575851393,254,1422,17.86216596,1000,55.8,407853
HURST-EULESS-BEDFORD ISD,Fort Worth,2014,21.9,32.4,719,1211,52.9,1.684283727,235,1443,16.28551629,1022,54,410262
HURST-EULESS-BEDFORD ISD,Fort Worth,2015,22.2,31.1,681,1158,54.8,1.700440529,262,1469,17.83526208,1008,56.9,418485
HURST-EULESS-BEDFORD ISD,Fort Worth,2016,22.1,37.6,850,1468,55.1,1.727058824,297,1479,20.0811359,987,60.6,427454
HURST-EULESS-BEDFORD ISD,Fort Worth,2017,21.8,31.6,894,1585,56,1.772930649,303,1549,19.5610071,1077,57.3,441116
HUTTO ISD,Austin,2011,20.9,28.3,163,332,34.3,2.036809816,57,275,20.72727273,954,66.9,265353
HUTTO ISD,Austin,2012,19.5,21.9,123,242,45.9,1.967479675,73,319,22.88401254,958,59.2,257525
HUTTO ISD,Austin,2013,20.2,26,103,200,41.5,1.941747573,71,335,21.19402985,966,61.5,259548
HUTTO ISD,Austin,2014,20.4,33.8,122,261,29.5,2.139344262,62,317,19.55835962,934,54.3,257165
HUTTO ISD,Austin,2015,19.3,35.2,167,365,30.7,2.185628743,95,383,24.80417755,940,58.2,260512
HUTTO ISD,Austin,2016,20,37.9,155,356,44.4,2.296774194,93,383,24.28198433,944,53.3,274616
HUTTO ISD,Austin,2017,20.4,26.5,169,388,57.5,2.295857988,91,412,22.08737864,1043,55.8,302918
IRVING ISD,Richardson,2011,18.7,15.2,957,1837,27.3,1.91954023,286,1949,14.67419189,847,78.4,286194
IRVING ISD,Richardson,2012,19.2,13.7,1037,2103,28.1,2.027965284,262,1922,13.63163371,861,78.6,267332
IRVING ISD,Richardson,2013,18.4,11.1,1059,2129,27.4,2.010387158,271,2010,13.48258706,834,83.5,264581
IRVING ISD,Richardson,2014,18.7,15.2,1239,2484,27.5,2.004842615,251,1998,12.56256256,837,87.1,262509
IRVING ISD,Richardson,2015,16.8,25.4,1475,3095,23,2.098305085,239,2137,11.18390267,840,82.4,268429
IRVING ISD,Richardson,2016,16.4,78.4,1599,3402,26.7,2.127579737,270,2143,12.59916006,830,83.1,277018
IRVING ISD,Richardson,2017,16.8,83.2,1705,3986,24.3,2.337829912,294,2280,12.89473684,922,86.9,300858
JUDSON ISD,San Antonio,2011,19.3,13.6,361,673,37.3,1.864265928,188,1256,14.96815287,924,57.9,289992
JUDSON ISD,San Antonio,2012,18.9,15.9,308,541,39.7,1.756493506,197,1369,14.39006574,897,60.2,284328
JUDSON ISD,San Antonio,2013,19,16.4,247,467,41.3,1.890688259,275,1334,20.61469265,903,65.7,280166
JUDSON ISD,San Antonio,2014,18.6,14.6,240,382.5,38.5,1.59375,229,1366,16.76427526,893,63.5,287277
JUDSON ISD,San Antonio,2015,19.4,9.7,202.5,394,27.4,1.945679012,235,1378,17.05370102,852,90.6,293780
JUDSON ISD,San Antonio,2016,19.9,10.8,298,590,23.1,1.979865772,229,1447,15.82584658,826,92.5,309210
JUDSON ISD,San Antonio,2017,20.2,6.6,337.5,676,20.7,2.002962963,224,1343,16.67907669,917,91.1,351253
KATY ISD,Houston,2011,23.7,34.8,2423,6522,78,2.691704499,993,4078,24.35017165,1071,75.4,330939
KATY ISD,Houston,2012,23.5,37.3,2625,6978,76.9,2.658285714,939,4090,22.95843521,1068,71.7,327631
KATY ISD,Houston,2013,23.6,36,2811,7635,74.3,2.716115261,954,4259,22.39962432,1071,70.4,331108
KATY ISD,Houston,2014,23.9,37.1,2781,7698,79.5,2.76806904,1077,4457,24.16423603,1074,70,338212
KATY ISD,Houston,2015,24.1,34.4,3122,8872,75.4,2.841768097,1123,4684,23.97523484,1075,69.7,353693
KATY ISD,Houston,2016,24.5,36.4,3351,9256,72.7,2.762160549,1113,4810,23.13929314,1074,69.9,392092
KATY ISD,Houston,2017,24.3,37.2,3692,10504,75.5,2.845070423,1174,5016,23.40510367,1145,70.9,448869
KELLER ISD,Fort Worth,2011,22.7,39,1074,2472,59.4,2.301675978,470,2004,23.45309381,1044,66.4,347047
KELLER ISD,Fort Worth,2012,23.1,37,1178,2734,63.1,2.320882852,499,2075,24.04819277,1050,64,340389
KELLER ISD,Fort Worth,2013,22.8,44.5,1410,3186,63,2.259574468,499,2172,22.97421731,1049,63.1,345629
KELLER ISD,Fort Worth,2014,23.1,47.2,1574,3717,62.8,2.361499365,559,2315,24.14686825,1053,60.8,348489
KELLER ISD,Fort Worth,2015,22.8,45.9,1570,3975,58.7,2.531847134,549,2397,22.90362954,1037,59.8,367730
KELLER ISD,Fort Worth,2016,22.9,49.3,1704,4358,62.4,2.557511737,561,2471,22.70335896,1037,60.9,379288
KELLER ISD,Fort Worth,2017,23,45.5,1837,4869,63.5,2.650517148,579,2619,22.10767468,1111,61.9,399061
KENNEDALE ISD,Fort Worth,2011,20.7,18.1,51,82,47.6,1.607843137,42,208,20.19230769,950,66.8,331825
KENNEDALE ISD,Fort Worth,2012,20,18.2,38,51,62.7,1.342105263,54,220,24.54545455,966,67.3,316270
KENNEDALE ISD,Fort Worth,2013,21.8,19.5,42,52,75,1.238095238,51,226,22.56637168,979,51.3,325209
KENNEDALE ISD,Fort Worth,2014,21.3,23.7,43,63,60.3,1.465116279,38,211,18.00947867,980,63,325660
KENNEDALE ISD,Fort Worth,2015,22.1,21.1,73,123,56.1,1.684931507,51,228,22.36842105,961,64.5,335135
KENNEDALE ISD,Fort Worth,2016,21.2,22.9,73,126,51.6,1.726027397,65,240,27.08333333,976,63.8,340139
KENNEDALE ISD,Fort Worth,2017,19.8,25.4,73,107,47.7,1.465753425,52,224,23.21428571,1034,63.8,358190
KERRVILLE ISD,San Antonio,2011,22.8,18,153,275,57.8,1.797385621,72,332,21.68674699,1004,63.7,476934
KERRVILLE ISD,San Antonio,2012,22.5,13.5,132,288,62.2,2.181818182,51,312,16.34615385,1022,55.4,489113
KERRVILLE ISD,San Antonio,2013,22.4,14.6,180,347,51.6,1.927777778,65,335,19.40298507,1030,53.4,494725
KERRVILLE ISD,San Antonio,2014,22.3,15.2,207,454,55.3,2.193236715,74,323,22.91021672,1023,61.6,486896
KERRVILLE ISD,San Antonio,2015,23.7,19.5,199,525,51.4,2.638190955,58,344,16.86046512,1016,58.7,484758
KERRVILLE ISD,San Antonio,2016,23,19.3,184,413,52.8,2.244565217,75,327,22.93577982,1019,51.7,488915
KERRVILLE ISD,San Antonio,2017,21.6,22.9,171,401,60.1,2.34502924,85,353,24.07932011,1070,58.1,513176
KLEIN ISD,Houston,2011,22.4,27.4,1119,2304,57.9,2.058981233,743,3065,24.24143556,1021,70.6,301357
KLEIN ISD,Houston,2012,22.9,28,1034,2138,59.4,2.067698259,717,3061,23.42371774,1024,65.2,285220
KLEIN ISD,Houston,2013,22.4,26.5,1055,2110,57.7,2,720,3106,23.18094012,1018,61,282795
KLEIN ISD,Houston,2014,22.4,28.3,1012.5,2211,58.6,2.183703704,733,3197,22.92774476,1024,58.4,282036
KLEIN ISD,Houston,2015,22.7,26.8,1241,2696,55.3,2.172441579,718,3406,21.08044627,1018,57.7,293054
KLEIN ISD,Houston,2016,21.7,40.3,1284,2781,56.7,2.16588785,768,3375,22.75555556,1005,56.6,314422
KLEIN ISD,Houston,2017,19.7,84.7,1462.5,3214,53.9,2.197606838,718,3437,20.89031132,1083,50.9,353021
LA GRANGE ISD,Austin,2011,20.8,15.9,39,57,73.7,1.461538462,30,146,20.54794521,1011,63.6,523995
LA GRANGE ISD,Austin,2012,20.7,20.7,58,83,63.9,1.431034483,16,111,14.41441441,998,57.7,524082
LA GRANGE ISD,Austin,2013,21.6,13.6,74,103,61.2,1.391891892,30,154,19.48051948,1005,59.1,508932
LA GRANGE ISD,Austin,2014,21.4,11.6,60,98,60.2,1.633333333,25,155,16.12903226,977,50.3,557146
LA GRANGE ISD,Austin,2015,23,24.1,66,125,45.6,1.893939394,32,133,24.06015038,1008,60.9,574724
LA GRANGE ISD,Austin,2016,21.8,21.8,63,121,47.9,1.920634921,30,156,19.23076923,983,60.3,530845
LA GRANGE ISD,Austin,2017,24,18.1,55,126,46,2.290909091,19,116,16.37931034,1039,57.8,549956
LA PORTE ISD,Houston,2011,20.1,16.7,186,345,36.5,1.85483871,60,525,11.42857143,968,48.3,849915
LA PORTE ISD,Houston,2012,20,20.5,151,293,41,1.940397351,82,484,16.94214876,970,50,823231
LA PORTE ISD,Houston,2013,19.5,11.2,151,312,43.6,2.066225166,59,544,10.84558824,969,40.1,845785
LA PORTE ISD,Houston,2014,18.9,13,210,443,29.6,2.10952381,66,524,12.59541985,953,44.8,898184
LA PORTE ISD,Houston,2015,19.2,10,199,447,30.9,2.246231156,67,450,14.88888889,956,49.6,942798
LA PORTE ISD,Houston,2016,19,13.5,292,613,22,2.099315068,69,510,13.52941176,954,45.1,982447
LA PORTE ISD,Houston,2017,21.5,14.2,240,553,19.3,2.304166667,79,556,14.20863309,1043,45.3,1158898
LA VERNIA ISD,San Antonio,2011,21.9,27.2,52,72,63.9,1.384615385,44,210,20.95238095,1001,68.5,230871
LA VERNIA ISD,San Antonio,2012,22.2,25.4,56,69,55.1,1.232142857,42,205,20.48780488,996,62.4,243224
LA VERNIA ISD,San Antonio,2013,21.2,28,48,58,46.6,1.208333333,37,200,18.5,972,53.5,260077
LA VERNIA ISD,San Antonio,2014,20.6,25.5,81,95,45.3,1.172839506,52,216,24.07407407,974,62,268247
LA VERNIA ISD,San Antonio,2015,22,25.4,84,130,35.4,1.547619048,67,240,27.91666667,978,69.2,269039
LA VERNIA ISD,San Antonio,2016,20.6,22.7,121,143,30.8,1.181818182,47,242,19.4214876,935,60.3,269154
LA VERNIA ISD,San Antonio,2017,21.5,24.4,156,272,32.4,1.743589744,75,250,30,1043,68.4,301389
LAGO VISTA ISD,Austin,2011,21.1,36.4,55,104,52.9,1.890909091,21,92,22.82608696,1026,65.9,1217369
LAGO VISTA ISD,Austin,2012,21.2,44.7,55,122,60.7,2.218181818,34,76,44.73684211,1025,77.6,1122652
LAGO VISTA ISD,Austin,2013,23.3,47.4,61,123,65,2.016393443,24,97,24.74226804,1030,62.9,1091340
LAGO VISTA ISD,Austin,2014,23,51.1,54,130,56.9,2.407407407,24,92,26.08695652,1014,57.6,1020808
LAGO VISTA ISD,Austin,2015,23.4,35.9,62,90,58.9,1.451612903,29,103,28.15533981,1049,70.9,992965
LAGO VISTA ISD,Austin,2016,21.8,58.4,59,122,49.2,2.06779661,41,113,36.28318584,1008,73.5,949342
LAGO VISTA ISD,Austin,2017,22,66,38,81,53.1,2.131578947,35,103,33.98058252,1116,55.3,1002393
LAKE DALLAS ISD,Fort Worth,2011,21.8,23,75,116,49.1,1.546666667,47,251,18.7250996,994,63,324484
LAKE DALLAS ISD,Fort Worth,2012,22,22.7,72,106,52.8,1.472222222,40,260,15.38461538,1000,59.2,313195
LAKE DALLAS ISD,Fort Worth,2013,22.3,36.5,75,111,43.2,1.48,60,282,21.27659574,1021,59.6,320677
LAKE DALLAS ISD,Fort Worth,2014,22.5,29.9,67,87,54,1.298507463,61,274,22.26277372,998,58,327185
LAKE DALLAS ISD,Fort Worth,2015,22.5,34.9,95,148,50.7,1.557894737,80,281,28.46975089,1008,60.5,331317
LAKE DALLAS ISD,Fort Worth,2016,21.4,38,97,169,56.2,1.742268041,61,303,20.1320132,966,58.1,347364
LAKE DALLAS ISD,Fort Worth,2017,22.2,28.8,94,195,53.8,2.074468085,71,295,24.06779661,1079,59.3,378632
LAKE TRAVIS ISD,Austin,2011,24.3,47.7,348,714,73,2.051724138,153,424,36.08490566,1117,90.8,1066698
LAKE TRAVIS ISD,Austin,2012,25.2,45.4,360,752,78.5,2.088888889,152,513,29.62962963,1122,79.7,965921
LAKE TRAVIS ISD,Austin,2013,24.7,54.5,438,988,72.3,2.255707763,186,494,37.65182186,1138,86.8,939378
LAKE TRAVIS ISD,Austin,2014,25.1,56.5,487,1036,71.9,2.127310062,177,533,33.20825516,1136,81.6,915434
LAKE TRAVIS ISD,Austin,2015,24.9,56.8,533,1340,64.6,2.514071295,158,555,28.46846847,1107,83.4,919348
LAKE TRAVIS ISD,Austin,2016,24.6,73.1,559,1398,69.5,2.500894454,174,588,29.59183673,1119,77,959682
LAKE TRAVIS ISD,Austin,2017,25.1,65.8,639,1735,71.7,2.715179969,191,635,30.07874016,1190,76.1,1035076
LANCASTER ISD,Richardson,2011,15.4,62.3,138,200,4.5,1.449275362,82,329,24.92401216,802,58.1,262718
LANCASTER ISD,Richardson,2012,16.1,30.8,127,213,4.2,1.677165354,86,334,25.74850299,818,56.6,261013
LANCASTER ISD,Richardson,2013,16,42,196,316,4.4,1.612244898,79,348,22.70114943,788,60.3,252102
LANCASTER ISD,Richardson,2014,16.4,43,186,347,3.5,1.865591398,85,365,23.28767123,802,52.1,232472
LANCASTER ISD,Richardson,2015,16.8,57.1,165,336,2.4,2.036363636,97,364,26.64835165,793,53,211138
LANCASTER ISD,Richardson,2016,17,55.9,226,405,3.5,1.792035398,102,399,25.56390977,780,49.6,233074
LANCASTER ISD,Richardson,2017,15.7,78.1,225,450,4.4,2,117,421,27.79097387,892,43.9,245946
LEANDER ISD,Austin,2011,23.7,40.4,1284,2802,59.4,2.182242991,456,1723,26.46546721,1070,77.8,429373
LEANDER ISD,Austin,2012,23.2,39.3,1434,2953,62.1,2.059274756,540,1903,28.37624803,1056,69.3,401483
LEANDER ISD,Austin,2013,23.8,39.2,1664,3643,64.4,2.189302885,567,2076,27.31213873,1075,68.3,397625
LEANDER ISD,Austin,2014,23.6,39.5,1597.5,3960,66.8,2.478873239,599,2037,29.4059892,1081,71.3,400260
LEANDER ISD,Austin,2015,23.9,43.3,1732.5,4363,69.6,2.518326118,692,2244,30.83778966,1087,74.3,418946
LEANDER ISD,Austin,2016,23.3,57.5,1890,4974,72.3,2.631746032,685,2412,28.39966833,1091,68.1,450380
LEANDER ISD,Austin,2017,23.5,68.5,2025,5130,70.7,2.533333333,759,2590,29.30501931,1169,67.7,498877
LEWISVILLE ISD,Fort Worth,2011,23.8,44.4,1951,4325,72.1,2.216811891,756,3487,21.68052767,1079,70.3,471674
LEWISVILLE ISD,Fort Worth,2012,23.7,41,2014,4392,72.4,2.180734856,767,3439,22.30299506,1088,68.3,457115
LEWISVILLE ISD,Fort Worth,2013,24,40.5,2136,4763,71.4,2.229868914,820,3577,22.92423819,1094,67.7,465378
LEWISVILLE ISD,Fort Worth,2014,23.7,40.7,2126,4832,75.4,2.272812794,872,3642,23.94288852,1091,65.6,471430
LEWISVILLE ISD,Fort Worth,2015,23.9,38.7,2316,5739,72.6,2.477979275,882,3777,23.35186656,1090,66,491262
LEWISVILLE ISD,Fort Worth,2016,24,40.9,2455,5824,75.2,2.372301426,927,3982,23.27975892,1083,66.2,524879
LEWISVILLE ISD,Fort Worth,2017,24.4,44.8,2596,6206,73.1,2.390600924,974,4099,23.76189314,1159,64.7,582780
LIBERTY HILL ISD,Austin,2011,23.6,35.8,86,117,65.8,1.360465116,42,179,23.46368715,1058,62.3,397559
LIBERTY HILL ISD,Austin,2012,22.5,33.5,75,110,63.6,1.466666667,50,170,29.41176471,1031,65.3,387378
LIBERTY HILL ISD,Austin,2013,23.4,30.5,88,130,65.4,1.477272727,37,167,22.15568862,1040,57.5,378196
LIBERTY HILL ISD,Austin,2014,24,38.1,101,140,63.6,1.386138614,46,202,22.77227723,1039,61.9,362894
LIBERTY HILL ISD,Austin,2015,22.8,35.4,106,185,63.2,1.745283019,62,240,25.83333333,1041,62.5,350784
LIBERTY HILL ISD,Austin,2016,22.7,45.8,139,222,59,1.597122302,80,251,31.87250996,1039,68.1,359270
LIBERTY HILL ISD,Austin,2017,22.4,31.2,136,218,66.1,1.602941176,63,263,23.95437262,1104,63.9,405633
LITTLE ELM ISD,Fort Worth,2011,20.4,29.7,182,428,28.7,2.351648352,60,301,19.93355482,963,62.9,284871
LITTLE ELM ISD,Fort Worth,2012,19.2,34.5,165,390,28.2,2.363636364,64,339,18.87905605,918,54,273718
LITTLE ELM ISD,Fort Worth,2013,19.9,27.9,177,410,38.5,2.316384181,51,341,14.95601173,941,51,296573
LITTLE ELM ISD,Fort Worth,2014,20.3,36.2,140,322,44.7,2.3,73,365,20,964,52.3,292988
LITTLE ELM ISD,Fort Worth,2015,20.2,34,113,236,42.4,2.088495575,52,326,15.95092025,933,52.8,310952
LITTLE ELM ISD,Fort Worth,2016,19.7,27.8,174,394,54.1,2.264367816,62,392,15.81632653,940,48.5,338944
LITTLE ELM ISD,Fort Worth,2017,20.8,32.3,237,609,51.7,2.569620253,76,462,16.45021645,1051,47.6,384251
LOCKHART ISD,Austin,2011,18.8,33.9,70,107,43,1.528571429,61,320,19.0625,909,47.5,194200
LOCKHART ISD,Austin,2012,18.4,31.4,111,183,39.3,1.648648649,60,331,18.12688822,947,46.5,200928
LOCKHART ISD,Austin,2013,19.8,20.9,89,188,40.4,2.112359551,64,320,20,932,48.8,213087
LOCKHART ISD,Austin,2014,19.2,24.2,155,294,26.9,1.896774194,66,298,22.14765101,917,51.7,207941
LOCKHART ISD,Austin,2015,19.3,20.8,146,307,25.7,2.102739726,48,322,14.9068323,859,72,209001
LOCKHART ISD,Austin,2016,19.1,15,206,423,25.1,2.053398058,57,334,17.06586826,834,90.7,203227
LOCKHART ISD,Austin,2017,18.6,13.1,192,399,21.1,2.078125,67,350,19.14285714,912,83.7,199486
LOVEJOY ISD,Richardson,2011,24,61.8,303,706,51.6,2.330033003,52,229,22.70742358,1096,93.2,447132
LOVEJOY ISD,Richardson,2012,24.3,68.6,345,921,60.9,2.669565217,62,242,25.61983471,1124,82.6,434606
LOVEJOY ISD,Richardson,2013,25.4,63.5,395,1134,60,2.870886076,78,274,28.46715328,1127,83.2,434201
LOVEJOY ISD,Richardson,2014,25.6,67.3,341,935,72.5,2.741935484,75,275,27.27272727,1144,82.2,435809
LOVEJOY ISD,Richardson,2015,25.3,76,362,1033,66.2,2.85359116,70,258,27.13178295,1134,85.3,453799
LOVEJOY ISD,Richardson,2016,25.6,79.2,424,1205,66.6,2.841981132,62,293,21.16040956,1135,77.5,472414
LOVEJOY ISD,Richardson,2017,25.7,71.8,425,1124,78.6,2.644705882,92,323,28.48297214,1206,71.2,499969
MABANK ISD,Richardson,2011,20.9,18.9,81,94,31.9,1.160493827,21,227,9.251101322,954,38.7,333112
MABANK ISD,Richardson,2012,20.7,37.8,105,156,25,1.485714286,25,241,10.37344398,952,34,323884
MABANK ISD,Richardson,2013,21.6,42.8,104,164,25.6,1.576923077,40,236,16.94915254,1026,32.2,330707
MABANK ISD,Richardson,2014,21.8,30.8,84,120,42.5,1.428571429,24,211,11.37440758,1016,25.6,328954
MABANK ISD,Richardson,2015,21.4,35.6,100,205,28.8,2.05,25,222,11.26126126,979,29.3,332924
MABANK ISD,Richardson,2016,21.7,23,78,176,46,2.256410256,35,226,15.48672566,968,33.6,327840
MABANK ISD,Richardson,2017,21.8,23.8,108,208,41.3,1.925925926,33,244,13.52459016,1063,37.3,328253
MANOR ISD,Austin,2011,16.6,31.9,191,313,4.2,1.638743455,64,336,19.04761905,849,63.2,441022
MANOR ISD,Austin,2012,16.9,52.5,118,162,11.7,1.372881356,67,284,23.5915493,854,66.5,374184
MANOR ISD,Austin,2013,16.8,44,174,283,9.5,1.626436782,75,373,20.10723861,835,62.5,327997
MANOR ISD,Austin,2014,17.5,45.2,251,368,5.7,1.466135458,98,392,25,852,68.4,301301
MANOR ISD,Austin,2015,16.5,35.2,229,320,4.4,1.397379913,78,477,16.35220126,839,55.3,309969
MANOR ISD,Austin,2016,17.8,37.3,233,345,8.4,1.480686695,79,467,16.91648822,843,56.1,464422
MANOR ISD,Austin,2017,17.2,33.1,236,362,5.8,1.533898305,85,435,19.54022989,930,58.2,394857
MANSFIELD ISD,Fort Worth,2011,20.9,25.7,1312,2445,25.9,1.863567073,463,1961,23.61040286,977,67.9,304326
MANSFIELD ISD,Fort Worth,2012,20.9,25.8,1437,2571,30.1,1.78914405,522,2039,25.6007847,975,68.4,293078
MANSFIELD ISD,Fort Worth,2013,20.8,32.1,1452,2902,31.4,1.99862259,519,2159,24.0389069,978,66.1,298968
MANSFIELD ISD,Fort Worth,2014,21.3,31.6,1355,2667,34.8,1.968265683,543,2154,25.20891365,987,65.9,298201
MANSFIELD ISD,Fort Worth,2015,21.1,37.2,1488,3327,35.6,2.235887097,619,2273,27.23273207,983,67.6,299533
MANSFIELD ISD,Fort Worth,2016,21,37.6,1559,3420,34.5,2.193713919,635,2412,26.32669983,964,67.4,304304
MANSFIELD ISD,Fort Worth,2017,21.2,35.6,1653,3812,39.1,2.306110103,685,2436,28.11986864,1063,67.9,322050
MARBLE FALLS ISD,Austin,2011,22.3,38.9,101,195,34.9,1.930693069,75,267,28.08988764,980,57.7,751177
MARBLE FALLS ISD,Austin,2012,21.1,37.5,87,164,37.8,1.885057471,62,232,26.72413793,989,37.9,754097
MARBLE FALLS ISD,Austin,2013,20.6,36.1,108,202,34.7,1.87037037,66,266,24.81203008,985,43.2,760294
MARBLE FALLS ISD,Austin,2014,21.2,37.9,78,136,50,1.743589744,63,272,23.16176471,981,48.9,771953
MARBLE FALLS ISD,Austin,2015,21.5,43.1,79,177,59.9,2.240506329,68,262,25.95419847,991,45,777127
MARBLE FALLS ISD,Austin,2016,21.6,36.7,107,250,43.6,2.336448598,50,281,17.79359431,988,38.8,758024
MARBLE FALLS ISD,Austin,2017,22.6,25.5,130,304,43.4,2.338461538,47,263,17.87072243,1090,43.3,799350
MCKINNEY ISD,Richardson,2011,23,47.2,1298,3154,60.9,2.429892142,296,1429,20.71378586,1051,74.9,383840
MCKINNEY ISD,Richardson,2012,23.7,46.5,1478,3832,62.8,2.592692828,285,1467,19.42740286,1073,66.6,379570
MCKINNEY ISD,Richardson,2013,23.9,46.4,1498,3807,64.4,2.541388518,315,1562,20.16645327,1079,62.7,386689
MCKINNEY ISD,Richardson,2014,23.3,42,1588,4026,60.3,2.535264484,329,1578,20.84917617,1072,61.5,387547
MCKINNEY ISD,Richardson,2015,23.4,48.1,1829,4966,56.2,2.715144888,341,1660,20.54216867,1066,63.6,406248
MCKINNEY ISD,Richardson,2016,23.4,48.9,1884,5044,57.9,2.677282378,323,1748,18.47826087,1064,62.5,434453
MCKINNEY ISD,Richardson,2017,23.7,49.2,1875,5127,56,2.7344,372,1758,21.16040956,1139,63.5,477580
MESQUITE ISD,Richardson,2011,19.2,26.5,645,1253,35.1,1.942635659,439,2429,18.07328119,930,57.7,173861
MESQUITE ISD,Richardson,2012,19.1,24.1,746,1399,39.1,1.875335121,426,2348,18.14310051,916,50.4,164305
MESQUITE ISD,Richardson,2013,18.2,23.5,822,1601,39.7,1.947688564,394,2490,15.82329317,908,47.9,159323
MESQUITE ISD,Richardson,2014,18.9,22.8,1041,1962,40.8,1.884726225,433,2543,17.02713331,905,51.6,152759
MESQUITE ISD,Richardson,2015,18.7,24.6,1254,2937,32.4,2.342105263,429,2566,16.71862822,899,50.7,152165
MESQUITE ISD,Richardson,2016,18.5,30.5,1301,2927,30,2.24980784,457,2575,17.74757282,882,52.4,150316
MESQUITE ISD,Richardson,2017,18.5,31.4,1257,2730,34.9,2.171837709,463,2565,18.05068226,981,52.8,158391
MIDLOTHIAN ISD,Richardson,2011,21.5,56,222,454,37.2,2.045045045,115,529,21.73913043,1029,49.8,377098
MIDLOTHIAN ISD,Richardson,2012,22,53.4,216,420,44,1.944444444,118,496,23.79032258,1034,43.8,373084
MIDLOTHIAN ISD,Richardson,2013,22.2,53.2,200,456,48,2.28,114,521,21.88099808,1008,48.6,364426
MIDLOTHIAN ISD,Richardson,2014,22.3,51.6,206,438,58.2,2.126213592,125,527,23.71916509,1024,45.7,353849
MIDLOTHIAN ISD,Richardson,2015,22.3,54.9,259,546,48,2.108108108,127,517,24.56479691,1040,48.5,361219
MIDLOTHIAN ISD,Richardson,2016,21.8,53.6,270,577,55.8,2.137037037,130,507,25.64102564,1016,46.5,365655
MIDLOTHIAN ISD,Richardson,2017,22,46.4,261,683,53.4,2.616858238,125,605,20.66115702,1111,46,391337
NEW BRAUNFELS ISD,Austin,2011,21.9,21.9,250,745,62.3,2.98,144,556,25.89928058,999,64.2,390190
NEW BRAUNFELS ISD,Austin,2012,21.9,22,285,792,54.8,2.778947368,128,555,23.06306306,1005,59.8,385312
NEW BRAUNFELS ISD,Austin,2013,21.9,17.5,274,751,57.4,2.740875912,133,555,23.96396396,1027,59.3,389897
NEW BRAUNFELS ISD,Austin,2014,22.3,21.7,284,775,45.9,2.728873239,98,545,17.98165138,1024,56.5,394429
NEW BRAUNFELS ISD,Austin,2015,22.5,24.6,281,738,52.3,2.62633452,167,630,26.50793651,1023,57,411556
NEW BRAUNFELS ISD,Austin,2016,22.7,21.1,263,627,54.4,2.384030418,116,587,19.76149915,1028,53.3,435311
NEW BRAUNFELS ISD,Austin,2017,22.8,23.2,268,583,53.5,2.175373134,141,582,24.22680412,1094,58.1,481152
NORTH EAST ISD,San Antonio,2011,22.3,25.4,2969,7517,46.5,2.531828899,1074,4285,25.06417736,1022,72.1,435807
NORTH EAST ISD,San Antonio,2012,21.9,27.1,3106,7875,47.5,2.535415325,1040,4425,23.50282486,1024,68.5,424008
NORTH EAST ISD,San Antonio,2013,21.6,27.4,3257,8352,48.8,2.564322997,1096,4634,23.6512732,1013,68.8,422025
NORTH EAST ISD,San Antonio,2014,22.4,27.3,3362,8781,50.6,2.611838192,1151,4676,24.6150556,1013,69.2,425971
NORTH EAST ISD,San Antonio,2015,22.3,29,3707,10081,46.9,2.71944969,1164,4723,24.64535253,1016,68.1,445203
NORTH EAST ISD,San Antonio,2016,22.2,30.7,3551,9539,51.3,2.686285553,1199,4864,24.65049342,994,70.3,473823
NORTH EAST ISD,San Antonio,2017,22.8,28.2,3806,10479,51.5,2.753284288,1271,4981,25.51696446,1089,67.5,525985
NORTHSIDE ISD,San Antonio,2011,21.4,24.4,3967,8705,34.9,2.194353416,1077,5678,18.96794646,978,67.9,355682
NORTHSIDE ISD,San Antonio,2012,21.2,21.9,3958,8592,36.4,2.17079333,1134,6020,18.8372093,967,62.8,347261
NORTHSIDE ISD,San Antonio,2013,21.6,20.1,4078,8932,38.7,2.190289358,1185,6038,19.62570388,971,63.1,346026
NORTHSIDE ISD,San Antonio,2014,21.2,22,4402,9964,39.4,2.263516583,1412,6444,21.91185599,976,60.1,349563
NORTHSIDE ISD,San Antonio,2015,21.1,20.8,4655,11369,36.2,2.442320086,1330,6555,20.28985507,974,59.7,363517
NORTHSIDE ISD,San Antonio,2016,21.3,16.7,4878,11682,37,2.394833948,1451,6861,21.14852062,893,93.3,385379
NORTHSIDE ISD,San Antonio,2017,22.1,14.7,4790,11360,40,2.371607516,1552,6856,22.63710618,981,95.3,432999
NORTHWEST ISD,Fort Worth,2011,22.7,26.7,434,974,53,2.244239631,150,771,19.45525292,1000,71.5,728886
NORTHWEST ISD,Fort Worth,2012,22.8,33,617,1444,44.3,2.340356564,185,889,20.80989876,1005,67.5,649557
NORTHWEST ISD,Fort Worth,2013,22.5,36.3,725,1783,46.6,2.459310345,222,964,23.02904564,1014,64.2,622609
NORTHWEST ISD,Fort Worth,2014,22.6,37.7,796,1940,43.7,2.43718593,273,1083,25.20775623,1013,63.3,578270
NORTHWEST ISD,Fort Worth,2015,20.5,94.1,854,2237,54.3,2.619437939,277,1154,24.0034662,1030,58.2,544034
NORTHWEST ISD,Fort Worth,2016,20.1,100,1079,3034,50.8,2.811862836,268,1193,22.46437552,1024,49.4,565840
NORTHWEST ISD,Fort Worth,2017,23.1,35.2,1208,3404,51.4,2.817880795,335,1351,24.79644708,1048,96.1,575909
PASADENA ISD,Houston,2011,18.9,10.2,1356,2811,29.8,2.07300885,323,2874,11.23869172,924,43.5,211175
PASADENA ISD,Houston,2012,19.2,15.1,1304,2816,31.1,2.159509202,392,2961,13.23877069,896,47,197326
PASADENA ISD,Houston,2013,19.8,13.1,1289,2990,33.4,2.319627618,343,2997,11.44477811,905,46.7,193179
PASADENA ISD,Houston,2014,19.8,15.6,1501,3649,32.4,2.431045969,436,2997,14.54788121,901,50.5,194446
PASADENA ISD,Houston,2015,19.2,17.3,1635,4482,30.7,2.741284404,390,3216,12.12686567,895,51.9,203115
PASADENA ISD,Houston,2016,18.9,14.6,1780,4443,27.8,2.496067416,420,3396,12.36749117,883,51.9,209501
PASADENA ISD,Houston,2017,19.3,11.8,1888,4820,29.8,2.552966102,481,3472,13.85368664,991,53.3,228115
PEARLAND ISD,Houston,2011,22.1,19.6,637,1572,56,2.467817896,288,1185,24.30379747,1019,67.8,313079
PEARLAND ISD,Houston,2012,21.4,20.9,689,1701,59.3,2.468795356,292,1252,23.32268371,1008,62.5,301850
PEARLAND ISD,Houston,2013,21.4,21.8,849,2338,55.7,2.753828033,282,1327,21.25094197,1006,54.3,296335
PEARLAND ISD,Houston,2014,22.5,21.2,925,2663,58.9,2.878918919,336,1332,25.22522523,1044,59.2,292463
PEARLAND ISD,Houston,2015,22.8,24.9,1019,3117,52.8,3.058881256,344,1388,24.78386167,1054,59.4,291053
PEARLAND ISD,Houston,2016,22.8,29.2,1160,3795,53.9,3.271551724,394,1457,27.04186685,1034,64,287382
PEARLAND ISD,Houston,2017,23.1,27.4,1284,3915,59.8,3.049065421,452,1556,29.04884319,1119,62.5,307573
PFLUGERVILLE ISD,Austin,2011,20.6,25.5,813,1927,50.3,2.370233702,397,1389,28.58171346,989,75.9,346234
PFLUGERVILLE ISD,Austin,2012,20.3,28.2,902,2026,47.1,2.246119734,358,1418,25.24682652,974,68.5,327131
PFLUGERVILLE ISD,Austin,2013,20.7,33.6,913,2063,44.9,2.25958379,388,1471,26.37661455,973,65.8,322940
PFLUGERVILLE ISD,Austin,2014,20.1,31.9,917,2137,43.3,2.3304253,413,1520,27.17105263,966,68,325796
PFLUGERVILLE ISD,Austin,2015,19.9,30.1,1024,2654,38.1,2.591796875,389,1599,24.32770482,959,63.8,339927
PFLUGERVILLE ISD,Austin,2016,18.2,94.1,1084,2861,40.7,2.639298893,415,1564,26.53452685,976,56.4,370464
PFLUGERVILLE ISD,Austin,2017,18.8,94.8,1104,3010,45.1,2.726449275,411,1588,25.88161209,1070,53.3,416776
PLANO ISD,Richardson,2011,25.7,50.1,3200,8471,75.5,2.6471875,865,3577,24.18227565,1142,78.4,632444
PLANO ISD,Richardson,2012,25.6,49.1,3157,8627,79.8,2.732657586,796,3634,21.90423775,1134,73.5,627117
PLANO ISD,Richardson,2013,25.9,51.7,3303,9556,79.7,2.89312746,916,3802,24.09258285,1149,70.5,628109
PLANO ISD,Richardson,2014,25.8,53.2,3574,9939,80.2,2.780917739,967,3796,25.47418335,1151,70.2,644625
PLANO ISD,Richardson,2015,25.8,57.6,3673,10464,78.8,2.848897359,988,3862,25.58259969,1156,68.7,676205
PLANO ISD,Richardson,2016,25.6,55.4,3443,9857,81.6,2.862910253,932,3948,23.60688956,1135,67.8,711533
PLANO ISD,Richardson,2017,25.4,51.9,3677,10701,78.1,2.910252924,999,3967,25.18275775,1216,69,787703
PLEASANTON ISD,San Antonio,2011,20.6,21.6,118,187,13.9,1.584745763,37,218,16.97247706,930,46.4,203341
PLEASANTON ISD,San Antonio,2012,20.4,24.5,58,89,20.2,1.534482759,31,196,15.81632653,949,31.1,214467
PLEASANTON ISD,San Antonio,2013,20.5,21.6,66,98,27.6,1.484848485,25,218,11.46788991,951,33.9,233095
PLEASANTON ISD,San Antonio,2014,20.1,20.7,91,143,12.6,1.571428571,38,213,17.84037559,930,45.1,332902
PLEASANTON ISD,San Antonio,2015,19.9,18,80,135,17.8,1.6875,39,233,16.73819742,915,36.9,535610
PLEASANTON ISD,San Antonio,2016,19.2,17.7,74,121,24,1.635135135,42,254,16.53543307,913,41.3,665175
PLEASANTON ISD,San Antonio,2017,20,20,81,135,17.8,1.666666667,44,195,22.56410256,967,59,624156
PROSPER ISD,Richardson,2011,22.7,54.4,213,412,55.3,1.9342723,45,200,22.5,1056,64.8,412745
PROSPER ISD,Richardson,2012,23.4,65.3,264,547,63.8,2.071969697,56,265,21.13207547,1054,68.3,382713
PROSPER ISD,Richardson,2013,23.5,61.2,281,584,62.2,2.078291815,56,278,20.14388489,1070,63.7,356936
PROSPER ISD,Richardson,2014,23.2,60.9,292,595,64,2.037671233,92,343,26.82215743,1060,66.8,341003
PROSPER ISD,Richardson,2015,24,63.4,330,740,60.5,2.242424242,98,407,24.07862408,1064,56.8,352736
PROSPER ISD,Richardson,2016,23.3,74.8,335,680,65.4,2.029850746,89,436,20.41284404,1079,46.3,367080
PROSPER ISD,Richardson,2017,23.4,73,418,836,62.3,2,127,512,24.8046875,1145,49.6,389151
RED OAK ISD,Richardson,2011,21.6,33.1,99,209,41.6,2.111111111,71,407,17.44471744,998,58.6,223496
RED OAK ISD,Richardson,2012,20.4,44.7,110,198,46.5,1.8,92,416,22.11538462,964,47.8,219873
RED OAK ISD,Richardson,2013,20.5,37,107,208,51.4,1.943925234,99,465,21.29032258,957,45.8,214929
RED OAK ISD,Richardson,2014,21,41,101,219,56.2,2.168316832,104,451,23.05986696,979,47.9,216626
RED OAK ISD,Richardson,2015,20,40.6,124,243,53.9,1.959677419,92,384,23.95833333,937,49,224709
RED OAK ISD,Richardson,2016,20.3,36,124,260,56.5,2.096774194,78,439,17.76765376,922,48.7,237344
RED OAK ISD,Richardson,2017,19.4,39.5,99,192,68.2,1.939393939,85,428,19.85981308,1020,52.1,259896
RICHARDSON ISD,Richardson,2011,22.2,46.3,1634,3871,55.7,2.369033048,467,2019,23.13026251,1037,73.7,494286
RICHARDSON ISD,Richardson,2012,22.4,43.4,1588,3773,60.9,2.375944584,445,2058,21.62293489,1032,66.8,461633
RICHARDSON ISD,Richardson,2013,22.2,45.5,1607,3824,61.6,2.379589297,457,2025,22.56790123,1046,65.3,450786
RICHARDSON ISD,Richardson,2014,20.2,92.3,1715,4075,61.3,2.376093294,469,2082,22.52641691,1052,58.9,451178
RICHARDSON ISD,Richardson,2015,20.1,95.7,1696,4057,56.6,2.392099057,468,2114,22.13812677,1039,55.6,460677
RICHARDSON ISD,Richardson,2016,19.5,94,1816,4471,55,2.462004405,462,2111,21.88536239,1037,54.6,468071
RICHARDSON ISD,Richardson,2017,20.3,90.7,1823,4659,52.7,2.555677455,465,2124,21.89265537,1118,51.9,499468
ROCKWALL ISD,Richardson,2011,23.2,46.8,781,1691,54,2.165172855,212,882,24.03628118,1057,71.8,428552
ROCKWALL ISD,Richardson,2012,23.3,40.1,733,1567,58.1,2.137789905,237,1010,23.46534653,1063,65.5,419117
ROCKWALL ISD,Richardson,2013,23.4,44.4,700,1521,63.3,2.172857143,244,955,25.54973822,1054,63.7,417638
ROCKWALL ISD,Richardson,2014,22.9,45.8,723,1668,64.8,2.307053942,286,1007,28.40119166,1058,65.2,417692
ROCKWALL ISD,Richardson,2015,23,44,742.5,1814,60.6,2.443097643,281,1065,26.38497653,1052,62.7,424947
ROCKWALL ISD,Richardson,2016,23.6,47.8,814,1707,56.8,2.097051597,252,1051,23.97716461,1054,61.5,444706
ROCKWALL ISD,Richardson,2017,23.5,43.8,810,1974,58.3,2.437037037,271,1102,24.59165154,1138,61.2,466484
ROUND ROCK ISD,Austin,2011,24,43.7,2019,4843,70,2.398712234,772,2627,29.38713361,1092,77.4,490691
ROUND ROCK ISD,Austin,2012,24,41.8,2003,4977,73.3,2.484772841,788,2734,28.82223848,1091,73.7,466287
ROUND ROCK ISD,Austin,2013,23.7,40.1,2014,5054,75.7,2.509433962,802,2921,27.45635056,1095,68.1,465921
ROUND ROCK ISD,Austin,2014,23.9,41.6,2091,5301,77.5,2.535150646,860,3054,28.15979044,1099,68.6,471419
ROUND ROCK ISD,Austin,2015,24.2,47.9,2377,6306,75.3,2.652923854,928,3066,30.26744945,1090,71.4,490234
ROUND ROCK ISD,Austin,2016,24.4,44.5,2580,6811,75.2,2.639922481,896,3247,27.5947028,1013,99.4,540549
ROUND ROCK ISD,Austin,2017,25.2,40.9,2710,7464,75.7,2.754243542,933,3290,28.35866261,1104,96.6,593255
ROYSE CITY ISD,Richardson,2011,20,30.1,143,280,32.9,1.958041958,44,276,15.94202899,965,52.8,242484
ROYSE CITY ISD,Richardson,2012,21,25.1,127,271,28.8,2.133858268,37,267,13.8576779,953,49.4,236626
ROYSE CITY ISD,Richardson,2013,21.4,19.8,98,166,36.7,1.693877551,39,298,13.08724832,940,52.3,229081
ROYSE CITY ISD,Richardson,2014,21.6,24.4,99,173,39.9,1.747474747,55,271,20.29520295,971,58.3,226520
ROYSE CITY ISD,Richardson,2015,20.7,22.2,105,201,36.3,1.914285714,62,306,20.26143791,949,55.9,227406
ROYSE CITY ISD,Richardson,2016,21.3,22.6,111,222,40.1,2,67,345,19.42028986,975,42.6,228599
ROYSE CITY ISD,Richardson,2017,22.4,18.1,102,206,37.4,2.019607843,66,343,19.24198251,1066,46.6,246203
SAN ANTONIO ISD,San Antonio,2011,16.7,27.1,1501,2816,6.8,1.876082612,254,2777,9.146561037,828,57.3,245848
SAN ANTONIO ISD,San Antonio,2012,17,39,1478,2726,10.2,1.844384303,338,2696,12.53709199,824,57.4,237062
SAN ANTONIO ISD,San Antonio,2013,16.7,38.7,1331,2483,10.4,1.865514651,345,2693,12.81099146,819,58.3,237214
SAN ANTONIO ISD,San Antonio,2014,16.7,41.8,1371,2295,9.7,1.673960613,373,2519,14.80746328,809,60.9,244098
SAN ANTONIO ISD,San Antonio,2015,16.3,40.8,1372.5,3189,11.7,2.323497268,332,2613,12.70570226,803,63.1,250468
SAN ANTONIO ISD,San Antonio,2016,16.9,38.8,1575,3622,8.7,2.29968254,395,2534,15.58800316,812,64.5,262291
SAN ANTONIO ISD,San Antonio,2017,18.1,21.4,1642.5,3987,7.9,2.42739726,445,2672,16.65419162,857,100,309244
SANTA FE ISD,Houston,2011,20.3,8.6,84,125,22.4,1.488095238,35,317,11.04100946,968,39,217418
SANTA FE ISD,Houston,2012,20,6.9,79,106,36.8,1.341772152,39,331,11.78247734,961,40.8,232757
SANTA FE ISD,Houston,2013,21.7,9.9,38,59,45.8,1.552631579,42,304,13.81578947,998,37.5,234103
SANTA FE ISD,Houston,2014,21,9.8,36,57,38.6,1.583333333,42,287,14.63414634,950,32.1,239933
SANTA FE ISD,Houston,2015,21.6,12.1,66,111,29.7,1.681818182,51,322,15.83850932,955,35.7,243265
SANTA FE ISD,Houston,2016,20.9,9.3,82,117,30.8,1.426829268,54,312,17.30769231,950,45.8,237235
SANTA FE ISD,Houston,2017,20.2,7.6,95,200,24,2.105263158,42,327,12.8440367,1030,39.8,262302
SCHERTZ-CIBOLO-U CITY ISD,Austin,2011,22.8,20.1,483,953,40,1.973084886,203,882,23.01587302,989,72,279591
SCHERTZ-CIBOLO-U CITY ISD,San Antonio,2012,22,23.7,578,1154,38.2,1.996539792,244,1012,24.11067194,999,65.2,276266
SCHERTZ-CIBOLO-U CITY ISD,San Antonio,2013,22.2,20.2,631,1465,40.9,2.321711569,213,1020,20.88235294,1015,57.3,273136
SCHERTZ-CIBOLO-U CITY ISD,San Antonio,2014,21.8,21.5,677,1365,39.6,2.016248154,229,1015,22.56157635,999,64.1,281571
SCHERTZ-CIBOLO-U CITY ISD,San Antonio,2015,22.2,22.5,562.5,1326,36.5,2.357333333,261,1129,23.11780337,1009,62.6,280992
SCHERTZ-CIBOLO-U CITY ISD,San Antonio,2016,21.7,24.6,585,1269,41,2.169230769,271,1114,24.32675045,994,64,289602
SCHERTZ-CIBOLO-U CITY ISD,San Antonio,2017,22.5,21.3,652.5,1370,45.2,2.099616858,295,1247,23.65677626,1023,91.7,313889
SEGUIN ISD,Austin,2011,19.3,23.6,139,181,21,1.302158273,86,486,17.69547325,949,53.8,359068
SEGUIN ISD,Austin,2012,20.2,23,176,218,18.8,1.238636364,73,473,15.43340381,933,48,371170
SEGUIN ISD,Austin,2013,19.5,19.5,228,375,15.2,1.644736842,82,472,17.37288136,913,51.9,395782
SEGUIN ISD,Austin,2014,20.1,18.2,186,313,26.2,1.682795699,67,413,16.22276029,940,47.2,401752
SEGUIN ISD,Austin,2015,19.3,20.4,152,267,20.2,1.756578947,61,441,13.83219955,934,36.5,398107
SEGUIN ISD,Austin,2016,19.2,19.3,159,299,21.1,1.880503145,72,446,16.14349776,936,45.3,410739
SEGUIN ISD,Austin,2017,19.4,23.2,147,272,26.5,1.850340136,63,462,13.63636364,994,39,435573
SHELDON ISD,Houston,2011,17.4,16.3,82,145,22.1,1.768292683,53,353,15.01416431,844,53.5,720051
SHELDON ISD,Houston,2012,17.6,30,84,120,14.2,1.428571429,55,343,16.03498542,841,52.5,616900
SHELDON ISD,Houston,2013,17.2,28.3,72,118,11,1.638888889,44,378,11.64021164,821,55,582031
SHELDON ISD,Houston,2014,18.1,30.3,81,138,19.6,1.703703704,57,383,14.88250653,849,57.2,610754
SHELDON ISD,Houston,2015,17.4,19.8,160,288,8.7,1.8,63,430,14.65116279,831,57.4,653775
SHELDON ISD,Houston,2016,18.5,18,117,222,18.9,1.897435897,63,445,14.15730337,841,54.6,639057
SHELDON ISD,Houston,2017,18.1,11.7,139,227,12.3,1.633093525,59,480,12.29166667,866,90.8,671870
SHERMAN ISD,Richardson,2011,20.8,29.8,159,347,47.6,2.182389937,45,376,11.96808511,1045,35.4,361049
SHERMAN ISD,Richardson,2012,21.6,26,167,363,51.8,2.173652695,35,385,9.090909091,1075,26.2,354452
SHERMAN ISD,Richardson,2013,20.6,32.4,156,368,58.2,2.358974359,49,340,14.41176471,1039,33.8,355057
SHERMAN ISD,Richardson,2014,21.3,28.1,171,444,61.5,2.596491228,44,377,11.67108753,1042,35.3,353566
SHERMAN ISD,Richardson,2015,20.5,33.3,219,575,44.3,2.625570776,43,402,10.69651741,1044,33.8,353316
SHERMAN ISD,Richardson,2016,22,31.6,237,592,58.1,2.497890295,43,396,10.85858586,1054,32.1,383595
SHERMAN ISD,Richardson,2017,21.4,37.5,219,600,53.3,2.739726027,53,403,13.15136476,1105,33.3,408276
SOUTH SAN ANTONIO ISD,San Antonio,2011,17.9,20.9,74,119,25.2,1.608108108,49,422,11.61137441,860,53.7,137309
SOUTH SAN ANTONIO ISD,San Antonio,2012,17.7,12.9,71,113,15.9,1.591549296,55,448,12.27678571,848,53.8,132601
SOUTH SAN ANTONIO ISD,San Antonio,2013,17.2,21.3,68,99,8.1,1.455882353,44,431,10.20881671,849,58.2,133804
SOUTH SAN ANTONIO ISD,San Antonio,2014,17.9,16.8,143,230,16.5,1.608391608,48,500,9.6,854,38.8,141665
SOUTH SAN ANTONIO ISD,San Antonio,2015,18.2,23.3,158,276,22.1,1.746835443,51,514,9.922178988,847,46.9,142508
SOUTH SAN ANTONIO ISD,San Antonio,2016,17.9,15.4,132,265,21.9,2.007575758,78,493,15.82150101,764,87.4,147447
SOUTH SAN ANTONIO ISD,San Antonio,2017,18.8,13.1,166,273,13.9,1.644578313,55,533,10.31894934,858,82.6,168538
SOUTHSIDE ISD,San Antonio,2011,19.1,29.3,131,187,19.3,1.427480916,27,298,9.060402685,820,69.2,98207
SOUTHSIDE ISD,San Antonio,2012,18,28.1,111,193,25.4,1.738738739,33,295,11.18644068,862,50.5,99783
SOUTHSIDE ISD,San Antonio,2013,19.3,17.1,132,192,29.2,1.454545455,31,287,10.80139373,886,53.7,103674
SOUTHSIDE ISD,San Antonio,2014,19,22.8,90,144,27.8,1.6,42,268,15.67164179,836,94.4,119556
SOUTHSIDE ISD,San Antonio,2015,17.9,11.3,120,152,28.3,1.266666667,41,274,14.96350365,783,96,159869
SOUTHSIDE ISD,San Antonio,2016,18,17.2,125,164,14.6,1.312,47,344,13.6627907,768,100,217848
SOUTHSIDE ISD,San Antonio,2017,17.9,5.5,75,145,12.4,1.933333333,45,325,13.84615385,857,99.7,277041
SOUTHWEST ISD,San Antonio,2011,17.1,5.4,95,100,12,1.052631579,50,627,7.974481659,844,42.8,140399
SOUTHWEST ISD,San Antonio,2012,18.3,11,83,83,12,1,45,655,6.870229008,902,31,128207
SOUTHWEST ISD,San Antonio,2013,18,14.7,112,157,26.8,1.401785714,45,719,6.258692629,866,36.6,122476
SOUTHWEST ISD,San Antonio,2014,17.8,8,233,348,20.4,1.493562232,54,701,7.703281027,763,94.7,123555
SOUTHWEST ISD,San Antonio,2015,18.3,5.8,278,451,18,1.622302158,71,812,8.743842365,766,100,138509
SOUTHWEST ISD,San Antonio,2016,18.5,5.8,253,477,15.7,1.885375494,78,830,9.397590361,747,98.3,157338
SOUTHWEST ISD,San Antonio,2017,17.5,32.2,313,534,17.8,1.706070288,87,855,10.1754386,837,87,229647
SPRING BRANCH ISD,Houston,2011,23.6,49.4,1275,3315,65.6,2.6,435,1867,23.29941082,1041,78.7,638169
SPRING BRANCH ISD,Houston,2012,23.7,48.3,1444,3718,64,2.574792244,447,1835,24.35967302,1051,73.5,611345
SPRING BRANCH ISD,Houston,2013,23.4,46.7,1559,4145,58.7,2.658755613,479,2011,23.81899552,1028,73.1,610700
SPRING BRANCH ISD,Houston,2014,23.8,48,1538,4098,57.9,2.66449935,442,2048,21.58203125,1037,71.8,631879
SPRING BRANCH ISD,Houston,2015,23,52.5,1694,3712.5,56.9,2.191558442,433,1998,21.67167167,1002,77.9,684766
SPRING BRANCH ISD,Houston,2016,23.2,51.8,1785,4752,53.2,2.662184874,512,2143,23.89174055,943,99.2,755873
SPRING BRANCH ISD,Houston,2017,23.9,43.1,1812,4723,54.6,2.606512141,478,2199,21.73715325,1038,95.6,888938
SPRING ISD,Houston,2011,17.8,25.5,613,1232,23.8,2.009787928,412,1891,21.78741407,888,60.5,229818
SPRING ISD,Houston,2012,17.7,27.6,590,1160,25.7,1.966101695,404,1943,20.79258878,866,58.6,214581
SPRING ISD,Houston,2013,17.4,24.7,583,1084,26.5,1.859348199,389,2019,19.26696384,869,54.7,213853
SPRING ISD,Houston,2014,18.2,18.9,671,1318,18.5,1.964232489,366,1977,18.51289833,790,96.6,211387
SPRING ISD,Houston,2015,18,15.8,726,1249,13.4,1.720385675,432,2058,20.99125364,785,95.5,221489
SPRING ISD,Houston,2016,18,16.4,785,1378,13.1,1.755414013,418,2016,20.73412698,775,95.5,261311
SPRING ISD,Houston,2017,18.7,11.9,971,1771,10.2,1.823892894,374,2058,18.17298348,883,90.2,317172
TEXAS CITY ISD,Houston,2011,20.8,8.7,60,85,22.4,1.416666667,48,385,12.46753247,925,40.5,767048
TEXAS CITY ISD,Houston,2012,17.8,8.6,33,59,25.4,1.787878788,51,350,14.57142857,918,44.3,689634
TEXAS CITY ISD,Houston,2013,18.4,15.7,57,73,28.8,1.280701754,36,364,9.89010989,909,38.5,675672
TEXAS CITY ISD,Houston,2014,19.1,11.3,83,101,18.8,1.21686747,52,364,14.28571429,905,48.1,732008
TEXAS CITY ISD,Houston,2015,17.7,9.8,159,268,13.8,1.685534591,68,427,15.92505855,895,42.6,654615
TEXAS CITY ISD,Houston,2016,18.1,13.8,129,218,21.1,1.689922481,57,428,13.31775701,877,40.9,680015
TEXAS CITY ISD,Houston,2017,18.1,13.1,188,416,13,2.212765957,73,588,12.41496599,948,39.1,682310
TOMBALL ISD,Houston,2011,22.1,30.8,372,736,61.4,1.978494624,166,700,23.71428571,1028,65.9,491002
TOMBALL ISD,Houston,2012,22.7,28,376,704,58.1,1.872340426,149,701,21.2553495,1031,61.1,485434
TOMBALL ISD,Houston,2013,23,23.2,425,906,57.3,2.131764706,165,694,23.77521614,1038,58.8,491841
TOMBALL ISD,Houston,2014,23,30.2,510,1170,55.5,2.294117647,201,752,26.7287234,1043,66,507914
TOMBALL ISD,Houston,2015,22.3,35.7,514,1147,64.7,2.23151751,180,801,22.47191011,1035,58.7,525374
TOMBALL ISD,Houston,2016,23.3,36.1,587,1288,69.7,2.194207836,178,800,22.25,1056,62.3,558608
TOMBALL ISD,Houston,2017,23.5,33.8,641,1498,68,2.336973479,243,903,26.910299,1122,66,628659
WALLER ISD,Houston,2011,19.4,49.5,140,276,17.4,1.971428571,57,340,16.76470588,996,25.1,305105
WALLER ISD,Houston,2012,19.1,46.2,102,231,25.1,2.264705882,56,368,15.2173913,965,32.6,333304
WALLER ISD,Houston,2013,20.3,42.7,76,132,37.1,1.736842105,52,349,14.89971347,970,31.2,324502
WALLER ISD,Houston,2014,19.6,47,70,123,31.7,1.757142857,53,351,15.0997151,933,36.5,299353
WALLER ISD,Houston,2015,19.2,56,101,143,30.8,1.415841584,67,334,20.05988024,929,32.6,319519
WALLER ISD,Houston,2016,18,69.5,118,175,29.7,1.483050847,80,384,20.83333333,930,41.4,303535
WALLER ISD,Houston,2017,17.9,76.3,148,258,35.3,1.743243243,76,422,18.00947867,1014,34.4,334082
WAXAHACHIE ISD,Richardson,2011,21.3,29.1,116,191,48.7,1.646551724,81,499,16.23246493,978,49.4,396353
WAXAHACHIE ISD,Richardson,2012,20.6,30.2,99,175,40,1.767676768,95,517,18.37524178,986,45.1,385162
WAXAHACHIE ISD,Richardson,2013,21,27.3,161,278,30.6,1.726708075,104,505,20.59405941,977,48.9,378685
WAXAHACHIE ISD,Richardson,2014,21.3,24.4,173,336,31.8,1.942196532,112,557,20.10771993,1003,49.6,372530
WAXAHACHIE ISD,Richardson,2015,22.6,26.2,124,250,40.4,2.016129032,98,545,17.98165138,1000,45.7,368652
WAXAHACHIE ISD,Richardson,2016,21.4,28.6,106,234,51.3,2.20754717,106,538,19.70260223,985,53.2,369706
WAXAHACHIE ISD,Richardson,2017,22,30.2,104,195,41,1.875,134,586,22.8668942,1067,53.6,384990
WEATHERFORD ISD,Fort Worth,2011,21.8,21.9,297,560,50.5,1.885521886,86,494,17.40890688,1045,52.2,469325
WEATHERFORD ISD,Fort Worth,2012,22,23.8,217,441,49.4,2.032258065,85,508,16.73228346,1012,47.2,470315
WEATHERFORD ISD,Fort Worth,2013,22.2,26.6,167,335,59.7,2.005988024,84,507,16.56804734,1020,45,462058
WEATHERFORD ISD,Fort Worth,2014,20.9,29,194,399,61.9,2.056701031,77,493,15.61866126,988,46.7,460732
WEATHERFORD ISD,Fort Worth,2015,21.3,22.7,170,403,56.1,2.370588235,77,520,14.80769231,1000,46,469749
WEATHERFORD ISD,Fort Worth,2016,20.9,22.6,256,555,47.7,2.16796875,84,514,16.34241245,966,47.1,467703
WEATHERFORD ISD,Fort Worth,2017,21.3,31.5,184,388,54.4,2.108695652,89,590,15.08474576,1050,41.4,495369
WHITE SETTLEMENT ISD,Fort Worth,2011,19.5,21.7,75,128,39.1,1.706666667,34,383,8.877284595,967,39.7,267932
WHITE SETTLEMENT ISD,Fort Worth,2012,19.8,21.3,120,206,28.6,1.716666667,46,446,10.31390135,929,45.7,246907
WHITE SETTLEMENT ISD,Fort Worth,2013,20.3,25.9,144,257,32.3,1.784722222,59,402,14.67661692,936,43.3,252344
WHITE SETTLEMENT ISD,Fort Worth,2014,20.3,32,136,262,42,1.926470588,65,412,15.77669903,939,49,275583
WHITE SETTLEMENT ISD,Fort Worth,2015,20.1,29,155,305,31.1,1.967741935,62,397,15.61712846,925,49.4,245106
WHITE SETTLEMENT ISD,Fort Worth,2016,20,31.2,188,368,23.4,1.957446809,65,420,15.47619048,936,53.8,254187
WHITE SETTLEMENT ISD,Fort Worth,2017,20,31.6,100,192,42.2,1.92,74,418,17.70334928,1001,55,251597
WIMBERLEY ISD,Austin,2011,23.3,51,89,173,57.8,1.943820225,52,155,33.5483871,1083,87.4,727482
WIMBERLEY ISD,Austin,2012,22.3,50.8,85,130,52.3,1.529411765,54,179,30.16759777,1045,74.9,730476
WIMBERLEY ISD,Austin,2013,23.4,44.3,78,113,69.9,1.448717949,52,149,34.89932886,1088,67.8,735402
WIMBERLEY ISD,Austin,2014,23.8,42.6,107,175,68,1.635514019,47,162,29.01234568,1102,69.8,738706
WIMBERLEY ISD,Austin,2015,23.5,60,100,167,71.9,1.67,51,170,30,1088,68.8,748028
WIMBERLEY ISD,Austin,2016,23.5,52.5,82,136,74.3,1.658536585,38,141,26.95035461,1082,53.2,727220
WIMBERLEY ISD,Austin,2017,22.7,52,105,190,75.8,1.80952381,47,152,30.92105263,1119,72.4,772555
WYLIE ISD,Richardson,2011,23.1,28.1,278,527,55.8,1.895683453,121,721,16.78224688,1001,56.3,260926
WYLIE ISD,Richardson,2012,22.2,38.2,312,619,58,1.983974359,119,707,16.83168317,1004,60.3,255453
WYLIE ISD,Richardson,2013,22.3,31.8,336,656,58.5,1.952380952,152,802,18.95261845,1026,48.1,252732
WYLIE ISD,Richardson,2014,21.8,37.9,405,779,51.5,1.92345679,139,794,17.50629723,1001,51.4,249380
WYLIE ISD,Richardson,2015,21.9,41.8,422,824,54,1.952606635,154,858,17.94871795,1001,52.2,260321
WYLIE ISD,Richardson,2016,22,45.5,500,1035,55.6,2.07,199,949,20.96944152,1000,53.1,264703
WYLIE ISD,Richardson,2017,22.1,40.4,655,1439,55.8,2.196946565,187,993,18.83182276,1103,57.4,292170
